compound_id,smiles,pred_pIC50_mean,pred_pIC50_svr_morgan2,pred_pIC50_rf_morgan3,model_spread,max_sim_train,in_domain,ecfp4,daylight,dist
s_2230__14934458__16949512,CC1=C(C(=O)N2CCCCC2=N1)CCN3CCN(CC3)C4=C(C(=CC=C4)Cl)Cl,7.952886555424339,7.729490504134879,8.1762826067138,0.44679210257892077,0.6984126984126984,True,0.6417910447761194,0.7522522522522522,4
s_2230__665554__16949512,COC1=CC=CC=C1N2CCN(CC2)CCC3=C(N=C4CCCCN4C3=O)C,7.894334949234009,7.778950652865714,8.009719245602305,0.23076859273659078,0.671875,True,0.6268656716417911,0.7636363636363637,4
s_2230__9292524__16949512,CC1=C(C(=O)N2CCCCC2=N1)CCN3CCN(CC3)C4=C(C(=CC=C4)F)F,7.838348379995576,7.767474949661301,7.909221810329851,0.14174686066855013,0.6984126984126984,True,0.6417910447761194,0.7706422018348624,4
s_2230__2833942__16949512,CC1=C(C(=O)N2CCCCC2=N1)CCN3CCN(CC3)C4=CC=CC=C4OC(F)F,7.82888010924252,7.619929064163118,8.037831154321921,0.41790209015880286,0.6323529411764706,True,0.5915492957746479,0.7379912663755459,5
s_2230__17793196__16949512,CC1=C(C(=O)N2CCCCC2=N1)CCN3CCN(CC3)C4=CC=CC5=C4C=NN5,7.8170597801719035,7.81231304308901,7.821806517254797,0.009493474165786608,0.7076923076923077,True,0.6764705882352942,0.7347826086956522,2
s_2230__27708612__16949512,CC1=C(C(=O)N2CCCCC2=N1)CCN3CCN(CC3)C4=CC=CC(=C4C)Br,7.783169977727517,7.595479354603889,7.970860600851145,0.37538124624725633,0.6984126984126984,True,0.6323529411764706,0.75,4
s_2230__679276__16949512,CC1=CC=CC(=C1C)N2CCN(CC2)CCC3=C(N=C4CCCCN4C3=O)C,7.75842130045436,7.559536933513869,7.957305667394851,0.3977687338809819,0.7213114754098361,True,0.6515151515151515,0.786046511627907,4
s_2230__13166788__16949512,CC1=C(C(=O)N2CCCCC2=N1)CCN3CCN(CC3)C4=CC=CC5=C4NC(=O)N5,7.754997270736318,7.703057933984349,7.8069366074882875,0.10387867350393876,0.6567164179104478,True,0.6142857142857143,0.7016806722689075,3
s_2230__665178__16949512,CC1=C(C(=O)N2CCCCC2=N1)CCN3CCN(CC3)C4=C(C(=CC=C4)F)C#N,7.738847752216495,7.618438209924228,7.8592572945087635,0.24081908458453594,0.6470588235294118,True,0.5972222222222222,0.7253218884120172,4
s_2230__665560__16949512,CCOC1=CC=CC=C1N2CCN(CC2)CCC3=C(N=C4CCCCN4C3=O)C,7.718794749899286,7.500114495291109,7.937475004507462,0.4373605092163526,0.6515151515151515,True,0.6086956521739131,0.7555555555555555,4
s_2230__2561242__16949512,CC1=C(C(=O)N2CCCCC2=N1)CCN3CCN(CC3)C4=CC=CC=C4C#N,7.706324481651004,7.476577695156143,7.936071268145866,0.4594935729897225,0.671875,True,0.6176470588235294,0.7601809954751131,4
s_2230__12304850__16949512,CC1=C(C(=O)N2CCCCC2=N1)CCN3CCN(CC3)C4=CC=CC5=C4C=CN5,7.6742785586792905,7.784896135224329,7.563660982134252,0.22123515309007757,0.7076923076923077,True,0.7014925373134329,0.7339055793991416,1
s_2230__14793138__23291970,C1=CC2=C(C=CS2)C(=C1)N3CCN(CC3)CCC4=CC=C5OCCCC5=C4,7.664549312172251,7.504251432513325,7.824847191831177,0.3205957593178521,0.6307692307692307,True,0.4078947368421052,0.3432835820895522,5
s_2230__28471962__16949512,CC1=C(C(=O)N2CCCCC2=N1)CCN3CCN(CC3)C4=CC=CC5=C4OC=C5,7.635511856492439,7.495193598171064,7.775830114813813,0.28063651664274847,0.676923076923077,True,0.6521739130434783,0.7359307359307359,2
s_2230__14793138__9780156,CC1=C(C(=O)N2C=CC=CC2=N1)CCN3CCN(CC3)C4=CC=CC5=C4C=CS5,7.627830361544846,7.6762219403811365,7.579438782708555,0.09678315767258105,0.734375,True,0.6714285714285714,0.7075098814229249,4
s_2230__22406592__680282,COC1=CC=CC(=C1F)N2CCN(CC2)CCN3C(=O)C4=CC=CC=C4C3=O,7.6209835824662875,7.477006095716796,7.764961069215779,0.2879549734989837,0.45161290322580644,True,0.2564102564102564,0.2134831460674157,12
s_2230__22406592__9780156,COC1=CC=CC(=C1F)N2CCN(CC2)CCC3=C(N=C4C=CC=CN4C3=O)C,7.61630824338401,7.566579829250526,7.666036657517493,0.099456828266967,0.5,True,0.4047619047619047,0.5195729537366548,8
s_2230__16516994__16949512,CC1=C(C(=O)N2CCCCC2=N1)CCN3CCN(CC3)C4=CC=CN=C4C#N,7.592684321648452,7.3647601280808095,7.820608515216095,0.4558483871352852,0.6323529411764706,True,0.5833333333333334,0.6431372549019608,5
s_270192__17652156__7722318,COC1=CC=CC=C1N2CCN(CC2)CCN3C(=O)NC4=CC=CC=C4C3=O,7.578831640371492,7.409662298352955,7.74800098239003,0.33833868403707523,0.4666666666666667,True,0.2289156626506024,0.2160278745644599,12
s_2230__7963106__16949512,CC1=C(C(=O)N2CCCCC2=N1)CCN3CCN(CC3)C4=CC=NC5=CC(=CC=C45)Cl,7.553640450538175,7.349044957474034,7.758235943602317,0.40919098612828275,0.6056338028169014,True,0.5394736842105263,0.7166666666666667,4
s_2230__665554__9780156,COC1=CC=CC=C1N2CCN(CC2)CCC3=C(N=C4C=CC=CN4C3=O)C,7.539792829363577,7.46218379521158,7.617401863515575,0.15521806830399498,0.5131578947368421,True,0.4125,0.5481481481481482,8
s_2230__10117250__16949512,CC1=C(C(=O)N2CCCCC2=N1)CCN3CCN(CC3)C4=CC=NC5=CC=CC=C45,7.53222610358908,7.269124635345764,7.795327571832395,0.526202936486631,0.6666666666666666,True,0.5774647887323944,0.7533039647577092,3
s_2230__22406464__9780156,CC1=C(C(=O)N2C=CC=CC2=N1)CCN3CCN(CC3)C4=C5C=C(SC5=CC=C4)Br,7.53120679205624,7.531251089473365,7.5311624946391165,8.859483424838999e-05,0.5405405405405406,True,0.4814814814814814,0.667910447761194,5
s_2230__22406464__680282,O=C1C2=CC=CC=C2C(=O)N1CCN3CCN(CC3)C4=C5C=C(SC5=CC=C4)Br,7.525478183201053,7.453417848236787,7.597538518165319,0.14412066992853134,0.43283582089552236,True,0.3333333333333333,0.3647058823529411,9
s_2230__13968354__16949512,CC1=C(C(=O)N2CCCCC2=N1)CCN3CCN(CC3)C4=CC=CC5=C4N=CN5,7.504611906458875,7.492270673663908,7.5169531392538405,0.024682465589932256,0.6470588235294118,True,0.6285714285714286,0.6842105263157895,2
s_2230__14793138__680282,O=C1C2=CC=CC=C2C(=O)N1CCN3CCN(CC3)C4=CC=CC5=C4C=CS5,7.500278397578414,7.426957469456576,7.573599325700253,0.14664185624367754,0.55,True,0.515625,0.3765690376569037,8
s_270192__17652156__7722298,COC1=CC=CC=C1N2CCN(CC2)CCN3C(=O)NC4=CC=CN=C4C3=O,7.494923465326284,7.264604207157276,7.725242723495293,0.4606385163380171,0.4626865671641791,True,0.2159090909090909,0.2102102102102102,12
s_2230__2833942__9780156,CC1=C(C(=O)N2C=CC=CC2=N1)CCN3CCN(CC3)C4=CC=CC=C4OC(F)F,7.486069331233679,7.311999239136586,7.660139423330772,0.348140184194186,0.4875,True,0.3928571428571428,0.5376344086021505,9
s_2230__9292524__9780156,CC1=C(C(=O)N2C=CC=CC2=N1)CCN3CCN(CC3)C4=C(C(=CC=C4)F)F,7.448334646038577,7.360052430123218,7.536616861953936,0.1765644318307178,0.5,True,0.425,0.5464684014869888,8
s_2230__22406464__10122656,CC1=C(C(=O)N2C=CSC2=N1)CCN3CCN(CC3)C4=C5C=C(SC5=CC=C4)Br,7.446236136883568,7.3857653296662455,7.506706944100891,0.12094161443464557,0.5540540540540541,True,0.5063291139240507,0.5616438356164384,5
s_2230__17793196__9780156,CC1=C(C(=O)N2C=CC=CC2=N1)CCN3CCN(CC3)C4=CC=CC5=C4C=NN5,7.441791544680945,7.4150621202743014,7.468520969087589,0.05345884881328722,0.5135135135135135,True,0.4444444444444444,0.5321428571428571,6
s_2230__17793700__9780156,CC1=C(C(=O)N2C=CC=CC2=N1)CCN3CCN(CC3)C4=CC=CC=C4OC(C)C,7.439641043122373,7.296827170492314,7.5824549157524315,0.28562774526011747,0.5,True,0.3975903614457831,0.5490909090909091,9
s_2230__17793196__10902816,O=C1NC2=CC=CC=C2SC1CCN3CCN(CC3)C4=CC=CC5=C4C=NN5,7.42822618167267,7.359124617401768,7.497327745943572,0.13820312854180372,0.4520547945205479,True,0.3095238095238095,0.2708333333333333,12
s_2230__10433838__16949512,CC1=C(C(=O)N2CCCCC2=N1)CCN3CCN(CC3)C4=CN=CC=C4C#N,7.423179720792992,7.14405433079227,7.702305110793714,0.558250780001444,0.5857142857142857,True,0.5405405405405406,0.6639676113360324,5
s_2230__17793196__23291970,C1=CC2=C(C=NN2)C(=C1)N3CCN(CC3)CCC4=CC=C5OCCCC5=C4,7.4145528682911115,7.257225308370002,7.571880428212221,0.31465511984221983,0.44,True,0.2413793103448276,0.206081081081081,7
s_2230__13446300__9780156,CC1=C(C(=O)N2C=CC=CC2=N1)CCN3CCN(CC3)C4=CC=CC(=C4C)Cl,7.407825792961713,7.21912761621506,7.5965239697083655,0.3773963534933058,0.5,True,0.419753086419753,0.5421245421245421,8
s_2230__17793196__680282,O=C1C2=CC=CC=C2C(=O)N1CCN3CCN(CC3)C4=CC=CC5=C4C=NN5,7.402958990980714,7.291575059953599,7.514342922007828,0.22276786205422905,0.36363636363636365,False,0.3066666666666666,0.2330827067669172,10
s_270004__14793148__24720676,NC1=C(C(=O)C2=CC(=CC=C2O1)F)CN3CCN(CC3)C4=CC=CC5=C4C=CS5,7.375408080110306,7.241921170671575,7.508894989549036,0.2669738188774611,0.4594594594594595,True,0.3928571428571428,0.369281045751634,9
s_2230__665178__9780156,CC1=C(C(=O)N2C=CC=CC2=N1)CCN3CCN(CC3)C4=C(C(=CC=C4)F)C#N,7.370261376505617,7.25040615163075,7.490116601380485,0.23971044974973577,0.4868421052631579,True,0.4,0.5229681978798587,8
s_2230__26079272__9780156,CC1=C(C(=O)N2C=CC=CC2=N1)CCN3CCN(CC3)C4=CC=CC5=CN=CC=C45,7.3676872476243975,7.267646858628001,7.467727636620793,0.20008077799279267,0.5135135135135135,True,0.4047619047619047,0.5454545454545454,6
s_2230__17793196__10122656,CC1=C(C(=O)N2C=CSC2=N1)CCN3CCN(CC3)C4=CC=CC5=C4C=NN5,7.364597472059341,7.317718112439743,7.411476831678938,0.09375871923919465,0.5405405405405406,True,0.4810126582278481,0.4337748344370861,6
s_2230__665560__9780156,CCOC1=CC=CC=C1N2CCN(CC2)CCC3=C(N=C4C=CC=CN4C3=O)C,7.362925576413822,7.187573654546715,7.53827749828093,0.35070384373421515,0.5194805194805194,True,0.4024390243902439,0.5490909090909091,8
s_2230__27708612__9780156,CC1=C(C(=O)N2C=CC=CC2=N1)CCN3CCN(CC3)C4=CC=CC(=C4C)Br,7.360953576692259,7.191458699145315,7.5304484542392025,0.3389897550938876,0.5,True,0.419753086419753,0.5364963503649635,8
s_2230__13166788__680282,O=C1NC2=C(N1)C(=CC=C2)N3CCN(CC3)CCN4C(=O)C5=CC=CC=C5C4=O,7.348642514449587,7.252875783125434,7.444409245773739,0.19153346264830517,0.4,True,0.2467532467532467,0.2250922509225092,11
s_2230__13166788__9780156,CC1=C(C(=O)N2C=CC=CC2=N1)CCN3CCN(CC3)C4=CC=CC5=C4NC(=O)N5,7.347419324451511,7.342051542848877,7.352787106054145,0.010735563205268583,0.47368421052631576,True,0.4096385542168674,0.513986013986014,7
s_2230__12304850__10902816,O=C1NC2=CC=CC=C2SC1CCN3CCN(CC3)C4=CC=CC5=C4C=CN5,7.3415375049708125,7.349117446147533,7.333957563794091,0.015159882353441567,0.4583333333333333,True,0.3132530120481928,0.2593856655290102,11
s_2230__665178__680282,N#CC1=C(C=CC=C1F)N2CCN(CC2)CCN3C(=O)C4=CC=CC=C4C3=O,7.338438301380684,7.137705316214664,7.539171286546705,0.40146597033204134,0.3125,False,0.240506329113924,0.2159090909090909,12
s_2230__2561242__9780156,CC1=C(C(=O)N2C=CC=CC2=N1)CCN3CCN(CC3)C4=CC=CC=C4C#N,7.33446051469299,7.12959362655878,7.539327402827201,0.4097337762684212,0.5070422535211268,True,0.4074074074074074,0.5404411764705882,8
s_2230__665560__680282,CCOC1=CC=CC=C1N2CCN(CC2)CCN3C(=O)C4=CC=CC=C4C3=O,7.3321697448221315,7.006782570199051,7.657556919445212,0.6507743492461611,0.41379310344827586,True,0.2533333333333333,0.2290076335877862,12
s_2230__17793196__4915570,C1=CC2=CC=C(C=C2C=C1)CCN3CCN(CC3)C4=CC=CC5=C4C=NN5,7.328513955884135,7.159893813643099,7.49713409812517,0.3372402844820712,0.5081967213114754,True,0.2469135802469135,0.212,10
s_2230__679276__9780156,CC1=CC=CC(=C1C)N2CCN(CC2)CCC3=C(N=C4C=CC=CN4C3=O)C,7.319685195244532,7.136027857196504,7.50334253329256,0.36731467609605595,0.5142857142857142,True,0.430379746835443,0.556390977443609,8
s_2230__14793138__8635612,C1=CC2=C(C=CS2)C(=C1)N3CCN(CC3)CCC4=CC=C5OCCOC5=C4,7.311578416088925,7.420391966252976,7.202764865924874,0.21762710032810162,0.6949152542372882,True,0.410958904109589,0.3449612403100775,6
s_2230__12304850__9780156,CC1=C(C(=O)N2C=CC=CC2=N1)CCN3CCN(CC3)C4=CC=CC5=C4C=CN5,7.308333442519491,7.384491180263346,7.232175704775634,0.15231547548771207,0.5135135135135135,True,0.4625,0.5335689045936396,5
s_2230__12304850__23291970,C1=CC2=C(C=CN2)C(=C1)N3CCN(CC3)CCC4=CC=C5OCCCC5=C4,7.299882442410102,7.234063987443752,7.365700897376452,0.13163690993270016,0.43478260869565216,True,0.2441860465116279,0.2114093959731543,6
s_2230__16464374__9780156,CC1=C(C(=O)N2C=CC=CC2=N1)CCN3CCN(CC3)C4=CC=CC(=C4O)Cl,7.297641136054588,7.173332381806116,7.421949890303059,0.24861750849694353,0.5277777777777778,True,0.4146341463414634,0.5345454545454545,8
s_2230__12304850__680282,O=C1C2=CC=CC=C2C(=O)N1CCN3CCN(CC3)C4=CC=CC5=C4C=CN5,7.291394750722946,7.280531344903719,7.302258156542174,0.021726811638455246,0.36923076923076925,False,0.3108108108108108,0.2304832713754646,9
s_2230__22406592__7471562,COC1=CC=CC(=C1F)N2CCN(CC2)CCN3C=NC4=CC=CC=C4C3=O,7.285548145933012,7.244406807729853,7.326689484136171,0.08228267640631781,0.4,True,0.25,0.2222222222222222,11
s_270004__17793206__24720676,NC1=C(C(=O)C2=CC(=CC=C2O1)F)CN3CCN(CC3)C4=CC=CC5=C4C=NN5,7.267917129968659,7.085516628970928,7.4503176309663885,0.3648010019954606,0.3287671232876712,False,0.2421052631578947,0.2552552552552553,11
s_2230__22406464__7471562,O=C1C2=CC=CC=C2N=CN1CCN3CCN(CC3)C4=C5C=C(SC5=CC=C4)Br,7.263114140750391,7.2174072446341935,7.308821036866587,0.09141379223239365,0.410958904109589,True,0.3058823529411765,0.3633093525179856,8
s_2230__12304850__10122656,CC1=C(C(=O)N2C=CSC2=N1)CCN3CCN(CC3)C4=CC=CC5=C4C=CN5,7.263054435446361,7.285929504669099,7.240179366223623,0.045750138445475486,0.5405405405405406,True,0.5,0.4389438943894389,5
s_2230__665178__10122656,CC1=C(C(=O)N2C=CSC2=N1)CCN3CCN(CC3)C4=C(C(=CC=C4)F)C#N,7.260812371264983,7.160108953607868,7.361515788922096,0.20140683531422798,0.5131578947368421,True,0.4337349397590361,0.4248366013071895,8
s_2230__13166788__10122656,CC1=C(C(=O)N2C=CSC2=N1)CCN3CCN(CC3)C4=CC=CC5=C4NC(=O)N5,7.25776712265742,7.239131954816713,7.276402290498127,0.03727033568141369,0.5,True,0.4444444444444444,0.4332247557003257,7
s_2230__26079586__9780156,CC1=C(C(=O)N2C=CC=CC2=N1)CCN3CCN(CC3)C4=CC=NC5=CC=C(C=C45)F,7.215091218261627,7.206693110140591,7.223489326382662,0.016796216242070727,0.4588235294117647,True,0.3595505617977528,0.5259515570934256,8
s_2230__28471962__9780156,CC1=C(C(=O)N2C=CC=CC2=N1)CCN3CCN(CC3)C4=CC=CC5=C4OC=C5,7.214200042007455,7.096799933633477,7.331600150381433,0.23480021674795637,0.4864864864864865,True,0.4268292682926829,0.5392857142857143,6
s_2230__665560__10122656,CCOC1=CC=CC=C1N2CCN(CC2)CCC3=C(N=C4SC=CN4C3=O)C,7.213060764081647,7.0322497276438645,7.39387180051943,0.3616220728755657,0.5384615384615384,True,0.4375,0.4463087248322148,8
s_2230__12304850__4915570,C1=CC2=CC=C(C=C2C=C1)CCN3CCN(CC3)C4=CC=CC5=C4C=CN5,7.211539451496234,7.132789637639192,7.290289265353277,0.15749962771408477,0.5166666666666667,True,0.25,0.2094861660079051,9
s_2230__16516994__9780156,CC1=C(C(=O)N2C=CC=CC2=N1)CCN3CCN(CC3)C4=CC=CN=C4C#N,7.209131498101311,7.018921056982791,7.399341939219831,0.38042088223704074,0.47368421052631576,True,0.388235294117647,0.4785478547854785,9
s_2230__14793138__7471562,O=C1C2=CC=CC=C2N=CN1CCN3CCN(CC3)C4=CC=CC5=C4C=CS5,7.1976003814228156,7.187811656292937,7.207389106552694,0.019577450259756546,0.5873015873015873,True,0.4594594594594595,0.3740458015267175,7
s_2230__17793196__7471562,O=C1C2=CC=CC=C2N=CN1CCN3CCN(CC3)C4=CC=CC5=C4C=NN5,7.189515401576138,7.079293506922851,7.299737296229425,0.22044378930657427,0.3888888888888889,False,0.2705882352941176,0.2387543252595155,9
s_2230__28471962__10902816,O=C1NC2=CC=CC=C2SC1CCN3CCN(CC3)C4=CC=CC5=C4OC=C5,7.188254314778309,6.987817881929377,7.38869074762724,0.4008728656978624,0.4520547945205479,True,0.2727272727272727,0.2696245733788396,12
s_2230__13968354__10902816,O=C1NC2=CC=CC=C2SC1CCN3CCN(CC3)C4=CC=CC5=C4N=CN5,7.188072054300491,7.116999572725873,7.2591445358751105,0.14214496314923775,0.40789473684210525,True,0.2790697674418604,0.2483660130718954,12
s_2230__13968354__9780156,CC1=C(C(=O)N2C=CC=CC2=N1)CCN3CCN(CC3)C4=CC=CC5=C4N=CN5,7.169174915649492,7.138630348542137,7.199719482756848,0.061089134214710406,0.4675324675324675,True,0.4096385542168674,0.5016835016835017,6
s_2230__28471962__23291970,C1=CC2=C(OC=C2)C(=C1)N3CCN(CC3)CCC4=CC=C5OCCCC5=C4,7.168043617826578,6.899325228526079,7.436762007127077,0.5374367786009975,0.42028985507246375,True,0.2183908045977011,0.2154882154882154,7
s_270004__14793148__24720298,C#CCOC1=CC(=C(C(=C1)C)CN2CCN(CC2)C3=CC=CC4=C3C=CS4)C,7.163274739083423,6.859620272142734,7.466929206024112,0.6073089338813782,0.47692307692307695,True,0.375,0.3268482490272373,8
s_270004__12304860__24720676,NC1=C(C(=O)C2=CC(=CC=C2O1)F)CN3CCN(CC3)C4=CC=CC5=C4C=CN5,7.146334422178375,7.052159329455496,7.2405095149012535,0.1883501854457572,0.3170731707317073,False,0.2446808510638297,0.2620481927710843,10
s_2230__10117250__9780156,CC1=C(C(=O)N2C=CC=CC2=N1)CCN3CCN(CC3)C4=CC=NC5=CC=CC=C45,7.135770043678228,6.932823702863828,7.338716384492629,0.4058926816288002,0.4864864864864865,True,0.3809523809523809,0.5451263537906137,7
s_2230__13968354__23291970,C1=CC2=C(N=CN2)C(=C1)N3CCN(CC3)CCC4=CC=C5OCCCC5=C4,7.134971301355121,6.97643458789442,7.293508014815822,0.31707342692140195,0.3835616438356164,False,0.2134831460674157,0.1987179487179487,7
s_270004__12304860__24721672,CCN1N=C(C2=CC=CC=C12)CCCN3CCN(CC3)C4=CC=CC5=C4C=CN5,7.12551162371693,7.065454221243313,7.185569026190546,0.12011480494723248,0.3670886075949367,False,0.3095238095238095,0.2211538461538461,12
s_2230__17793196__8635612,C1=CC2=C(C=NN2)C(=C1)N3CCN(CC3)CCC4=CC=C5OCCOC5=C4,7.1242978144373215,7.197034712945053,7.05156091592959,0.14547379701546248,0.4782608695652174,True,0.238095238095238,0.2027972027972027,8
s_2230__28471962__10122656,CC1=C(C(=O)N2C=CSC2=N1)CCN3CCN(CC3)C4=CC=CC5=C4OC=C5,7.12050890218475,7.008780378698747,7.232237425670753,0.22345704697200652,0.5135135135135135,True,0.4625,0.4411764705882353,6
m_2230__12909440__10122656,CC1=C(C(=O)N2C=CSC2=N1)CCN3CCN(CC3)C4=CC=CC5=C4NC=C5,7.116398354499813,7.13102980080678,7.101766908192847,0.02926289261393311,0.5066666666666667,True,0.4625,0.434640522875817,6
s_2230__13968354__680282,O=C1C2=CC=CC=C2C(=O)N1CCN3CCN(CC3)C4=CC=CC5=C4N=CN5,7.110322660952548,6.998468799482505,7.222176522422592,0.22370772294008656,0.34210526315789475,False,0.2727272727272727,0.215547703180212,10
s_2230__17793196__7466048,CCCN1C(=O)NC(=O)C(=C1N)C(=O)CN2CCN(CC2)C3=CC=CC4=C3C=NN4,7.106540777436074,7.021984010305573,7.191097544566575,0.16911353426100195,0.3132530120481928,False,0.2421052631578947,0.3265306122448979,9
m_2230__12909440__680282,O=C1C2=CC=CC=C2C(=O)N1CCN3CCN(CC3)C4=CC=CC5=C4NC=C5,7.105742232037918,7.072785113487347,7.138699350588489,0.06591423710114164,0.36923076923076925,False,0.2763157894736842,0.2222222222222222,10
s_2230__14793138__804508,COC1=CC=CC=C1NC(=O)CCN2CCN(CC2)C3=CC=CC4=C3C=CS4,7.104998350309661,7.022390032077913,7.1876066685414095,0.16521663646349616,0.5,True,0.4736842105263157,0.3839662447257383,11
s_270004__14793148__14575900,O=C1NC2=CC=CC=C2C(=C1CN3CCN(CC3)C4=CC=CC5=C4C=CS5)Cl,7.101380261969968,7.021270469735013,7.1814900542049225,0.16021958446990947,0.5833333333333334,True,0.4177215189873418,0.4258555133079847,9
s_2230__12304850__7471562,O=C1C2=CC=CC=C2N=CN1CCN3CCN(CC3)C4=CC=CC5=C4C=CN5,7.096049620885124,7.044282391747047,7.147816850023201,0.1035344582761537,0.3888888888888889,False,0.2857142857142857,0.2363013698630137,8
s_2230__13166788__7471562,O=C1NC2=C(N1)C(=CC=C2)N3CCN(CC3)CCN4C=NC5=CC=CC=C5C4=O,7.09579205253676,7.049756890112691,7.141827214960831,0.09207032484814004,0.3835616438356164,False,0.2413793103448276,0.2346938775510204,10
s_270004__17793206__14575900,O=C1NC2=CC=CC=C2C(=C1CN3CCN(CC3)C4=CC=CC5=C4C=NN5)Cl,7.094234471974355,6.907762672613214,7.280706271335495,0.3729435987222809,0.3880597014925373,False,0.264367816091954,0.3020833333333333,11
s_270004__17793206__24720298,C#CCOC1=CC(=C(C(=C1)C)CN2CCN(CC2)C3=CC=CC4=C3C=NN4)C,7.091937606542266,6.7239376879016906,7.459937525182841,0.7359998372811507,0.3287671232876712,False,0.2197802197802197,0.1929824561403508,10
s_2230__10433838__9780156,CC1=C(C(=O)N2C=CC=CC2=N1)CCN3CCN(CC3)C4=CN=CC=C4C#N,7.091432795309613,6.903260905392219,7.279604685227006,0.3763437798347864,0.44871794871794873,True,0.3563218390804598,0.4848484848484848,9
s_2230__28471962__680282,O=C1C2=CC=CC=C2C(=O)N1CCN3CCN(CC3)C4=CC=CC5=C4OC=C5,7.086207330312139,6.836129821449631,7.336284839174648,0.5001550177250174,0.3484848484848485,False,0.2763157894736842,0.2313432835820895,10
s_2230__13968354__10122656,CC1=C(C(=O)N2C=CSC2=N1)CCN3CCN(CC3)C4=CC=CC5=C4N=CN5,7.085226866982771,7.031823379231701,7.138630354733841,0.10680697550214013,0.4935064935064935,True,0.4444444444444444,0.4150943396226415,6
s_2230__665178__7471562,N#CC1=C(C=CC=C1F)N2CCN(CC2)CCN3C=NC4=CC=CC=C4C3=O,7.056254310784023,6.9531667148968435,7.159341906671204,0.20617519177436083,0.34210526315789475,False,0.2359550561797752,0.2237762237762237,11
s_270004__13166798__14575900,O=C1NC2=C(N1)C(=CC=C2)N3CCN(CC3)CC4=C(C5=CC=CC=C5NC4=O)Cl,7.055963923603864,6.891156229873047,7.22077161733468,0.329615387461633,0.35714285714285715,False,0.2159090909090909,0.2901023890784983,12
s_270004__28472744__24720676,NC1=C(C(=O)C2=CC(=CC=C2O1)F)CN3CCN(CC3)C4=CC=CC5=C4OC=C5,7.052229397797381,6.783863560646648,7.320595234948114,0.5367316743014658,0.32608695652173914,False,0.2210526315789473,0.2650602409638554,11
s_2230__665560__7471562,CCOC1=CC=CC=C1N2CCN(CC2)CCN3C=NC4=CC=CC=C4C3=O,7.0489353994302535,6.880719866409643,7.217150932450864,0.3364310660412215,0.4375,True,0.2470588235294117,0.2402826855123674,11
s_270004__24159222__24720676,NC1=C(C(=O)C2=CC(=CC=C2O1)F)CN3CCN(CC3)C4=CC=CC5=C4N=CN5,7.0404203927357525,6.887577040557713,7.193263744913793,0.3056867043560798,0.3026315789473684,False,0.2164948453608247,0.2565597667638484,11
s_2230__28471962__4915570,C1=CC2=CC=C(C=C2C=C1)CCN3CCN(CC3)C4=CC=CC5=C4OC=C5,7.039734753809148,6.727727638624079,7.3517418689942176,0.6240142303701388,0.45901639344262296,True,0.2195121951219512,0.2191235059760956,10
m_276450__18755804__18783510__28201460,O=C(NCCN1CCN(CC1)C2=CC=NC3=CC=NN23)C4CCCC5=NC=NN45,7.029763159136781,6.226818893300048,7.832707424973513,1.6058885316734655,0.29411764705882354,False,0.1515151515151515,0.1984126984126984,11
s_2230__13968354__4915570,C1=CC2=CC=C(C=C2C=C1)CCN3CCN(CC3)C4=CC=CC5=C4N=CN5,7.025026860037556,6.838007723535145,7.212045996539968,0.37403827300482284,0.453125,True,0.216867469879518,0.2022471910112359,10
s_2230__12304850__8635612,C1=CC2=C(C=CN2)C(=C1)N3CCN(CC3)CCC4=CC=C5OCCOC5=C4,7.015294811189992,7.165621723347462,6.864967899032522,0.3006538243149395,0.463768115942029,True,0.2409638554216867,0.2090592334494773,7
s_22__13035022__22784916,O=C(CCN1C(=O)NC2=CC=CC=C2C1=O)N3CCC(CC3)C4=CC=CC5=C4C=CN5,7.013050347827778,6.675558989153148,7.3505417065024075,0.6749827173492591,0.2926829268292683,False,0.1770833333333333,0.2024922118380062,12
s_2230__14793138__11757162,CC(=O)C1=CC=CC=C1NC(=O)CCCN2CCN(CC2)C3=CC=CC4=C3C=CS4,7.002461467482902,6.889801718853989,7.115121216111817,0.22531949725782763,0.5142857142857142,True,0.5,0.4612068965517241,10
s_527__14793136__11545756,O=C(CN1CC2=CC=CC=C2OC1=O)N3CCN(CC3)C4=CC=CC5=C4C=CS5,7.002089049289124,6.748001092102268,7.256177006475979,0.5081759143737106,0.43243243243243246,True,0.3703703703703703,0.3133802816901408,12
s_2230__14793138__7467108,N#CC1=CC=CC=C1NC(=O)CCN2CCN(CC2)C3=CC=CC4=C3C=CS4,7.002051272692856,6.861003486194756,7.143099059190956,0.2820955729961998,0.5064935064935064,True,0.4545454545454545,0.3914893617021276,11
m_270004__12909450__24720676,NC1=C(C(=O)C2=CC(=CC=C2O1)F)CN3CCN(CC3)C4=CC=CC5=C4NC=C5,7.000977713323874,6.901410990656887,7.100544435990862,0.1991334453339757,0.30666666666666664,False,0.21875,0.2606060606060606,11
s_2230__25582804__16949512,CCC1=CC=CC(=C1)N2CCN(CC2)CCC3=C(N=C4CCCCN4C3=O)C,6.998289099421968,7.318479099225185,6.678099099618751,0.6403799996064343,0.6119402985074627,True,0.5797101449275363,0.7706422018348624,4
s_270004__12304860__14575900,O=C1NC2=CC=CC=C2C(=C1CN3CCN(CC3)C4=CC=CC5=C4C=CN5)Cl,6.996473552214086,6.890079091603937,7.102868012824234,0.21278892122029713,0.373134328358209,False,0.2674418604651162,0.2935153583617747,10
s_22__11825898__22784916,O=C(CCN1C(=O)NC2=CC=CC=C2C1=O)N3CCN(CC3)C4=CC=CC5=C4C=CN5,6.9890746185838815,6.78178725099407,7.196361986173693,0.41457473517962296,0.34210526315789475,False,0.2613636363636363,0.232258064516129,11
s_2230__9192186__9780156,CC1=C(C(=O)N2C=CC=CC2=N1)CCN3CCN(CC3)C4=CN=CC5=CC=CC=C45,6.971274243272954,6.892379028886555,7.0501694576593525,0.15779042877279714,0.47297297297297297,True,0.3809523809523809,0.5226480836236934,7
s_2230__12551770__16949512,CC1=C(C(=O)N2CCCCC2=N1)CCN3CCN(CC3)C4=CC=CC(=C4)C#N,6.971035083667083,7.164342298892262,6.777727868441904,0.3866144304503578,0.5942028985507246,True,0.5633802816901409,0.7636363636363637,4
s_270004__12304860__24720298,C#CCOC1=CC(=C(C(=C1)C)CN2CCN(CC2)C3=CC=CC4=C3C=CN4)C,6.969564531016274,6.725175265123382,7.213953796909165,0.48877853178578334,0.3291139240506329,False,0.2222222222222222,0.1951219512195122,9
s_2230__12304850__22379588,O=C(NC1=CC=CC=C1Br)OCCN2CCN(CC2)C3=CC=CC4=C3C=CN4,6.969453124675692,6.85348912401393,7.085417125337452,0.23192800132352165,0.37333333333333335,False,0.2674418604651162,0.2226277372262773,12
s_2230__13968354__7471562,O=C1C2=CC=CC=C2N=CN1CCN3CCN(CC3)C4=CC=CC5=C4N=CN5,6.967958281936503,6.867728339487446,7.06818822438556,0.20045988489811428,0.3717948717948718,False,0.2441860465116279,0.2277227722772277,9
s_270004__24155862__24720676,NC1=C(C(=O)C2=CC(=CC=C2O1)F)CN3CCN(CC3)C4=CC=NC5=C4SC=C5,6.9633472984220965,6.699124597887371,7.227569998956823,0.5284454010694519,0.29213483146067415,False,0.2371134020618556,0.2777777777777778,12
s_2230__26079408__16949512,C#CC1=CC(=CC=C1)N2CCN(CC2)CCC3=C(N=C4CCCCN4C3=O)C,6.955317763777572,7.229560035536557,6.681075492018586,0.5484845435179713,0.5942028985507246,True,0.5633802816901409,0.7706422018348624,4
s_2230__26984180__16949512,COCC1=CC=CC(=C1)N2CCN(CC2)CCC3=C(N=C4CCCCN4C3=O)C,6.951519222229444,7.251353520977684,6.651684923481204,0.5996685974964802,0.5857142857142857,True,0.5555555555555556,0.7433628318584071,4
m_276450__14193098__18783510__28201460,O=C(NCCC1CCN(CC1)C2=CC=NC3=CC=NN23)C4CCCC5=NC=NN45,6.945095989224248,6.074303568507338,7.815888409941157,1.741584841433819,0.23595505617977527,False,0.1176470588235294,0.1863517060367454,12
s_2230__13970256__16949512,CC1=C(C(=O)N2CCCCC2=N1)CCN3CCN(CC3)C4=NSC5=CC=CC=C45,6.944375031687852,7.445358358437726,6.443391704937978,1.001966653499748,0.6515151515151515,True,0.5633802816901409,0.7269076305220884,5
s_2230__7534636__16949512,CC1=C(C(=O)N2CCCCC2=N1)CCN3CCN(C(C3)C)C4=NC=CN5C4=NN=C5,6.926094405416322,6.848040681875095,7.0041481289575485,0.15610744708245328,0.42528735632183906,True,0.388235294117647,0.5888888888888889,6
m_276450__18755804__14201978__28204368,O=C(NCCN1CCN(CC1)C2=CC=NC3=NC=CN23)C4=C5CCCCN5N=C4,6.923597067152935,6.199196827147368,7.647997307158501,1.4488004800111325,0.3424657534246575,False,0.1515151515151515,0.1871657754010695,10
s_2230__12304850__804508,COC1=CC=CC=C1NC(=O)CCN2CCN(CC2)C3=CC=CC4=C3C=CN4,6.920185060442103,6.924391705556512,6.915978415327695,0.008413290228816983,0.4788732394366197,True,0.3132530120481928,0.2368421052631578,12
s_2230__14793138__18188028,CCC1=CC=CC=C1NC(=O)CCN2CCN(CC2)C3=CC=CC4=C3C=CS4,6.9116443507811995,6.752475096360312,7.070813605202087,0.3183385088417747,0.5507246376811594,True,0.48,0.3931623931623931,11
s_2230__24395838__16949512,CC1=C(C(=O)N2CCCCC2=N1)CCN3CCN(CC3)C4=NC=NC5=C4C=CS5,6.900703945124263,7.277527422789299,6.523880467459229,0.75364695533007,0.6716417910447762,True,0.6911764705882353,0.6977611940298507,2
s_2230__14793138__22606972,O=C(CCN1CCN(CC1)C2=CC=CC3=C2C=CS3)NC4=CC=CC=C4CO,6.8980754225680645,6.74740889115134,7.048741953984789,0.3013330628334483,0.5285714285714286,True,0.4605263157894737,0.4051724137931034,11
m_276450__14193098__18783510__18783450,O=C(NCCC1CCN(CC1)C2=CC=NC3=NC=NN23)C4CCCC5=NC=NN45,6.886211011856906,6.09598610878925,7.6764359149245625,1.580449806135312,0.2247191011235955,False,0.1188118811881188,0.1931216931216931,12
s_270004__28472744__24720298,C#CCOC1=CC(=C(C(=C1)C)CN2CCN(CC2)C3=CC=CC4=C3OC=C4)C,6.885195536334291,6.407686697638248,7.362704375030335,0.9550176773920871,0.3,False,0.2,0.1958041958041958,10
s_270004__24159222__24720298,C#CCOC1=CC(=C(C(=C1)C)CN2CCN(CC2)C3=CC=CC4=C3N=CN4)C,6.881066186676387,6.554987252084367,7.2071451212684075,0.6521578691840402,0.2916666666666667,False,0.1935483870967742,0.1821192052980132,10
m_276450__18755804__18783510__28202336,O=C(NCCN1CCN(CC1)C2=NC=NN3C2=NC=C3)C4CCCC5=NC=NN45,6.877342261866325,6.317432068541008,7.437252455191643,1.1198203866506349,0.29213483146067415,False,0.15625,0.1929347826086956,12
s_2230__17793196__11757162,CC(=O)C1=CC=CC=C1NC(=O)CCCN2CCN(CC2)C3=CC=CC4=C3C=NN4,6.875236228952453,6.7802510105468,6.970221447358105,0.1899704368113051,0.39473684210526316,False,0.3333333333333333,0.3023255813953488,12
s_2230__7534636__9780156,CC1=C(C(=O)N2C=CC=CC2=N1)CCN3CCN(C(C3)C)C4=NC=CN5C4=NN=C5,6.8711571403526115,6.654785678735266,7.087528601969957,0.43274292323469155,0.3333333333333333,False,0.2371134020618556,0.4511041009463722,10
m_276450__18755804__27784018__18957688,O=C(NCCN1CCN(CC1)C2=NC=NC3=C2C=CS3)C4=NC=CN5C4=CC=N5,6.870494958892634,6.36971055360992,7.371279364175347,1.001568810565427,0.3855421686746988,False,0.2526315789473684,0.2465753424657534,12
s_270004__28472744__14575900,O=C1NC2=CC=CC=C2C(=C1CN3CCN(CC3)C4=CC=CC5=C4OC=C5)Cl,6.870485697509627,6.589607702209716,7.151363692809538,0.5617559905998215,0.3717948717948718,False,0.2307692307692307,0.3,11
s_2230__25582804__9780156,CCC1=CC=CC(=C1)N2CCN(CC2)CCC3=C(N=C4C=CC=CN4C3=O)C,6.870014246572358,6.972260727881613,6.767767765263103,0.20449296261851035,0.4444444444444444,True,0.3780487804878049,0.5485074626865671,8
s_2230__13968354__8635612,C1=CC2=C(N=CN2)C(=C1)N3CCN(CC3)CCC4=CC=C5OCCOC5=C4,6.867422344312592,6.900201039139699,6.834643649485485,0.06555738965421387,0.410958904109589,True,0.2093023255813953,0.1947194719471947,8
m_276450__18755804__18783510__28201854,O=C(NCCN1CCN(CC1)C2=NC=NC3=C2SC=N3)C4CCCC5=NC=NN45,6.865067290474174,6.344537662042351,7.385596918905999,1.0410592568636483,0.28888888888888886,False,0.2371134020618556,0.2058047493403693,11
m_276450__18755804__18783510__18251492,O=C(NCCN1CCN(CC1)C2=NC=NC3=C2C=CN3)C4CCCC5=NC=NN45,6.8641743687543,6.3198909097148395,7.40845782779376,1.0885669180789206,0.32954545454545453,False,0.2395833333333333,0.2054794520547945,10
s_2230__21218544__16949512,CC1=C(C(=O)N2CCCCC2=N1)CCN3CCN(CC3)C4=CC=C5NC=NC5=C4,6.8609095749338405,6.992749600472316,6.729069549395364,0.26368005107695236,0.5342465753424658,True,0.5616438356164384,0.6942148760330579,4
m_276450__18755804__27801120__28204368,CN1CCCCC1CC(=O)NCCN2CCN(CC2)C3=CC=NC4=NC=CN34,6.859927257941605,6.25704583112367,7.46280868475954,1.2057628536358695,0.3150684931506849,False,0.14,0.2304964539007092,10
s_2230__27337748__16949512,CC1=C(C(=O)N2CCCCC2=N1)CCN3CCN(CC3)C4=CC=C5CCCC5=C4,6.859441357278841,7.115227401542573,6.603655313015108,0.5115720885274655,0.582089552238806,True,0.5882352941176471,0.7327586206896551,5
m_276450__27871500__27809982__28204368,CCCN1CCCCC1C(=O)N[C@H](C)CN2CCN(CC2)C3=CC=NC4=NC=CN34,6.858809396067741,6.365144591886527,7.352474200248956,0.9873296083624288,0.2247191011235955,False,0.1238095238095238,0.2363636363636363,10
m_276450__27870786__27809982__28204368,CCCN1CCCCC1C(=O)NCC(C)N2CCN(CC2)C3=CC=NC4=NC=CN34,6.8563093939776785,6.386724059814871,7.3258947281404865,0.9391706683256151,0.2441860465116279,False,0.1037735849056603,0.24,10
s_2230__28471962__8635612,C1=CC2=C(OC=C2)C(=C1)N3CCN(CC3)CCC4=CC=C5OCCOC5=C4,6.856097688019872,6.800162596764193,6.912032779275552,0.1118701825113586,0.43478260869565216,True,0.2142857142857142,0.2160278745644599,8
s_2230__28471962__7471562,O=C1C2=CC=CC=C2N=CN1CCN3CCN(CC3)C4=CC=CC5=C4OC=C5,6.852829763323263,6.684508896766196,7.021150629880331,0.3366417331141349,0.3875,False,0.2558139534883721,0.2405498281786941,9
m_276450__18755804__18783510__18941674,O=C(NCCN1CCN(CC1)C2=NC=NN3C2=CC=C3)C4CCCC5=NC=NN45,6.852048850615162,6.326063834878706,7.378033866351618,1.0519700314729121,0.3181818181818182,False,0.1530612244897959,0.2216358839050131,11
s_270004__24159222__14575900,O=C1NC2=CC=CC=C2C(=C1CN3CCN(CC3)C4=CC=CC5=C4N=CN5)Cl,6.851553958858826,6.691673422848685,7.0114344948689675,0.3197610720202828,0.35714285714285715,False,0.2359550561797752,0.2819672131147541,11
s_2230__12551770__9780156,CC1=C(C(=O)N2C=CC=CC2=N1)CCN3CCN(CC3)C4=CC=CC(=C4)C#N,6.848318281563751,6.825055590888464,6.871580972239038,0.04652538135057416,0.44155844155844154,True,0.369047619047619,0.5424354243542435,8
s_2230__10890642__16949512,CC1=C(C(=O)N2CCCCC2=N1)CCN3CCC4(CC3)OCCC5=CC=CC=C45,6.8463845684667035,7.013342323576326,6.67942681335708,0.3339155102192466,0.5,True,0.4675324675324675,0.5526315789473685,6
m_276450__18755804__27782922__28204368,O=C1NC2CCC1CC2C(=O)NCCN3CCN(CC3)C4=CC=NC5=NC=CN45,6.839678253816638,6.35578845234185,7.323568055291426,0.9677796029495767,0.3103448275862069,False,0.1188118811881188,0.2344827586206896,10
s_270004__24155862__14575900,O=C1NC2=CC=CC=C2C(=C1CN3CCN(CC3)C4=CC=NC5=C4SC=C5)Cl,6.838645193204489,6.60723115414517,7.070059232263809,0.4628280781186387,0.39436619718309857,False,0.25,0.3132911392405063,12
m_276450__18755804__27784568__28204368,O=C(NCCN1CCN(CC1)C2=CC=NC3=NC=CN23)C4=CC=C5N4CCCC5,6.834418522157987,6.260065156555983,7.408771887759992,1.1487067312040091,0.3150684931506849,False,0.1684210526315789,0.1771117166212534,11
s_2230__9050844__16949512,COC1=CC=CC(=C1F)C2CCN(CC2)CCC3=C(N=C4CCCCN4C3=O)C,6.830133563525948,7.525960016762943,6.134307110288953,1.3916529064739898,0.6666666666666666,True,0.4683544303797468,0.5887096774193549,5
s_2230__26984180__9780156,COCC1=CC=CC(=C1)N2CCN(CC2)CCC3=C(N=C4C=CC=CN4C3=O)C,6.826123726158519,6.931767959097264,6.720479493219775,0.21128846587748829,0.4634146341463415,True,0.3647058823529411,0.5398550724637681,8
s_22__24035806__22784916,O=C(CCN1C(=O)NC2=CC=CC=C2C1=O)N3CCN(CC3)C4=NC=NC5=C4C=CS5,6.826014295352289,6.446957023190703,7.205071567513876,0.7581145443231732,0.2857142857142857,False,0.2608695652173913,0.2777777777777778,12
s_2230__26079408__9780156,C#CC1=CC(=CC=C1)N2CCN(CC2)CCC3=C(N=C4C=CC=CN4C3=O)C,6.825253088925595,6.8874129059245774,6.763093271926612,0.12431963399796508,0.4230769230769231,True,0.369047619047619,0.550561797752809,8
s_2230__12304850__11757162,CC(=O)C1=CC=CC=C1NC(=O)CCCN2CCN(CC2)C3=CC=CC4=C3C=CN4,6.820705577376728,6.769666560646288,6.8717445941071675,0.10207803346087996,0.4,True,0.3373493975903614,0.2927756653992395,11
s_2230__21218544__9780156,CC1=C(C(=O)N2C=CC=CC2=N1)CCN3CCN(CC3)C4=CC=C5NC=NC5=C4,6.820253255787524,6.78986065506984,6.850645856505207,0.06078520143536714,0.3902439024390244,False,0.3604651162790697,0.5085910652920962,8
s_2230__12304850__7467108,N#CC1=CC=CC=C1NC(=O)CCN2CCN(CC2)C3=CC=CC4=C3C=CN4,6.818156776399556,6.735182482534675,6.901131070264438,0.16594858772976284,0.3815789473684211,False,0.2976190476190476,0.2377358490566037,12
s_2230__13970256__9780156,CC1=C(C(=O)N2C=CC=CC2=N1)CCN3CCN(CC3)C4=NSC5=CC=CC=C45,6.813200602232657,7.106257375519305,6.52014382894601,0.5861135465732952,0.47297297297297297,True,0.369047619047619,0.5423728813559322,9
m_276450__18755804__27796260__18783450,O=C(NCCN1CCN(CC1)C2=CC=NC3=NC=NN23)C4=C5NCCCN5N=C4,6.811686042284429,6.1518446259938955,7.471527458574963,1.3196828325810674,0.3333333333333333,False,0.12,0.1796246648793565,12
m_276450__18755804__27781330__28204368,O=C(C[C@H]1CCCC[C@H]1F)NCCN2CCN(CC2)C3=CC=NC4=NC=CN34,6.810868598330151,6.230406081119324,7.391331115540978,1.1609250344216537,0.28,False,0.1188118811881188,0.2234042553191489,11
m_276450__18755804__27784696__28204368,[N-]=[N+]=N[C@H]1CCCC[C@H]1C(=O)NCCN2CCN(CC2)C3=CC=NC4=NC=CN34,6.80884532594232,6.293088698561756,7.324601953322884,1.031513254761128,0.2808988764044944,False,0.1153846153846153,0.2302405498281786,9
m_276450__18755804__27801074__28204368,CCCN1CCC[C@H]1C(=O)NCCN2CCN(CC2)C3=CC=NC4=NC=CN34,6.80483445180689,6.260753406951174,7.348915496662605,1.0881620897114308,0.29333333333333333,False,0.1287128712871287,0.2335766423357664,10
m_276450__14192934__14201516__28204368,O=C1NC2=C(C=C1C(=O)NC3CCN(CC3)C4=CC=NC5=NC=CN45)CCCC2,6.801589556047177,6.2517753801317735,7.351403731962581,1.0996283518308072,0.20689655172413793,False,0.1089108910891089,0.2287390029325513,11
s_270004__24155862__24720298,C#CCOC1=CC(=C(C(=C1)C)CN2CCN(CC2)C3=CC=NC4=C3SC=C4)C,6.798653403116828,6.3639286011208,7.233378205112856,0.8694496039920558,0.27631578947368424,False,0.2150537634408602,0.2108626198083067,11
m_276450__14193098__27796260__28204368,O=C(NCCC1CCN(CC1)C2=CC=NC3=NC=CN23)C4=C5NCCCN5N=C4,6.796931770355149,6.087475352675529,7.506388188034769,1.4189128353592402,0.23,False,0.0849056603773584,0.1728723404255319,12
m_276450__18755804__14207018__28204368,CCCC1=C(C=NN1)C(=O)NCCN2CCN(CC2)C3=CC=NC4=NC=CN34,6.793815478175067,6.133502324139591,7.454128632210543,1.3206263080709526,0.3611111111111111,False,0.1274509803921568,0.18125,12
s_2230__27337748__9780156,CC1=C(C(=O)N2C=CC=CC2=N1)CCN3CCN(CC3)C4=CC=C5CCCC5=C4,6.79253892927724,6.900234651345425,6.684843207209054,0.21539144413637068,0.41025641025641024,True,0.3950617283950617,0.5392857142857143,9
m_276450__18755804__18783510__28204286,O=C(NCCN1CCN(CC1)C2=NC=CC3=CN=CN23)C4CCCC5=NC=NN45,6.792177649531081,6.240719182871244,7.343636116190918,1.1029169333196744,0.2696629213483146,False,0.1485148514851485,0.1703296703296703,11
m_276450__18755804__14205908__28201460,CCCN1CCCC1C(=O)NCCN2CCN(CC2)C3=CC=NC4=CC=NN34,6.79018782538248,6.1955587290166605,7.384816921748299,1.1892581927316384,0.30120481927710846,False,0.1313131313131313,0.223728813559322,11
m_276450__18755804__27801074__28201460,CCCN1CCC[C@H]1C(=O)NCCN2CCN(CC2)C3=CC=NC4=CC=NN34,6.79018782538248,6.1955587290166605,7.384816921748299,1.1892581927316384,0.30120481927710846,False,0.1313131313131313,0.223728813559322,11
s_2230__12304850__7467114,CSC1=CC=CC=C1NC(=O)CCN2CCN(CC2)C3=CC=CC4=C3C=CN4,6.786974551898119,6.700531736978213,6.873417366818026,0.17288562983981226,0.37333333333333335,False,0.3625,0.2509505703422053,12
s_2230__10890642__9780156,CC1=C(C(=O)N2C=CC=CC2=N1)CCN3CCC4(CC3)OCCC5=CC=CC=C45,6.785921794084858,6.77139054761661,6.800453040553106,0.029062492936495765,0.3493975903614458,False,0.3,0.4258064516129032,10
s_2230__13035036__16949512,CC1=C(C(=O)N2CCCCC2=N1)CCN3CCC(CC3)C4=CC=CC5=C4C=CN5,6.785836071550683,7.429227218303713,6.142444924797653,1.28678229350606,0.7424242424242424,True,0.5263157894736842,0.5787401574803149,2
m_276450__18755804__27801074__18783450,CCCN1CCC[C@H]1C(=O)NCCN2CCN(CC2)C3=CC=NC4=NC=NN34,6.782971851728931,6.235337516368406,7.3306061870894546,1.0952686707210484,0.2857142857142857,False,0.1287128712871287,0.2244897959183673,11
s_2230__21189704__16949512,COC1=CC=CN=C1N2CCN(CC2)CCC3=C(N=C4CCCCN4C3=O)C,6.7771361193815345,7.241009314757762,6.313262924005306,0.9277463907524561,0.5714285714285714,True,0.527027027027027,0.6775510204081633,5
s_2230__26984180__10122656,COCC1=CC=CC(=C1)N2CCN(CC2)CCC3=C(N=C4SC=CN4C3=O)C,6.771941717633254,6.847755515009149,6.696127920257359,0.15162759475179044,0.46987951807228917,True,0.3975903614457831,0.4448160535117056,8
s_2230__9819762__16949512,CC1=C(C(=O)N2CCCCC2=N1)CCN3CCC(CC3)N4CCC5=CC=CC=C45,6.7712761944594035,7.317478237797309,6.225074151121499,1.0924040866758107,0.5633802816901409,True,0.5205479452054794,0.6541666666666667,7
m_276450__18755804__27812038__28204368,CCC1=NC=CC=C1C(=O)NCCN2CCN(CC2)C3=CC=NC4=NC=CN34,6.770085446848984,6.1684189741400175,7.371751919557952,1.2033329454179347,0.417910447761194,True,0.1568627450980392,0.1697530864197531,12
m_276450__18755804__18783510__14214378,O=C(NCCN1CCN(CC1)C2=NC=NC3=C2CCC3)C4CCCC5=NC=NN45,6.764109436101146,6.169174684660478,7.359044187541814,1.1898695028813364,0.3023255813953488,False,0.21875,0.1979166666666666,12
m_276450__18755804__14205410__28204368,O=C(NCCN1CCN(CC1)C2=CC=NC3=NC=CN23)C4=C5CCOCC5=CO4,6.763842110477612,6.2370120023375435,7.290672218617681,1.0536602162801376,0.3,False,0.1262135922330097,0.1798941798941798,11
m_276450__14193098__27801120__28201460,CN1CCCCC1CC(=O)NCCC2CCN(CC2)C3=CC=NC4=CC=NN34,6.763407041121338,6.1602576431030105,7.366556439139666,1.2062987960366556,0.24358974358974358,False,0.1089108910891089,0.1821192052980132,12
s_2230__7687160__16949512,CC1=C(C(=O)N2CCCCC2=N1)CCN3CCN(CC3)C4=NC5=CC=CC=C5S4,6.761374141723804,7.243052695730576,6.279695587717033,0.9633571080135432,0.6363636363636364,True,0.5633802816901409,0.6387832699619772,5
m_276450__18755804__14205390__28204368,O=C(NCCN1CCN(CC1)C2=CC=NC3=NC=CN23)C4COCCN4CC(F)F,6.760800488390856,6.225445227965931,7.296155748815782,1.0707105208498513,0.29545454545454547,False,0.1037735849056603,0.2,12
m_276450__18755804__14204648__28201460,O=C(NCCN1CCN(CC1)C2=CC=NC3=CC=NN23)C4CCCC5N4CCC5,6.760567789959989,6.224289925832993,7.296845654086985,1.0725557282539917,0.3048780487804878,False,0.1354166666666666,0.2225913621262458,11
m_276450__18755804__14203920__28201460,O=C(NCCN1CCN(CC1)C2=CC=NC3=CC=NN23)C4CCCN5C4=CC=N5,6.7605507896211945,6.228977699329494,7.292123879912895,1.0631461805834004,0.3048780487804878,False,0.1224489795918367,0.2053333333333333,11
m_276450__18755804__27815346__28204368,CSC1=CC=CC=C1C(=O)NCCN2CCN(CC2)C3=CC=NC4=NC=CN34,6.760372769750386,6.095749345265178,7.424996194235595,1.329246848970417,0.4393939393939394,True,0.1979166666666666,0.19,12
s_2230__12297314__16949512,COC1=CN=CC(=C1)N2CCN(CC2)CCC3=C(N=C4CCCCN4C3=O)C,6.75962609827905,6.935284469889952,6.583967726668148,0.35131674322180384,0.5571428571428572,True,0.5135135135135135,0.6546184738955824,5
m_276450__27869474__27813428__28204368,O=C(C=C1CCOCC1)N2CC[C@@H](C2)N3CCN(CC3)C4=CC=NC5=NC=CN45,6.7576770761043,6.183791889101004,7.331562263107596,1.1477703740065923,0.19480519480519481,False,0.0891089108910891,0.2583892617449664,12
s_2230__15162876__16949512,CC1=C(C(=O)N2CCCCC2=N1)CCN3CCN(CC3)C4=CC=CC(=N4)C#N,6.755880345932059,7.100603041774395,6.411157650089724,0.6894453916846714,0.6029411764705882,True,0.547945205479452,0.6547619047619048,5
m_276450__27869474__14206714__28204368,CN1CCCC[C@H]1C(=O)N2CC[C@@H](C2)N3CCN(CC3)C4=CC=NC5=NC=CN45,6.7548858623664785,6.30522039289869,7.204551331834267,0.8993309389355773,0.1935483870967742,False,0.1078431372549019,0.2455516014234875,10
m_276450__18955116__14206930__28204368,CN1CCCCC1C(=O)N2CCC3(CC2)CCN(CC3)C4=CC=NC5=NC=CN45,6.753330963648633,6.240969637005599,7.265692290291667,1.0247226532860676,0.2073170731707317,False,0.1122448979591836,0.2194244604316546,11
m_276450__18955116__18957698__28204368,CN1CCCC[C@@H]1C(=O)N2CCC3(CC2)CCN(CC3)C4=CC=NC5=NC=CN45,6.753330963648633,6.240969637005599,7.265692290291667,1.0247226532860676,0.2073170731707317,False,0.1122448979591836,0.2194244604316546,11
s_2230__22405758__16949512,CC1=NN=C(C2=CC=CC=C12)N3CCN(CC3)CCC4=C(N=C5CCCCN5C4=O)C,6.752881396261561,7.261204665336531,6.24455812718659,1.0166465381499412,0.640625,True,0.5342465753424658,0.6666666666666666,5
m_282512__24308046__24220098,CC1=C(C(=O)N2CCCCC2=N1)CCN3C=C(N=N3)C4=CC=CC5=C4C=CS5,6.751701949936846,7.2458278842713435,6.25757601560235,0.9882518686689936,0.6285714285714286,True,0.6527777777777778,0.4953271028037383,5
s_2230__12304850__22606972,O=C(CCN1CCN(CC1)C2=CC=CC3=C2C=CN3)NC4=CC=CC=C4CO,6.748419859691857,6.64332158694663,6.8535181324370855,0.2101965454904553,0.3972602739726027,False,0.3012048192771084,0.2480916030534351,12
m_276450__18755804__14203920__18783450,O=C(NCCN1CCN(CC1)C2=CC=NC3=NC=NN23)C4CCCN5C4=CC=N5,6.746367166294728,6.238656244486014,7.254078088103442,1.0154218436174274,0.2976190476190476,False,0.1188118811881188,0.2069892473118279,11
m_276450__14193098__27784568__28204368,O=C(NCCC1CCN(CC1)C2=CC=NC3=NC=CN23)C4=CC=C5N4CCCC5,6.744196036105031,6.154350103484249,7.3340419687258125,1.1796918652415638,0.22580645161290322,False,0.14,0.1671159029649595,12
m_276450__18755804__27784776__28204368,O=CN1CCOCC1C(=O)NCCN2CCN(CC2)C3=CC=NC4=NC=CN34,6.743913192459366,6.184205634583168,7.303620750335564,1.1194151157523962,0.29069767441860467,False,0.1067961165048543,0.2040816326530612,10
s_2230__26079166__16949512,CC1=C(C(=O)N2CCCCC2=N1)CCN3CCN(CC3)C4=CC=NC(=C4)C#N,6.743781519001008,6.9197159571607685,6.567847080841248,0.3518688763195206,0.5416666666666666,True,0.52,0.6721991701244814,5
m_276450__14192934__27781052__28204368,O=C(NC1CCN(CC1)C2=CC=NC3=NC=CN23)C4=CC5=C(C=C4F)NCCC5,6.743715031643617,6.2519176455983985,7.235512417688837,0.9835947720904388,0.22,False,0.110091743119266,0.2034883720930232,12
m_276450__14193134__14206714__28204368,CN(CCC1CCN(CC1)C2=CC=NC3=NC=CN23)C(=O)[C@@H]4CCCCN4C,6.743313941248193,6.2741508986726195,7.212476983823765,0.9383260851511457,0.25301204819277107,False,0.1111111111111111,0.2194244604316546,10
m_276450__18755804__27810598__28204368,CNC1=NC=CC=C1C(=O)NCCN2CCN(CC2)C3=CC=NC4=NC=CN34,6.742903144222318,6.136333469543797,7.349472818900839,1.213139349357042,0.417910447761194,True,0.1568627450980392,0.1853035143769968,12
s_2230__22406644__16949512,CC1=C(C(=O)N2CCCCC2=N1)CCN3CCN(CC3)C4=CN5C=CN=C5C=C4,6.741533783982761,6.99243636339345,6.490631204572072,0.5018051588213783,0.5416666666666666,True,0.4473684210526316,0.6442687747035574,5
m_276450__18755804__27786258__28201460,O=C(NCCN1CCN(CC1)C2=CC=NC3=CC=NN23)C4CCCC5=C4N=CS5,6.739570225825064,6.192438549083419,7.286701902566709,1.0942633534832904,0.29069767441860467,False,0.1386138613861386,0.2219251336898395,10
m_276450__18755804__18783872__28204368,O=C(NCCN1CCN(CC1)C2=CC=NC3=NC=CN23)C4CCCN5C4=NN=C5,6.738761517232096,6.2554857918533555,7.222037242610836,0.9665514507574802,0.27906976744186046,False,0.1153846153846153,0.2046783625730994,10
s_2230__7461824__16949512,CC1=NC2=NC=NN2C(=C1)N3CCN(CC3)CCC4=C(N=C5CCCCN5C4=O)C,6.738544002302539,6.9777891151141045,6.499298889490973,0.4784902256231316,0.5205479452054794,True,0.4358974358974359,0.5570469798657718,5
m_276450__18755804__27781330__28201460,O=C(C[C@H]1CCCC[C@H]1F)NCCN2CCN(CC2)C3=CC=NC4=CC=NN34,6.737032666469538,6.163877756868297,7.3101875760707795,1.1463098192024823,0.2891566265060241,False,0.1212121212121212,0.2145214521452145,12
s_2230__12304850__18188028,CCC1=CC=CC=C1NC(=O)CCN2CCN(CC2)C3=CC=CC4=C3C=CN4,6.73427564039733,6.630203869954338,6.838347410840322,0.20814354088598463,0.3783783783783784,False,0.3170731707317073,0.2386363636363636,12
s_2230__9090830__16949512,CC1=NN2C(=CN=CC2=N1)N3CCN(CC3)CCC4=C(N=C5CCCCN5C4=O)C,6.733940059785531,6.963283250599452,6.50459686897161,0.45868638162784237,0.5277777777777778,True,0.4358974358974359,0.54,5
m_276450__18755804__27784568__18783450,O=C(NCCN1CCN(CC1)C2=CC=NC3=NC=NN23)C4=CC=C5N4CCCC5,6.732053860046557,6.230034831288304,7.2340728888048105,1.0040380575165067,0.30666666666666664,False,0.1684210526315789,0.1767810026385224,12
m_276450__14192936__27789818__28204368,O=C(NCC1CCN(CC1)C2=CC=NC3=NC=CN23)C(=CC4CCCCC4)F,6.726666573173148,6.2060255179583095,7.247307628387985,1.0412821104296759,0.21978021978021978,False,0.087378640776699,0.238095238095238,11
s_2230__8124408__16949512,CC1=C(C(=O)N2CCCCC2=N1)CCN3CCN(CC3)C4=NC5=CC=CC=C5N4,6.725140324765421,7.185910522839911,6.264370126690931,0.9215403961489796,0.5797101449275363,True,0.5,0.6375,5
m_276450__14193098__18783510__28201338,O=C(NCCC1CCN(CC1)C2=NC=NC3=C2C=NN3)C4CCCC5=NC=NN45,6.724192125860014,6.138023448105994,7.310360803614036,1.1723373555080423,0.2608695652173913,False,0.1782178217821782,0.1967213114754098,12
m_276450__18755804__27791730__28204368,O=C(NCCN1CCN(CC1)C2=CC=NC3=NC=CN23)C4=C5CCOCC5=NN4,6.723697557217501,6.162434234232819,7.284960880202183,1.122526645969364,0.2987012987012987,False,0.1262135922330097,0.1734417344173441,12
m_276450__18755804__14202496__28204368,CCOC1=NC=CC=C1C(=O)NCCN2CCN(CC2)C3=CC=NC4=NC=CN34,6.720399825389935,6.111019703567456,7.3297799472124145,1.218760243644959,0.4264705882352941,True,0.1523809523809524,0.1607142857142857,12
m_276450__27869474__14199844__28204368,O=C(CC1CCCCC1)N2CC[C@@H](C2)N3CCN(CC3)C4=CC=NC5=NC=CN45,6.719351061120988,6.199084122317697,7.2396179999242785,1.0405338776065811,0.2,False,0.09,0.2384341637010676,12
m_276450__18755804__14202058__28201460,O=C(NCCN1CCN(CC1)C2=CC=NC3=CC=NN23)C4CCCC5=C4C=NN5,6.7184802963928405,6.225481240751594,7.211479352034088,0.9859981112824938,0.28735632183908044,False,0.1274509803921568,0.2138728323699422,12
m_276450__14192934__14201516__28201460,O=C1NC2=C(C=C1C(=O)NC3CCN(CC3)C4=CC=NC5=CC=NN45)CCCC2,6.71747965545256,6.226145722234555,7.208813588670565,0.9826678664360102,0.20224719101123595,False,0.1111111111111111,0.2256267409470752,12
m_276450__27869470__14200248__28204368,CN1CCOCC1C(=O)N2CC[C@H](C2)N3CCN(CC3)C4=CC=NC5=NC=CN45,6.7153427431481925,6.264921861977017,7.165763624319368,0.9008417623423508,0.2,False,0.0849056603773584,0.2307692307692307,11
m_276450__18755804__27781330__18783450,O=C(C[C@H]1CCCC[C@H]1F)NCCN2CCN(CC2)C3=CC=NC4=NC=NN34,6.714812279410161,6.202607545122935,7.227017013697388,1.0244094685744534,0.2727272727272727,False,0.1188118811881188,0.2119205298013245,12
m_276450__18755804__27782584__18783450,O=C(CC1CCCNC1=O)NCCN2CCN(CC2)C3=CC=NC4=NC=NN34,6.714651622043804,6.2490371340589785,7.180266110028629,0.9312289759696508,0.26582278481012656,False,0.12,0.2559726962457337,12
s_2230__26984180__680282,COCC1=CC=CC(=C1)N2CCN(CC2)CCN3C(=O)C4=CC=CC=C4C3=O,6.712771244277418,6.719061976261973,6.706480512292863,0.012581463969110196,0.3492063492063492,False,0.2151898734177215,0.2286821705426356,12
m_276450__18755804__14206022__28204368,O=C(CN1CCOCC1=O)NCCN2CCN(CC2)C3=CC=NC4=NC=CN34,6.710548858446051,6.151934084100806,7.269163632791297,1.1172295486904913,0.27631578947368424,False,0.11,0.1748251748251748,11
s_2230__665730__16949512,CC1=C(C(=O)N2CCCCC2=N1)CCN3CCN(CC3)C4=C5C=NN(C5=NC=N4)C,6.707501143562481,7.078816422639622,6.33618586448534,0.742630558154282,0.5416666666666666,True,0.5616438356164384,0.5640138408304498,5
m_276450__27869474__27781992__28201460,O=C(C1CCCCC1F)N2CC[C@@H](C2)N3CCN(CC3)C4=CC=NC5=CC=NN45,6.705911599198206,6.193551642669773,7.2182715557266395,1.0247199130568667,0.2,False,0.0891089108910891,0.22508038585209,11
m_276450__27869474__14206930__28201460,CN1CCCCC1C(=O)N2CC[C@@H](C2)N3CCN(CC3)C4=CC=NC5=CC=NN45,6.703744995439414,6.25341622752466,7.154073763354168,0.9006575358295077,0.19148936170212766,False,0.11,0.2343234323432343,11
m_276450__14193134__14200248__28204368,CN(CCC1CCN(CC1)C2=CC=NC3=NC=CN23)C(=O)C4COCCN4C,6.702150937360491,6.237983921793069,7.166317952927914,0.9283340311348445,0.2441860465116279,False,0.087378640776699,0.2154882154882154,11
s_2230__5635392__9780156,CC1=C(C(=O)N2C=CC=CC2=N1)CCN3CCN(CC3)C4=NC=NC5=C4SC=C5,6.699312781387295,6.919137123641621,6.47948843913297,0.4396486845086507,0.46987951807228917,True,0.4216867469879518,0.4860681114551083,8
s_2230__7460978__16949512,COC1=CC=NC(=N1)N2CCN(CC2)CCC3=C(N=C4CCCCN4C3=O)C,6.698654587201668,6.931808648920307,6.46550052548303,0.466308123437277,0.5571428571428572,True,0.5066666666666667,0.6234817813765182,6
s_2230__13138144__16949512,CCOC1=CC=CN=C1N2CCN(CC2)CCC3=C(N=C4CCCCN4C3=O)C,6.698066511738318,7.11615506207465,6.279977961401986,0.8361771006726642,0.5633802816901409,True,0.5131578947368421,0.6666666666666666,5
m_276450__14193098__18783510__28204286,O=C(NCCC1CCN(CC1)C2=NC=CC3=CN=CN23)C4CCCC5=NC=NN45,6.697963709570589,6.098540511170134,7.297386907971044,1.19884639680091,0.21505376344086022,False,0.1153846153846153,0.1657608695652173,12
m_276450__18755804__27790108__28201460,O=C(NCCN1CCN(CC1)C2=CC=NC3=CC=NN23)C4CCCC5=CC=NN45,6.694287748097009,6.166197253107687,7.222378243086332,1.0561809899786452,0.30120481927710846,False,0.1326530612244898,0.2074468085106383,11
m_276450__18755804__27792398__28204368,COCC1=CC=CN=C1C(=O)NCCN2CCN(CC2)C3=CC=NC4=NC=CN34,6.694082660618528,6.106828767264469,7.2813365539725865,1.1745077867081175,0.38028169014084506,False,0.1523809523809524,0.1715976331360946,12
m_276450__14193098__14204648__28204368,O=C(NCCC1CCN(CC1)C2=CC=NC3=NC=CN23)C4CCCC5N4CCC5,6.692985201804811,6.125114205668287,7.260856197941337,1.1357419922730498,0.23255813953488372,False,0.1089108910891089,0.2163120567375886,11
m_276450__27869474__14202374__28204368,O=C(CC1=CCOCC1)N2CC[C@@H](C2)N3CCN(CC3)C4=CC=NC5=NC=CN45,6.691347438061964,6.1624521451329,7.220242730991027,1.0577905858581262,0.1919191919191919,False,0.0961538461538461,0.2688524590163934,12
s_2230__22407426__16949512,COC1=CN=CC(=N1)N2CCN(CC2)CCC3=C(N=C4CCCCN4C3=O)C,6.690987378146889,6.938598552099846,6.443376204193932,0.4952223479059139,0.5428571428571428,True,0.5,0.6015625,6
s_2230__26079166__9780156,CC1=C(C(=O)N2C=CC=CC2=N1)CCN3CCN(CC3)C4=CC=NC(=C4)C#N,6.690838780658563,6.70118633154295,6.680491229774176,0.02069510176877465,0.4125,True,0.3409090909090909,0.4982698961937716,9
s_2230__20810194__16949512,CC1=C(C(=O)N2CCCCC2=N1)CCN3CCN(CC3)C4CCC5=NC=CN5C4,6.690734478978305,6.9289298547721225,6.452539103184488,0.4763907515876342,0.4868421052631579,True,0.4415584415584415,0.5302491103202847,9
m_276450__27869470__14200248__28201460,CN1CCOCC1C(=O)N2CC[C@H](C2)N3CCN(CC3)C4=CC=NC5=CC=NN45,6.690627456469922,6.236988477378692,7.144266435561153,0.907277958182461,0.18947368421052632,False,0.0865384615384615,0.2232704402515723,12
s_2230__9050844__9780156,COC1=CC=CC(=C1F)C2CCN(CC2)CCC3=C(N=C4C=CC=CN4C3=O)C,6.689847325040004,7.172980216165326,6.206714433914683,0.9662657822506437,0.425,True,0.3043478260869565,0.4343434343434343,9
s_2230__3695172__16949512,CC1=C(C(=O)N2CCCCC2=N1)CCN3CCN(CC3)C4=NN5C=NN=C5C=C4,6.687687191077483,7.002777267051724,6.3725971151032414,0.6301801519484824,0.5416666666666666,True,0.4533333333333333,0.6133828996282528,7
m_276450__27869474__27798274__28204368,O=C([C@@H]1CCCC[C@H]1O)N2CC[C@@H](C2)N3CCN(CC3)C4=CC=NC5=NC=CN45,6.684613761255633,6.157459074881209,7.2117684476300585,1.0543093727488495,0.18666666666666668,False,0.087378640776699,0.2352941176470588,10
m_276450__27869474__27785808__28204368,O=C([C@H]1CCCC[C@H]1O)N2CC[C@@H](C2)N3CCN(CC3)C4=CC=NC5=NC=CN45,6.684613761255633,6.157459074881209,7.2117684476300585,1.0543093727488495,0.18666666666666668,False,0.087378640776699,0.2352941176470588,10
s_2230__17628986__16949512,COC1=CC=CC=C1C2CCN(CC2)CCC3=C(N=C4CCCCN4C3=O)C,6.681865853515411,7.270743248407674,6.092988458623148,1.177754789784526,0.6818181818181818,True,0.48,0.602510460251046,5
s_2230__12297314__9780156,COC1=CN=CC(=C1)N2CCN(CC2)CCC3=C(N=C4C=CC=CN4C3=O)C,6.681526080298548,6.71732453639321,6.645727624203886,0.07159691218932451,0.4050632911392405,True,0.3333333333333333,0.4848484848484848,9
m_276450__18755804__14204356__28204368,CCN1CCOCC1C(=O)NCCN2CCN(CC2)C3=CC=NC4=NC=CN34,6.680337683445535,6.12161961073415,7.239055756156918,1.1174361454227677,0.3026315789473684,False,0.116504854368932,0.1979522184300341,10
m_276450__18955116__27808288__28204368,O=C(C1CCCCC1O)N2CCC3(CC2)CCN(CC3)C4=CC=NC5=NC=CN45,6.679207321950748,6.0890876325899965,7.269327011311499,1.1802393787215024,0.1891891891891892,False,0.0909090909090909,0.1783216783216783,11
m_276450__18755804__14205232__28201460,CCN1CCCCC1C(=O)NCCN2CCN(CC2)C3=CC=NC4=CC=NN34,6.6790298205921665,6.156198895722139,7.201860745462195,1.045661849740056,0.30666666666666664,False,0.1428571428571428,0.2188552188552188,10
m_276450__27869470__14200074__28201460,O=C(CC1=CCCCC1)N2CC[C@H](C2)N3CCN(CC3)C4=CC=NC5=CC=NN45,6.679016371109716,6.188658628497636,7.169374113721796,0.9807154852241595,0.17346938775510204,False,0.1111111111111111,0.2531645569620253,12
m_276450__18955116__27795172__28204368,CC1CCCC=C1C(=O)N2CCC3(CC2)CCN(CC3)C4=CC=NC5=NC=CN45,6.679013402470254,6.097656623396046,7.260370181544463,1.1627135581484174,0.19480519480519481,False,0.1212121212121212,0.2422145328719723,12
m_276450__27869470__14200008__18783450,O=C(C=C1CCCCC1)N2CC[C@H](C2)N3CCN(CC3)C4=CC=NC5=NC=NN45,6.677460675910682,6.193035222229867,7.161886129591497,0.96885090736163,0.1794871794871795,False,0.1122448979591836,0.2597402597402597,12
m_276450__18755804__14205410__18783450,O=C(NCCN1CCN(CC1)C2=CC=NC3=NC=NN23)C4=C5CCOCC5=CO4,6.6735374281225255,6.209978238781421,7.13709661746363,0.9271183786822093,0.29347826086956524,False,0.1262135922330097,0.1799485861182519,12
m_276450__14193098__27782584__28204368,O=C(CC1CCCNC1=O)NCCC2CCN(CC2)C3=CC=NC4=NC=CN34,6.673081178085832,6.109221213776378,7.2369411423952865,1.1277199286189088,0.21176470588235294,False,0.087378640776699,0.213768115942029,12
m_276450__14193098__27781330__28204368,O=C(C[C@H]1CCCC[C@H]1F)NCCC2CCN(CC2)C3=CC=NC4=NC=CN34,6.667578479132384,6.061674783306964,7.273482174957804,1.21180739165084,0.23170731707317074,False,0.0865384615384615,0.1859649122807017,12
m_276450__18755804__28192490__28201460,CCCCN1CCCCC1C(=O)NCCN2CCN(CC2)C3=CC=NC4=CC=NN34,6.665755190143572,6.166283167973905,7.165227212313239,0.9989440443393338,0.29069767441860467,False,0.1414141414141414,0.2255892255892256,11
s_2230__21189704__9780156,COC1=CC=CN=C1N2CCN(CC2)CCC3=C(N=C4C=CC=CN4C3=O)C,6.664080828308564,6.941240585664015,6.386921070953114,0.554319514710901,0.45121951219512196,True,0.3448275862068966,0.5085910652920962,9
s_2230__9420632__16949512,CC1=C(C(=O)N2CCCCC2=N1)CCN3CCN(CC3C)C4=CC=CC5=CN=CC=C45,6.663456685267732,7.239158839964844,6.08775453057062,1.1514043093942243,0.5394736842105263,True,0.4698795180722891,0.7533039647577092,3
m_276450__14192936__27789818__18783450,O=C(NCC1CCN(CC1)C2=CC=NC3=NC=NN23)C(=CC4CCCCC4)F,6.6633772629342936,6.190392519861287,7.1363620060073,0.9459694861460131,0.21505376344086022,False,0.087378640776699,0.2411575562700964,12
s_2230__20009906__9780156,CC1=C(C(=O)N2C=CC=CC2=N1)CCN3CCN(CC3)C4=C5C=CC=C(C5=CC=N4)Br,6.662885246493124,6.949615153747535,6.3761553392387125,0.5734598145088228,0.425,True,0.348314606741573,0.5172413793103449,8
s_2230__26079434__16949512,CC1=C(C(=O)N2CCCCC2=N1)CCN3CCC(CC3)CC4=CC=CC5=C4C=CN5,6.661802775599499,7.148774931308093,6.174830619890905,0.9739443114171884,0.5675675675675675,True,0.5128205128205128,0.592,3
s_2230__10391794__16949512,CC1=C(C(=O)N2CCCCC2=N1)CCN3CCC(CC3)C4=C(C(=CC=C4)Cl)Cl,6.661261016499363,7.315821268267301,6.006700764731424,1.309120503535877,0.7076923076923077,True,0.4933333333333333,0.6075949367088608,5
m_276450__14193098__14205410__28204368,O=C(NCCC1CCN(CC1)C2=CC=NC3=NC=CN23)C4=C5CCOCC5=CO4,6.660938558922845,6.153789401240476,7.168087716605213,1.0142983153647371,0.23076923076923078,False,0.0925925925925925,0.181578947368421,12
m_276450__27869470__14200236__28204368,CC1=C(CCCO1)C(=O)N2CC[C@H](C2)N3CCN(CC3)C4=CC=NC5=NC=CN45,6.659185756346517,6.094116410198633,7.224255102494401,1.130138692295768,0.19607843137254902,False,0.1470588235294117,0.2664576802507837,10
m_276450__27869474__14200236__28204368,CC1=C(CCCO1)C(=O)N2CC[C@@H](C2)N3CCN(CC3)C4=CC=NC5=NC=CN45,6.659185756346517,6.094116410198633,7.224255102494401,1.130138692295768,0.19607843137254902,False,0.1470588235294117,0.2664576802507837,10
s_2230__2391464__16949512,COC1=CC=CC(=C1)C2CCN(CC2)CCC3=C(N=C4CCCCN4C3=O)C,6.65546401702151,7.005627626971739,6.305300407071281,0.7003272199004584,0.6142857142857143,True,0.4933333333333333,0.6092436974789915,5
s_2230__15607896__16949512,CC1=C(C(=O)N2CCCCC2=N1)CCN3CCN(CC3)C4=C5C=CN=C5NC=N4,6.655052951502232,6.925053583071369,6.385052319933095,0.540001263138274,0.5342465753424658,True,0.430379746835443,0.5949820788530465,3
m_276450__14193098__14203366__28204368,O=C(NCCC1CCN(CC1)C2=CC=NC3=NC=CN23)C4CCCC5=NC=CN45,6.654786697250636,6.084615442615277,7.224957951885996,1.1403425092707185,0.22988505747126436,False,0.1188118811881188,0.195906432748538,12
m_276450__27869474__14200074__18783450,O=C(CC1=CCCCC1)N2CC[C@@H](C2)N3CCN(CC3)C4=CC=NC5=NC=NN45,6.653741843178887,6.217373645198262,7.090110041159512,0.8727363959612502,0.18181818181818182,False,0.1089108910891089,0.2547770700636942,12
s_2430__26879512__17793198,CC1=NC2=CC(=CC=C2C(=C1NC(=O)N3CCN(CC3)C4=CC=CC5=C4C=NN5)C)Br,6.652226785237026,6.48522472686668,6.819228843607371,0.3340041167406911,0.30337078651685395,False,0.21,0.2229299363057325,12
m_276450__14193098__14206410__28204368,O=C(NCCC1CCN(CC1)C2=CC=NC3=NC=CN23)C4=C5CCCCN5C=C4,6.650870262350626,6.01517178438179,7.286568740319463,1.2713969559376723,0.22580645161290322,False,0.116504854368932,0.1693548387096774,10
m_276450__18755804__27784860__28201460,O=C(C[C@H]1CCCC[C@@H]1O)NCCN2CCN(CC2)C3=CC=NC4=CC=NN34,6.649482679492167,6.08995336766446,7.2090119913198745,1.1190586236554143,0.28,False,0.1212121212121212,0.2138157894736842,12
m_276450__27869474__14206930__18783450,CN1CCCCC1C(=O)N2CC[C@@H](C2)N3CCN(CC3)C4=CC=NC5=NC=NN45,6.648861122792713,6.282636646644648,7.015085598940779,0.7324489522961306,0.18947368421052632,False,0.1078431372549019,0.2358803986710963,11
m_276450__27869470__18957698__18783450,CN1CCCC[C@@H]1C(=O)N2CC[C@H](C2)N3CCN(CC3)C4=CC=NC5=NC=NN45,6.648861122792713,6.282636646644648,7.015085598940779,0.7324489522961306,0.18947368421052632,False,0.1078431372549019,0.2358803986710963,11
s_2230__7460978__9780156,COC1=CC=NC(=N1)N2CCN(CC2)CCC3=C(N=C4C=CC=CN4C3=O)C,6.648005509234481,6.700539755494059,6.595471262974902,0.10506849251915718,0.4166666666666667,True,0.3295454545454545,0.4693877551020408,10
s_2230__9819762__9780156,CC1=C(C(=O)N2C=CC=CC2=N1)CCN3CCC(CC3)N4CCC5=CC=CC=C45,6.647430085099183,7.022863108995982,6.2719970612023825,0.7508660477935996,0.3924050632911392,False,0.3372093023255814,0.4843205574912892,11
m_276450__14192936__27805306__28204368,O=C(NCC1CCN(CC1)C2=CC=NC3=NC=CN23)C(O)CC4CCCCC4,6.646261525352328,6.125495068575703,7.1670279821289515,1.0415329135532483,0.2247191011235955,False,0.0891089108910891,0.1875,12
m_276450__18955116__14206930__18783450,CN1CCCCC1C(=O)N2CCC3(CC2)CCN(CC3)C4=CC=NC5=NC=NN45,6.645646097929783,6.221943641337498,7.069348554522068,0.8474049131845698,0.20238095238095238,False,0.1122448979591836,0.2203389830508474,12
m_276450__18955116__14206714__18783450,CN1CCCC[C@H]1C(=O)N2CCC3(CC2)CCN(CC3)C4=CC=NC5=NC=NN45,6.645646097929783,6.221943641337498,7.069348554522068,0.8474049131845698,0.20238095238095238,False,0.1122448979591836,0.2203389830508474,12
m_276450__18955116__27784010__18957688,C[C@H]1CC=CC[C@@H]1C(=O)N2CCC3(CC2)CCN(CC3)C4=NC=NC5=C4C=CS5,6.645205684698331,6.158524270425878,7.1318870989707825,0.9733628285449045,0.20930232558139536,False,0.217391304347826,0.3034482758620689,12
m_276450__14193098__18937568__28204368,O=C(NCCC1CCN(CC1)C2=CC=NC3=NC=CN23)C4CCCCC45CCC5,6.64427890673784,6.111138590391899,7.177419223083781,1.066280632691882,0.24705882352941178,False,0.087378640776699,0.1834532374100719,11
s_2230__22865356__16949512,CC1=C(C(=O)N2CCCCC2=N1)CCN3CCN(CC3)C4CCC5=CC=CC=C45,6.644048983580429,7.174367028564974,6.113730938595886,1.0606360899690879,0.5857142857142857,True,0.5,0.6260162601626016,6
m_276450__14193134__27785808__28204368,CN(CCC1CCN(CC1)C2=CC=NC3=NC=CN23)C(=O)[C@H]4CCCC[C@H]4O,6.6431014654302905,6.098756467480161,7.18744646338042,1.0886899959002587,0.24096385542168675,False,0.099009900990099,0.1783216783216783,10
m_276450__14193364__18957698__28204368,CCN(CC1CCN(CC1)C2=CC=NC3=NC=CN23)C(=O)[C@H]4CCCCN4C,6.641121199648836,6.142957801717868,7.139284597579805,0.9963267958619371,0.21348314606741572,False,0.1078431372549019,0.2310469314079422,11
s_2230__15162876__9780156,CC1=C(C(=O)N2C=CC=CC2=N1)CCN3CCN(CC3)C4=CC=CC(=N4)C#N,6.640496667680657,6.744259639260971,6.5367336961003435,0.20752594316062734,0.4473684210526316,True,0.3604651162790697,0.4899328859060403,9
s_2230__18364006__16949512,CC1=C(C(=O)N2CCCCC2=N1)CCN3CCN(CC3)C4=CN=CC5=NN=NN45,6.640259064673181,7.0512577896137145,6.2292603397326465,0.821997449881068,0.5205479452054794,True,0.4358974358974359,0.5413793103448276,5
s_2230__26984180__7471562,COCC1=CC=CC(=C1)N2CCN(CC2)CCN3C=NC4=CC=CC=C4C3=O,6.6387981081978875,6.5817828609854425,6.695813355410332,0.1140304944248891,0.3333333333333333,False,0.2134831460674157,0.2392857142857143,11
s_2230__7687184__9780156,CC1=C(C(=O)N2C=CC=CC2=N1)CCN3CCN(CC3)C4=NN=CC5=CC=CC=C45,6.638754624934459,6.8399847799843805,6.437524469884538,0.4024603100998423,0.4342105263157895,True,0.3448275862068966,0.5119453924914675,8
s_2230__9417632__16949512,CC1=C(C(=O)N2CCCCC2=N1)CCN3CCN(CC3)C4=CN=CC5=NC=NN45,6.636085872295775,6.952769199469445,6.319402545122105,0.6333666543473404,0.5205479452054794,True,0.4358974358974359,0.5629370629370629,4
m_276450__27869474__27784010__18251492,C[C@H]1CC=CC[C@@H]1C(=O)N2CC[C@@H](C2)N3CCN(CC3)C4=NC=NC5=C4C=CN5,6.634722746592734,6.180820073632709,7.088625419552761,0.9078053459200524,0.22580645161290322,False,0.16,0.2525597269624573,12
s_2230__9050844__10122656,COC1=CC=CC(=C1F)C2CCN(CC2)CCC3=C(N=C4SC=CN4C3=O)C,6.634350803855076,7.090302647124133,6.178398960586019,0.911903686538114,0.46835443037974683,True,0.3333333333333333,0.3636363636363636,9
m_276450__14193134__14206714__18783450,CN(CCC1CCN(CC1)C2=CC=NC3=NC=NN23)C(=O)[C@@H]4CCCCN4C,6.634121597867013,6.252487140915977,7.01575605481805,0.7632689139020732,0.23255813953488372,False,0.1111111111111111,0.2203389830508474,11
s_2230__13035036__10902816,O=C1NC2=CC=CC=C2SC1CCN3CCC(CC3)C4=CC=CC5=C4C=CN5,6.6340557984329305,6.986577663001849,6.281533933864012,0.7050437291378362,0.3717948717948718,False,0.2134831460674157,0.2268370607028754,12
s_2230__4931908__9780156,CC1=NC(=C2C=NN(C2=N1)C)N3CCN(CC3)CCC4=C(N=C5C=CC=CN5C4=O)C,6.633743458000424,6.890895385254269,6.3765915307465795,0.5143038545076895,0.43037974683544306,True,0.3111111111111111,0.4256559766763848,10
m_276450__18955116__27784680__28201460,O=C([C@H]1CCCC[C@@H]1O)N2CCC3(CC2)CCN(CC3)C4=CC=NC5=CC=NN45,6.632763837552764,6.039264647278093,7.226263027827436,1.1869983805493431,0.18666666666666668,False,0.0927835051546391,0.1776315789473684,12
s_2230__8124408__9780156,CC1=C(C(=O)N2C=CC=CC2=N1)CCN3CCN(CC3)C4=NC5=CC=CC=C5N4,6.632738770913631,6.891606120858265,6.373871420968999,0.5177346998892665,0.4155844155844156,True,0.3218390804597701,0.4652777777777778,9
s_2230__8799822__16949512,COC1=CC(=NC=N1)N2CCN(CC2)CCC3=C(N=C4CCCCN4C3=O)C,6.6320131353115865,6.982719882046421,6.281306388576752,0.7014134934696692,0.5352112676056338,True,0.5416666666666666,0.6264591439688716,6
s_2230__4821622__16949512,CC1=C(C(=O)N2CCCCC2=N1)CCN3CCN(CC3)C4CC5=CC=CC=C5C4,6.631526444520414,7.165015857933263,6.098037031107567,1.0669788268256957,0.5909090909090909,True,0.5362318840579711,0.6695652173913044,6
m_276450__14193134__27784696__28201460,CN(CCC1CCN(CC1)C2=CC=NC3=CC=NN23)C(=O)[C@H]4CCCC[C@H]4N=[N+]=[N-],6.631273567246863,6.141508628267932,7.121038506225794,0.9795298779578623,0.20652173913043478,False,0.0961538461538461,0.1897106109324758,12
s_2230__665518__16949512,CC1=C(C(=O)N2CCCCC2=N1)CCN3CCN(CC3)C4=NC=CC=C4C#N,6.629475225822754,7.026834192635879,6.2321162590096275,0.7947179336262513,0.5633802816901409,True,0.52,0.6613545816733067,5
m_276450__18755804__14206022__18783450,O=C(CN1CCOCC1=O)NCCN2CCN(CC2)C3=CC=NC4=NC=NN34,6.629344251939109,6.125068049260483,7.133620454617736,1.0085524053572525,0.2692307692307692,False,0.11,0.1688311688311688,12
m_276450__14193098__27780752__28204368,CC1CN2CCN1CC2C(=O)NCCC3CCN(CC3)C4=CC=NC5=NC=CN45,6.628568452774912,6.071178620152827,7.185958285396997,1.1147796652441704,0.2289156626506024,False,0.0857142857142857,0.2183098591549295,12
s_2230__22407426__9780156,COC1=CN=CC(=N1)N2CCN(CC2)CCC3=C(N=C4C=CC=CN4C3=O)C,6.627671915384717,6.7239411192670975,6.531402711502337,0.1925384077647605,0.4050632911392405,True,0.3218390804597701,0.4521452145214521,10
s_2230__3695526__16949512,CCOC1=CC=NC(=N1)N2CCN(CC2)CCC3=C(N=C4CCCCN4C3=O)C,6.627338745045751,6.887757989075119,6.366919501016382,0.5208384880587369,0.5492957746478874,True,0.4935064935064935,0.60546875,6
m_276450__14193134__27813438__18957688,CC1=NC=CN=C1C(=O)N(C)CCC2CCN(CC2)C3=NC=NC4=C3C=CS4,6.626970008893132,6.106534709297417,7.147405308488846,1.0408705991914289,0.2391304347826087,False,0.217391304347826,0.2515337423312883,12
s_2230__9450278__16949512,CC1=C(C(=O)N2CCCCC2=N1)CCN3CCC(CC3)C4=NC=C5N4CCCC5,6.6267630326263705,6.914018225991845,6.339507839260896,0.5745103867309496,0.5970149253731343,True,0.4520547945205479,0.5069444444444444,9
m_276450__18755804__14206122__28201460,CC1CCCCC1CC(=O)NCCN2CCN(CC2)C3=CC=NC4=CC=NN34,6.625459311802988,6.065433270664762,7.185485352941214,1.1200520822764517,0.30666666666666664,False,0.1326530612244898,0.2128378378378378,12
s_2230__7687160__9780156,CC1=C(C(=O)N2C=CC=CC2=N1)CCN3CCN(CC3)C4=NC5=CC=CC=C5S4,6.6240957870466595,6.897861372478476,6.3503302016148435,0.5475311708636328,0.4594594594594595,True,0.369047619047619,0.4886731391585761,9
m_276450__14193134__14200236__28204368,CC1=C(CCCO1)C(=O)N(C)CCC2CCN(CC2)C3=CC=NC4=NC=CN34,6.624071815030388,6.020731465947371,7.227412164113405,1.2066806981660338,0.23863636363636365,False,0.15,0.2243589743589743,10
s_2230__24395838__23291970,C1=CC2=C(S1)N=CN=C2N3CCN(CC3)CCC4=CC=C5OCCCC5=C4,6.6239275797049855,6.716033712979906,6.531821446430065,0.18421226654984046,0.38461538461538464,False,0.2528735632183908,0.2598187311178248,7
s_2230__22406644__9780156,CC1=C(C(=O)N2C=CC=CC2=N1)CCN3CCN(CC3)C4=CN5C=CN=C5C=C4,6.6233506735483,6.740527316951192,6.506174030145409,0.23435328680578227,0.4050632911392405,True,0.2790697674418604,0.4735099337748344,9
s_2230__13035036__9780156,CC1=C(C(=O)N2C=CC=CC2=N1)CCN3CCC(CC3)C4=CC=CC5=C4C=CN5,6.623022627295988,7.0321424115439495,6.213902843048027,0.8182395684959225,0.4805194805194805,True,0.3370786516853932,0.4323432343234323,6
s_2230__11566760__16949512,CC1=C(C(=O)N2CCCCC2=N1)CCN3CCC(CC3)C4=C(C(=CC=C4)F)F,6.62237679056438,7.3892474214535415,5.855506159675219,1.5337412617783226,0.7076923076923077,True,0.4933333333333333,0.614406779661017,5
s_2230__8799822__9780156,COC1=CC(=NC=N1)N2CCN(CC2)CCC3=C(N=C4C=CC=CN4C3=O)C,6.62163031789472,6.770471677776272,6.472788958013168,0.29768271976310423,0.4117647058823529,True,0.3529411764705882,0.4736842105263157,10
m_276450__14193134__27815118__28204368,CN(CCC1CCN(CC1)C2=CC=NC3=NC=CN23)C(=O)CN4CCCCC4,6.62061728153787,6.079243633124485,7.161990929951255,1.0827472968267697,0.25925925925925924,False,0.1368421052631579,0.2080291970802919,12
s_2230__25583960__16949512,CC1=C(C(=O)N2CCCCC2=N1)CCN3CCC(CC3)C4=NC5=CC=CN=C5S4,6.6200143100195525,7.095268608635608,6.144760011403497,0.950508597232111,0.6111111111111112,True,0.4625,0.5413793103448276,7
m_276450__27869474__27785808__28201460,O=C([C@H]1CCCC[C@H]1O)N2CC[C@@H](C2)N3CCN(CC3)C4=CC=NC5=CC=NN45,6.6197156019915555,6.10878694704846,7.130644256934651,1.0218573098861903,0.18421052631578946,False,0.0891089108910891,0.2297734627831715,11
m_276450__27869470__27808288__28201460,O=C(C1CCCCC1O)N2CC[C@H](C2)N3CCN(CC3)C4=CC=NC5=CC=NN45,6.6197156019915555,6.10878694704846,7.130644256934651,1.0218573098861903,0.18421052631578946,False,0.0891089108910891,0.2297734627831715,11
m_276450__27869474__27798274__28201460,O=C([C@@H]1CCCC[C@H]1O)N2CC[C@@H](C2)N3CCN(CC3)C4=CC=NC5=CC=NN45,6.6197156019915555,6.10878694704846,7.130644256934651,1.0218573098861903,0.18421052631578946,False,0.0891089108910891,0.2297734627831715,11
s_2230__13968354__11757162,CC(=O)C1=CC=CC=C1NC(=O)CCCN2CCN(CC2)C3=CC=CC4=C3N=CN4,6.619186940674947,6.548760638979195,6.689613242370698,0.14085260339150363,0.36046511627906974,False,0.3023255813953488,0.2779783393501805,12
m_276450__18755804__14206084__18783450,COC1CCCCC1C(=O)NCCN2CCN(CC2)C3=CC=NC4=NC=NN34,6.618985077676791,6.150433289949131,7.08753686540445,0.9371035754553194,0.32,False,0.1287128712871287,0.2182410423452769,10
m_276450__14193098__27782064__28204368,CO[C@H]1CCCC[C@H]1C(=O)NCCC2CCN(CC2)C3=CC=NC4=NC=CN34,6.61895544190255,6.028667514102954,7.209243369702145,1.1805758555991908,0.24096385542168675,False,0.0961538461538461,0.1802721088435374,10
m_276450__14193098__14206084__28204368,COC1CCCCC1C(=O)NCCC2CCN(CC2)C3=CC=NC4=NC=CN34,6.61895544190255,6.028667514102954,7.209243369702145,1.1805758555991908,0.24096385542168675,False,0.0961538461538461,0.1802721088435374,10
m_276450__14193134__27781992__28201460,CN(CCC1CCN(CC1)C2=CC=NC3=CC=NN23)C(=O)C4CCCCC4F,6.61752374397461,6.106837028526264,7.128210459422956,1.0213734308966922,0.22093023255813954,False,0.101010101010101,0.1764705882352941,11
m_276450__14193098__27783116__28204368,O=C(NCCC1CCN(CC1)C2=CC=NC3=NC=CN23)C4CCOCC45CCC5,6.617124605505999,6.09019011949034,7.144059091521657,1.0538689720313172,0.25842696629213485,False,0.0841121495327102,0.1891891891891892,12
m_276450__18755804__14201692__28201460,CCC1CCCCC1C(=O)NCCN2CCN(CC2)C3=CC=NC4=CC=NN34,6.616961703757445,6.082955333011907,7.150968074502982,1.0680127414910752,0.3058823529411765,False,0.1326530612244898,0.2128378378378378,10
m_276450__18755804__14203984__18783450,CCCC1CCCC1C(=O)NCCN2CCN(CC2)C3=CC=NC4=NC=NN34,6.6157481087958265,6.142818281032028,7.088677936559625,0.9458596555275971,0.29545454545454547,False,0.1287128712871287,0.2135593220338983,11
s_2230__2303336__16949512,COC1=CC=CC(=C1)C2=CCN(CC2)CCC3=C(N=C4CCCCN4C3=O)C,6.614929895695875,6.852514231225635,6.3773455601661135,0.47516867105952176,0.4868421052631579,True,0.4805194805194805,0.5764705882352941,6
m_276450__14192936__14204274__28204368,CC(CN1CCOCC1)C(=O)NCC2CCN(CC2)C3=CC=NC4=NC=CN34,6.614050710207018,6.028409062339314,7.1996923580747225,1.1712832957354085,0.23863636363636365,False,0.0970873786407767,0.1855670103092783,12
s_2230__7461308__9780156,CC1=C(C(=O)N2C=CC=CC2=N1)CCN3CCC(CC3)N4CCCC5=CC=CC=C45,6.613734102433997,7.040087131026208,6.187381073841786,0.852706057184422,0.38271604938271603,False,0.3448275862068966,0.4827586206896552,11
m_276450__14193098__27782922__28201460,O=C1NC2CCC1CC2C(=O)NCCC3CCN(CC3)C4=CC=NC5=CC=NN45,6.612931333407915,6.13942832653299,7.086434340282841,0.947006013749851,0.26373626373626374,False,0.088235294117647,0.1785714285714285,12
m_276450__27869474__14202220__28201460,CC1CCCCC1C(=O)N2CC[C@@H](C2)N3CCN(CC3)C4=CC=NC5=CC=NN45,6.612305675074983,6.108353562917527,7.116257787232438,1.0079042243149114,0.18181818181818182,False,0.1,0.2284768211920529,11
m_276450__14193272__27784696__28201460,[N-]=[N+]=N[C@H]1CCCC[C@H]1C(=O)NCCC2CCN(C2)C3=CC=NC4=CC=NN34,6.6114057523585155,6.081410283360832,7.141401221356199,1.0599909379953676,0.21875,False,0.0841121495327102,0.1987179487179487,12
s_2230__24395838__680282,O=C1C2=CC=CC=C2C(=O)N1CCN3CCN(CC3)C4=NC=NC5=C4C=CS5,6.611373730615347,6.726803194820446,6.495944266410248,0.23085892841019806,0.3333333333333333,False,0.32,0.271523178807947,10
s_2230__13035036__23291970,C1=CC2=C(C=CN2)C(=C1)C3CCN(CC3)CCC4=CC=C5OCCCC5=C4,6.610303917497169,6.912328772566486,6.308279062427852,0.604049710138634,0.4605263157894737,True,0.1473684210526315,0.1400651465798045,7
m_276450__14193134__14199844__28204368,CN(CCC1CCN(CC1)C2=CC=NC3=NC=CN23)C(=O)CC4CCCCC4,6.609800810600621,6.086191848304293,7.1334097728969486,1.0472179245926556,0.24691358024691357,False,0.1030927835051546,0.1834532374100719,12
m_276450__14193098__27785320__18941674,O=C(NCCC1CCN(CC1)C2=NC=NN3C2=CC=C3)C4=C5CCCCN5N=N4,6.609588682589317,6.183973176237158,7.035204188941476,0.8512310127043179,0.2717391304347826,False,0.1153846153846153,0.1904761904761904,12
m_276450__14193098__14206410__28201460,O=C(NCCC1CCN(CC1)C2=CC=NC3=CC=NN23)C4=C5CCCCN5C=C4,6.609410494068405,5.987997238503803,7.230823749633007,1.2428265111292038,0.23655913978494625,False,0.1176470588235294,0.165374677002584,11
s_2230__13035036__10122656,CC1=C(C(=O)N2C=CSC2=N1)CCN3CCC(CC3)C4=CC=CC5=C4C=CN5,6.608849064713263,6.978382916253551,6.239315213172976,0.7390677030805755,0.5263157894736842,True,0.367816091954023,0.3588957055214724,6
m_276450__14193134__27782246__28204368,CC1CCOCC1C(=O)N(C)CCC2CCN(CC2)C3=CC=NC4=NC=CN34,6.607518466865132,6.064186234460566,7.150850699269697,1.0866644648091315,0.22988505747126436,False,0.0865384615384615,0.1945392491467577,11
m_276450__14193098__27786920__28204368,CCN1CCOCC1CC(=O)NCCC2CCN(CC2)C3=CC=NC4=NC=CN34,6.607441227878619,6.087603855311667,7.127278600445569,1.039674745133902,0.2413793103448276,False,0.0825688073394495,0.1881188118811881,12
m_276450__14192936__27784696__18783450,[N-]=[N+]=N[C@H]1CCCC[C@H]1C(=O)NCC2CCN(CC2)C3=CC=NC4=NC=NN34,6.6073799843369745,6.150373075983009,7.0643868926909406,0.9140138167079312,0.20833333333333334,False,0.0849056603773584,0.2077922077922078,12
s_1626__22069002__22067346,O=C1C2=CC=CC=C2C=CN1CC(=O)N3CCN(CC3)C4=CC=CC5=C4C=CN5,6.606991288579879,6.668238568956336,6.545744008203423,0.1224945607529131,0.36486486486486486,False,0.2222222222222222,0.2142857142857142,11
s_2230__13035036__680282,O=C1C2=CC=CC=C2C(=O)N1CCN3CCC(CC3)C4=CC=CC5=C4C=CN5,6.606880061288377,6.8894609950955115,6.324299127481243,0.5651618676142682,0.3698630136986301,False,0.2048192771084337,0.1914893617021276,10
m_276450__14193364__27785454__28204368,CCN(CC1CCN(CC1)C2=CC=NC3=NC=CN23)C(=O)C4=C(CCOC4)C,6.60627871549469,6.006606850377843,7.205950580611536,1.199343730233693,0.2,False,0.1372549019607843,0.2508250825082508,11
m_276450__27869474__14206448__28204368,C[C@H]1OCCO[C@H]1C(=O)N2CC[C@@H](C2)N3CCN(CC3)C4=CC=NC5=NC=CN45,6.605545591953325,6.07222125387803,7.13886993002862,1.0666486761505904,0.1794871794871795,False,0.0857142857142857,0.2327868852459016,12
m_276450__14193098__14205338__28204368,O=C(NCCC1CCN(CC1)C2=CC=NC3=NC=CN23)C4CCCCC4C5CC5,6.603818016076323,6.054785997663538,7.1528500344891075,1.0980640368255692,0.23863636363636365,False,0.0891089108910891,0.1834532374100719,11
m_276450__18755804__27785320__18941674,O=C(NCCN1CCN(CC1)C2=NC=NN3C2=CC=C3)C4=C5CCCCN5N=N4,6.602867450222064,6.29663931961465,6.909095580829478,0.6124562612148274,0.3488372093023256,False,0.1515151515151515,0.1979949874686716,11
s_2230__3695172__9780156,CC1=C(C(=O)N2C=CC=CC2=N1)CCN3CCN(CC3)C4=NN5C=NN=C5C=C4,6.59900922823673,6.758787031669762,6.439231424803697,0.3195556068660652,0.4358974358974359,True,0.2790697674418604,0.4664536741214057,11
s_2230__20278136__16949512,CC1=C(C(=O)N2CCCCC2=N1)CCN3CCN(CC3)C4=NC=CN(C4=O)C,6.598927551541372,6.990147597659808,6.2077075054229365,0.7824400922368717,0.5757575757575758,True,0.4657534246575342,0.6239669421487604,6
m_276450__18755804__14201692__18783450,CCC1CCCCC1C(=O)NCCN2CCN(CC2)C3=CC=NC4=NC=NN34,6.596633858579711,6.125535935796959,7.067731781362462,0.9421958455655028,0.2894736842105263,False,0.13,0.2135593220338983,10
s_2230__11402236__16949512,CC1=C(C(=O)N2CCCCC2=N1)CCN3CCC(CC3)C4=NC5=C(S4)CCCC5,6.5950375146709135,7.078174653925493,6.111900375416333,0.96627427850916,0.5797101449275363,True,0.4459459459459459,0.5101351351351351,9
s_2230__804578__16949512,CC1=C(C(=O)N2CCCCC2=N1)CCN3CCN(CC3)C4=CC(=CC=N4)C#N,6.594908284379869,6.912481145479061,6.277335423280676,0.6351457221983852,0.5416666666666666,True,0.52,0.6846473029045643,5
m_276450__14193364__27781992__28204368,CCN(CC1CCN(CC1)C2=CC=NC3=NC=CN23)C(=O)C4CCCCC4F,6.594324698723461,6.045136007337236,7.1435133901096854,1.0983773827724495,0.19540229885057472,False,0.0970873786407767,0.1929824561403508,11
s_2230__9050844__7471562,COC1=CC=CC(=C1F)C2CCN(CC2)CCN3C=NC4=CC=CC=C4C3=O,6.592518350088252,6.868538378951683,6.31649832122482,0.5520400577268632,0.32926829268292684,False,0.1770833333333333,0.2315436241610738,12
s_2230__13138144__9780156,CCOC1=CC=CN=C1N2CCN(CC2)CCC3=C(N=C4C=CC=CN4C3=O)C,6.591161420930896,6.815294741269787,6.367028100592005,0.4482666406777813,0.4457831325301205,True,0.3370786516853932,0.5033557046979866,9
s_527__14793136__156526,O=C(CN1C(=O)C2CCCCC2C1=O)N3CCN(CC3)C4=CC=CC5=C4C=CS5,6.589861143920803,6.962222403430207,6.217499884411399,0.7447225190188078,0.42857142857142855,True,0.4266666666666667,0.484304932735426,7
m_276450__14193364__14206930__28201460,CCN(CC1CCN(CC1)C2=CC=NC3=CC=NN23)C(=O)C4CCCCN4C,6.588835082994988,6.0920265275032275,7.085643638486749,0.9936171109835215,0.20430107526881722,False,0.11,0.2222222222222222,12
s_1626__22069002__22114684,O=C(CN1C(=O)[C@H]2CC=CC[C@H]2C1=O)N3CCN(CC3)C4=CC=CC5=C4C=CN5,6.588685909139707,6.764632912469716,6.412738905809699,0.35189400666001713,0.2857142857142857,False,0.2441860465116279,0.3143939393939394,10
s_2230__10383826__16949512,CC1=C(C(=O)N2CCCCC2=N1)CCN3CCC(CC3)N4N=NC5=C4CCCC5,6.587509786381068,7.0026983044943645,6.172321268267772,0.8303770362265928,0.5138888888888888,True,0.4266666666666667,0.4948453608247423,10
m_276450__14193098__14203920__18783450,O=C(NCCC1CCN(CC1)C2=CC=NC3=NC=NN23)C4CCCN5C4=CC=N5,6.585602861555319,6.067047734886222,7.104157988224418,1.037110253338196,0.2413793103448276,False,0.087378640776699,0.1897018970189702,12
m_276450__14192936__14205148__18783450,CC(C(=O)NCC1CCN(CC1)C2=CC=NC3=NC=NN23)N4CCCCC4=O,6.585180475078191,6.201219163848376,6.969141786308006,0.76792262245963,0.20689655172413793,False,0.1274509803921568,0.2305084745762712,12
s_2230__18364006__9780156,CC1=C(C(=O)N2C=CC=CC2=N1)CCN3CCN(CC3)C4=CN=CC5=NN=NN45,6.5830016438878145,6.843577057699912,6.322426230075717,0.5211508276241954,0.3950617283950617,False,0.2666666666666666,0.4124629080118694,9
s_2230__9109964__9780156,CC1=NN=C2N1C=CN=C2N3CCN(CC3)CCC4=C(N=C5C=CC=CN5C4=O)C,6.582735057399279,6.8109238273733075,6.35454628742525,0.45637753994805763,0.4177215189873418,True,0.2727272727272727,0.4350453172205438,10
m_276450__27869470__27785808__18783450,O=C([C@H]1CCCC[C@H]1O)N2CC[C@H](C2)N3CCN(CC3)C4=CC=NC5=NC=NN45,6.582516671154991,6.141946217666207,7.023087124643776,0.8811409069775689,0.18181818181818182,False,0.087378640776699,0.2312703583061889,11
m_276450__27869470__27784680__18783450,O=C([C@H]1CCCC[C@@H]1O)N2CC[C@H](C2)N3CCN(CC3)C4=CC=NC5=NC=NN45,6.582516671154991,6.141946217666207,7.023087124643776,0.8811409069775689,0.18181818181818182,False,0.087378640776699,0.2312703583061889,11
s_2230__25583134__16949512,CC1=C(C(=O)N2CCCCC2=N1)CCN3CCC(CC3)N4N=NC5=CC=CC=C45,6.582201253537406,7.1221860565954636,6.042216450479348,1.0799696061161157,0.547945205479452,True,0.5135135135135135,0.5551330798479087,7
s_2230__665714__16949512,CC1=C(C(=O)N2CCCCC2=N1)CCN3CCC(CC3)C4=CNC5=CC=CC=C45,6.580840159663403,7.109245652195258,6.052434667131547,1.056810985063711,0.6764705882352942,True,0.4805194805194805,0.5725490196078431,5
m_276450__27869474__27795172__18783450,CC1CCCC=C1C(=O)N2CC[C@@H](C2)N3CCN(CC3)C4=CC=NC5=NC=NN45,6.580708128786348,6.160643972166174,7.000772285406522,0.8401283132403483,0.17391304347826086,False,0.116504854368932,0.2753164556962025,12
m_276450__27869470__27795172__18783450,CC1CCCC=C1C(=O)N2CC[C@H](C2)N3CCN(CC3)C4=CC=NC5=NC=NN45,6.580708128786348,6.160643972166174,7.000772285406522,0.8401283132403483,0.17391304347826086,False,0.116504854368932,0.2753164556962025,12
m_276450__14193134__27808288__28201460,CN(CCC1CCN(CC1)C2=CC=NC3=CC=NN23)C(=O)C4CCCCC4O,6.580377753703818,6.045621354221549,7.115134153186087,1.0695127989645385,0.2235294117647059,False,0.101010101010101,0.1776315789473684,11
s_2230__5635392__680282,O=C1C2=CC=CC=C2C(=O)N1CCN3CCN(CC3)C4=NC=NC5=C4SC=C5,6.57852740786552,6.70632181411168,6.450733001619361,0.25558881249231913,0.32051282051282054,False,0.2857142857142857,0.2236421725239616,12
s_2230__15607896__23291970,C1=CC2=C(N=CNC2=N1)N3CCN(CC3)CCC4=CC=C5OCCCC5=C4,6.577798703501886,6.474936715458164,6.680660691545606,0.20572397608744186,0.2976190476190476,False,0.1428571428571428,0.2011834319526627,8
s_2230__24395838__7471562,O=C1C2=CC=CC=C2N=CN1CCN3CCN(CC3)C4=NC=NC5=C4C=CS5,6.5775173612013,6.629360971218236,6.525673751184364,0.10368722003387187,0.3717948717948718,False,0.2941176470588235,0.2879256965944272,9
s_2230__804578__9780156,CC1=C(C(=O)N2C=CC=CC2=N1)CCN3CCN(CC3)C4=CC(=CC=N4)C#N,6.577445601585698,6.685722578802127,6.469168624369267,0.21655395443286007,0.4125,True,0.3409090909090909,0.5051903114186851,9
m_276450__18755804__14205386__18783450,CCCCN1CCOCC1C(=O)NCCN2CCN(CC2)C3=CC=NC4=NC=NN34,6.577332802284822,6.118505669778408,7.036159934791235,0.9176542650128274,0.27472527472527475,False,0.1238095238095238,0.2082018927444795,12
s_1626__22069002__510612,O=C(CN1C(=O)C2CCCCC2C1=O)N3CCN(CC3)C4=CC=CC5=C4C=CN5,6.577040311521203,6.823459876290218,6.330620746752188,0.4928391295380301,0.2857142857142857,False,0.2588235294117647,0.3043478260869565,8
s_2230__16924054__16949512,COC1=CC=CC=C1C2=CCN(CC2)CCC3=C(N=C4CCCCN4C3=O)C,6.575962438641259,6.959966041294138,6.19195883598838,0.7680072053057581,0.48,True,0.4675324675324675,0.5680933852140078,6
s_2230__24395838__8635612,C1=CC2=C(S1)N=CN=C2N3CCN(CC3)CCC4=CC=C5OCCOC5=C4,6.574625568017568,6.703875909314385,6.445375226720751,0.2585006825936338,0.4305555555555556,True,0.25,0.2600619195046439,8
s_2230__15247444__16949512,CC1=C(C(=O)N2CCCCC2=N1)CCN3CCC4(CC3)C(=O)NC5=CC=CC=C45,6.5736919846959765,7.072597514721509,6.074786454670443,0.9978110600510659,0.5211267605633803,True,0.4736842105263157,0.628,5
m_276450__14193098__28192490__18783450,CCCCN1CCCCC1C(=O)NCCC2CCN(CC2)C3=CC=NC4=NC=NN34,6.57240752525143,6.162504790577225,6.982310259925636,0.8198054693484105,0.23863636363636365,False,0.1057692307692307,0.2203389830508474,12
m_276450__18955116__27798274__18783450,O=C([C@@H]1CCCC[C@H]1O)N2CCC3(CC2)CCN(CC3)C4=CC=NC5=NC=NN45,6.5717228594052814,6.077345525051657,7.066100193758906,0.9887546687072497,0.18421052631578946,False,0.0909090909090909,0.1893687707641196,12
m_276450__27869474__14202220__18783450,CC1CCCCC1C(=O)N2CC[C@@H](C2)N3CCN(CC3)C4=CC=NC5=NC=NN45,6.571652791089232,6.1403708938520545,7.002934688326409,0.8625637944743545,0.1797752808988764,False,0.0980392156862745,0.2292358803986711,11
s_2230__5635392__7471562,O=C1C2=CC=CC=C2N=CN1CCN3CCN(CC3)C4=NC=NC5=C4SC=C5,6.571404296798326,6.646951905549494,6.495856688047159,0.151095217502335,0.3670886075949367,False,0.264367816091954,0.2388059701492537,11
s_2230__3695526__9780156,CCOC1=CC=NC(=N1)N2CCN(CC2)CCC3=C(N=C4C=CC=CN4C3=O)C,6.570967602666872,6.656121090440071,6.485814114893674,0.1703069755463975,0.4117647058823529,True,0.3222222222222222,0.4587458745874587,10
s_2230__20077358__16949512,CC1=C(C(=O)N2CCCCC2=N1)CCN3CCN(CC3)C4=NC=CN=C4C#N,6.57027855255792,6.947042235903064,6.193514869212777,0.7535273666902871,0.5428571428571428,True,0.5,0.5968992248062015,6
s_2230__15607896__9780156,CC1=C(C(=O)N2C=CC=CC2=N1)CCN3CCN(CC3)C4=C5C=CN=C5NC=N4,6.570073465854801,6.7052353949418935,6.434911536767709,0.2703238581741845,0.3902439024390244,False,0.2637362637362637,0.4584615384615385,7
s_2230__24395838__4915570,C1=CC2=CC=C(C=C2C=C1)CCN3CCN(CC3)C4=NC=NC5=C4C=CS5,6.568108736871124,6.630628089608794,6.505589384133454,0.12503870547534035,0.4393939393939394,True,0.2592592592592592,0.2743055555555556,10
s_2230__3695184__16949512,CC1=C(C(=O)N2CCCCC2=N1)CCN3CCN(CC3)C4=NC5=CC=CC=C5O4,6.567066286704027,7.087079571626649,6.047053001781405,1.040026569845244,0.5797101449275363,True,0.5,0.5636363636363636,5
s_2230__4819028__16949512,CC1=C(C(=O)N2CCCCC2=N1)CCN3CCC(CC3)C4=NN=C5N4C=CC=C5,6.565424524130959,7.153107809539518,5.9777412387224,1.1753665708171184,0.5833333333333334,True,0.4177215189873418,0.5321428571428571,7
s_2230__16514306__16949512,COCC1=CC(=NO1)C2CCN(CC2)CCC3=C(N=C4CCCCN4C3=O)C,6.5645316155772235,6.952733805279286,6.17632942587516,0.7764043794041262,0.5866666666666667,True,0.4125,0.5088967971530249,8
s_11__22183064__22136346,CC1=NC2=CC=CC=C2C(=O)N1CC(=O)N3CCN(CC3)C4=C5C=C(SC5=CC=C4)Br,6.564478019002056,6.5644792961111715,6.564476741892942,2.554218229811056e-06,0.37209302325581395,False,0.2826086956521739,0.3583617747440273,9
s_2230__5307032__16949512,CCOC1=CC=CC=C1C2CCN(CC2)CCC3=C(N=C4CCCCN4C3=O)C,6.564355201246684,7.106851178193625,6.021859224299742,1.0849919538938826,0.6617647058823529,True,0.4675324675324675,0.5918367346938775,5
s_2624__28902240__27219880,CC1=C(C(=O)N2CCCCC2=N1)CCN3C=C(C=N3)C4=CC=CC5=C4OCO5,6.563523494139059,6.851767424487609,6.275279563790508,0.5764878606971013,0.46153846153846156,True,0.4444444444444444,0.4119402985074626,8
m_276450__14193098__14206410__18783450,O=C(NCCC1CCN(CC1)C2=CC=NC3=NC=NN23)C4=C5CCCCN5C=C4,6.562883146686369,6.033186536013891,7.092579757358847,1.0593932213449566,0.23404255319148937,False,0.1153846153846153,0.1744791666666666,11
m_276450__14192936__14203192__28201460,CC(CC1CCCCC1)C(=O)NCC2CCN(CC2)C3=CC=NC4=CC=NN34,6.562324481019463,6.012626602005193,7.112022360033731,1.099395758028538,0.21951219512195122,False,0.1020408163265306,0.1891891891891892,12
m_276450__14192934__27800458__28201460,O=C(NC1CCN(CC1)C2=CC=NC3=CC=NN23)C4=C(C5=C(C=C4)CCCC5)O,6.5608705429703384,6.004515084684421,7.117226001256255,1.1127109165718343,0.25,False,0.1153846153846153,0.1763085399449036,12
s_2230__2206656__16949512,CC1=C(C(=O)N2CCCCC2=N1)CCN3CCC(CC3)C4=CC5=CC=CC=C5N4,6.55955707845698,7.10209529788381,6.01701885903015,1.08507643885366,0.6,True,0.4805194805194805,0.5675675675675675,5
m_276450__27869474__27785454__18783450,CC1=C(COCC1)C(=O)N2CC[C@@H](C2)N3CCN(CC3)C4=CC=NC5=NC=NN45,6.558348891798493,6.1165373855079626,7.000160398089024,0.8836230125810616,0.1827956989247312,False,0.1372549019607843,0.2699386503067484,11
s_2230__9417632__9780156,CC1=C(C(=O)N2C=CC=CC2=N1)CCN3CCN(CC3)C4=CN=CC5=NC=NN45,6.557395742229366,6.741704621053292,6.3730868634054385,0.3686177576478533,0.3950617283950617,False,0.2666666666666666,0.43202416918429,8
s_2230__13035036__7471562,O=C1C2=CC=CC=C2N=CN1CCN3CCC(CC3)C4=CC=CC5=C4C=CN5,6.55584515579487,6.698217840160404,6.413472471429337,0.28474536873106704,0.3333333333333333,False,0.1935483870967742,0.2203947368421052,9
s_2230__22865356__9780156,CC1=C(C(=O)N2C=CC=CC2=N1)CCN3CCN(CC3)C4CCC5=CC=CC=C45,6.555446173785377,6.893289907581099,6.217602439989655,0.6756874675914446,0.375,False,0.3218390804597701,0.4675767918088737,10
m_276450__18955116__14202220__18783450,CC1CCCCC1C(=O)N2CCC3(CC2)CCN(CC3)C4=CC=NC5=NC=NN45,6.555403135540405,6.073837408799962,7.0369688622808475,0.9631314534808855,0.18604651162790697,False,0.1020408163265306,0.1898305084745762,12
s_2230__665730__7471562,CN1N=CC2=C(N=CN=C12)N3CCN(CC3)CCN4C=NC5=CC=CC=C5C4=O,6.554589456271499,6.568120499062923,6.541058413480074,0.02706208558284917,0.3625,False,0.2222222222222222,0.2011661807580174,12
m_276450__14193364__27782246__28204368,CCN(CC1CCN(CC1)C2=CC=NC3=NC=CN23)C(=O)C4COCCC4C,6.553743669424224,5.956774349077248,7.1507129897712005,1.1939386406939523,0.20652173913043478,False,0.0849056603773584,0.2054794520547945,12
s_527__17793194__9457988,O=C1C2=CC=CC=C2C=CN1CC(=O)N3CCN(CC3)C4=CC=CC5=C4C=NN5,6.553447469997382,6.729250741322899,6.377644198671865,0.35160654265103375,0.37333333333333335,False,0.2307692307692307,0.2145214521452145,12
s_1626__22069002__22333684,O=C(CC1=C(C2=CC=CC=C2C=C1)Br)N3CCN(CC3)C4=CC=CC5=C4C=CN5,6.553118892429002,6.516407150805578,6.589830634052427,0.07342348324684878,0.36486486486486486,False,0.2222222222222222,0.2242647058823529,11
m_276450__14193364__27785808__28204368,CCN(CC1CCN(CC1)C2=CC=NC3=NC=CN23)C(=O)[C@H]4CCCC[C@H]4O,6.552400473498236,5.9800311061239615,7.12476984087251,1.1447387347485485,0.19767441860465115,False,0.0970873786407767,0.1894736842105263,11
m_276450__14193364__27781992__28201460,CCN(CC1CCN(CC1)C2=CC=NC3=CC=NN23)C(=O)C4CCCCC4F,6.547361261290356,5.9973408513587865,7.0973816712219255,1.100040819863139,0.19148936170212766,False,0.099009900990099,0.1868852459016393,12
s_2230__2262196__16949512,CC1=C(C(=O)N2CCCCC2=N1)CCN3CC=C(CC3)C4=CC=CC5=CC=CC=C45,6.546128246617615,7.004281046307013,6.087975446928217,0.9163055993787959,0.5277777777777778,True,0.4933333333333333,0.6324786324786325,4
m_276450__14193134__27784010__18251492,C[C@H]1CC=CC[C@@H]1C(=O)N(C)CCC2CCN(CC2)C3=NC=NC4=C3C=CN4,6.544399910364005,6.098733980970103,6.990065839757906,0.8913318587878036,0.23255813953488372,False,0.1530612244897959,0.2090592334494773,12
s_2230__20077358__9780156,CC1=C(C(=O)N2C=CC=CC2=N1)CCN3CCN(CC3)C4=NC=CN=C4C#N,6.5432926245655185,6.725844842132737,6.3607404069983,0.36510443513443747,0.4230769230769231,True,0.3218390804597701,0.4462540716612377,10
s_2230__18364006__23291970,C1=NC=C(N2C1=NN=N2)N3CCN(CC3)CCC4=CC=C5OCCCC5=C4,6.543214545831368,6.645131544964626,6.44129754669811,0.20383399826651605,0.30120481927710846,False,0.1443298969072164,0.1481481481481481,10
s_527__17793194__10564388,O=C(CN1C(=O)[C@H]2CC=CC[C@H]2C1=O)N3CCN(CC3)C4=CC=CC5=C4C=NN5,6.540707859856104,6.829619620782499,6.2517960989297094,0.5778235218527898,0.2948717948717949,False,0.2413793103448276,0.318007662835249,11
m_276450__14193134__27808288__18783450,CN(CCC1CCN(CC1)C2=CC=NC3=NC=NN23)C(=O)C4CCCCC4O,6.540564527838435,6.08513083401911,6.99599822165776,0.9108673876386497,0.22093023255813954,False,0.099009900990099,0.1893687707641196,11
s_2230__20278136__9780156,CC1=C(C(=O)N2C=CC=CC2=N1)CCN3CCN(CC3)C4=NC=CN(C4=O)C,6.538830873909422,6.7695495095779,6.308112238240943,0.46143727133695744,0.4266666666666667,True,0.2823529411764706,0.4532871972318339,10
s_2230__13575530__16949512,CC1=CC=CC(=C1C)C2CCN(CC2)CCC3=C(N=C4CCCCN4C3=O)C,6.538779725103613,7.194366163713626,5.883193286493599,1.3111728772200273,0.7301587301587301,True,0.5,0.6277056277056277,5
m_276450__18755804__27791440__18783450,CCC1=C(CCCO1)C(=O)NCCN2CCN(CC2)C3=CC=NC4=NC=NN34,6.537823879543122,6.018971465651838,7.056676293434406,1.0377048277825685,0.32894736842105265,False,0.1485148514851485,0.2344213649851632,10
s_2230__17628986__9780156,COC1=CC=CC=C1C2CCN(CC2)CCC3=C(N=C4C=CC=CN4C3=O)C,6.537721033150413,6.945263146330448,6.13017891997038,0.8150842263600682,0.4342105263157895,True,0.3068181818181818,0.4409722222222222,9
s_2230__19628938__16949512,CC1=C(C(=O)N2CCCCC2=N1)CCN3CCC(CC3)C4=CN5C=CC=CC5=N4,6.533537366982834,7.070079765770891,5.996994968194777,1.0730847975761142,0.5915492957746479,True,0.4177215189873418,0.5272727272727272,6
s_2230__5635392__23291970,C1=CC2=C(S1)C(=NC=N2)N3CCN(CC3)CCC4=CC=C5OCCCC5=C4,6.533335185507834,6.652203279025688,6.414467091989979,0.23773618703570865,0.36486486486486486,False,0.2247191011235955,0.2123893805309734,9
s_2230__26079434__9780156,CC1=C(C(=O)N2C=CC=CC2=N1)CCN3CCC(CC3)CC4=CC=CC5=C4C=CN5,6.532380649393636,6.820328616520497,6.2444326822667735,0.5758959342537233,0.3855421686746988,False,0.3296703296703296,0.4463087248322148,7
m_276450__18955116__14200236__18783450,CC1=C(CCCO1)C(=O)N2CCC3(CC2)CCN(CC3)C4=CC=NC5=NC=NN45,6.531893786732759,5.945962098717564,7.117825474747954,1.17186337603039,0.189873417721519,False,0.15625,0.2286585365853658,12
s_274090__16949518__28725430,CC1=C(C(=O)N2CCCCC2=N1)CCN3C=C(N=N3)C4=CC=CC5=C4SC=C5,6.531744264277238,6.970480995436122,6.093007533118354,0.8774734623177682,0.52,True,0.5256410256410257,0.4891640866873065,7
m_2230__16511224__9780156,CC1=C(C(=O)N2C=CC=CC2=N1)CCN3CC=C(CC3)C4=CC=CC(=C4F)Cl,6.531488445646608,6.844446378998092,6.218530512295124,0.6259158667029681,0.3372093023255814,False,0.2934782608695652,0.4193548387096774,10
s_527__17793194__156526,O=C(CN1C(=O)C2CCCCC2C1=O)N3CCN(CC3)C4=CC=CC5=C4C=NN5,6.530681337523211,6.8870338188175895,6.174328856228832,0.7127049625887576,0.2972972972972973,False,0.2558139534883721,0.308,9
s_2230__17654190__16949512,COC1=C(C=CC=C1C2CCN(C2)CCC3=C(N=C4CCCCN4C3=O)C)F,6.530501104363809,7.187652997779268,5.87334921094835,1.3143037868309184,0.6111111111111112,True,0.4390243902439024,0.5433962264150943,6
s_2230__13421042__16949512,CC1=C(C(=O)N2CCCCC2=N1)CCN3CC=C(CC3)C4=CNC5=CC=CC=C45,6.530157815828421,6.935803632062872,6.12451199959397,0.8112916324689019,0.4805194805194805,True,0.4556962025316455,0.5321428571428571,6
s_527__13035034__9457988,O=C1C2=CC=CC=C2C=CN1CC(=O)N3CCC(CC3)C4=CC=CC5=C4C=CN5,6.529920533334394,6.5254366358600375,6.534404430808752,0.008967794948714136,0.27848101265822783,False,0.1428571428571428,0.2024922118380062,12
m_276450__14193364__14200008__28204368,CCN(CC1CCN(CC1)C2=CC=NC3=NC=CN23)C(=O)C=C4CCCCC4,6.528877559875157,5.952541110964052,7.105214008786262,1.1526728978222094,0.23529411764705882,False,0.1224489795918367,0.2411347517730496,12
s_269982__23176304__16949528,CC1=C(C(=O)N2CCCCC2=N1)CCN3CCC4(CC3)CNCC5=CC=CC=C45,6.528291680231521,7.004279283078086,6.052304077384957,0.9519752056931292,0.49333333333333335,True,0.4675324675324675,0.5849802371541502,6
m_276450__14193098__27791440__28201460,CCC1=C(CCCO1)C(=O)NCCC2CCN(CC2)C3=CC=NC4=CC=NN34,6.5272655787837905,5.964781446914292,7.08974971065329,1.1249682637389986,0.22988505747126436,False,0.1153846153846153,0.2245508982035928,11
s_2230__7461824__7471562,CC1=NC2=NC=NN2C(=C1)N3CCN(CC3)CCN4C=NC5=CC=CC=C5C4=O,6.52650270912144,6.395855733388451,6.657149684854428,0.26129395146597645,0.3068181818181818,False,0.1894736842105263,0.2138728323699422,12
m_276450__14193098__27785320__28201338,O=C(NCCC1CCN(CC1)C2=NC=NC3=C2C=NN3)C4=C5CCCCN5N=N4,6.526241605607962,6.139619776284773,6.91286343493115,0.7732436586463773,0.2777777777777778,False,0.18,0.1709844559585492,12
s_2230__15607896__7471562,O=C1C2=CC=CC=C2N=CN1CCN3CCN(CC3)C4=C5C=CN=C5NC=N4,6.523953042000771,6.458570816682709,6.589335267318834,0.13076445063612496,0.3076923076923077,False,0.15625,0.2303030303030303,10
s_207__23043504__26990598,COC1=CC=CC=C1N2CCC(CC2)NCC3=C(C4=C(C=C3Br)OCCO4)Cl,6.523418508010614,6.723181459252718,6.323655556768511,0.39952590248420705,0.33766233766233766,False,0.1212121212121212,0.180379746835443,12
m_276450__14193134__14206448__28204368,C[C@H]1OCCO[C@H]1C(=O)N(C)CCC2CCN(CC2)C3=CC=NC4=NC=CN34,6.523269178769093,5.968924568123219,7.077613789414966,1.1086892212917467,0.23529411764705882,False,0.087378640776699,0.1887417218543046,12
s_2230__4821622__9780156,CC1=C(C(=O)N2C=CC=CC2=N1)CCN3CCN(CC3)C4CC5=CC=CC=C5C4,6.522748209303796,6.841717735229807,6.203778683377785,0.6379390518520216,0.4189189189189189,True,0.3414634146341463,0.4927536231884058,10
s_2230__15494046__16949512,CC1=C(C(=O)N2CCCCC2=N1)CCN3CCC(CC3)N4C=NC5=CC=CN=C45,6.5227391211539585,6.972962622090134,6.072515620217783,0.9004470018723509,0.5333333333333333,True,0.4625,0.5217391304347826,7
s_2230__2745108__9780156,CC1=C(C(=O)N2C=CC=CC2=N1)CCN3CCC(CC3)C4=NN=C5N4CCC5,6.522176842517123,6.924098978003598,6.120254707030648,0.8038442709729496,0.4868421052631579,True,0.3214285714285714,0.3955696202531645,12
m_276450__14193098__14204356__18783450,CCN1CCOCC1C(=O)NCCC2CCN(CC2)C3=CC=NC4=NC=NN34,6.520019262974461,6.032916917597787,7.0071216083511345,0.9742046907533473,0.25,False,0.0841121495327102,0.219047619047619,12
m_276450__14193098__27785320__28201464,O=C(NCCC1CCN(CC1)C2=NC=NC3=C2NC=C3)C4=C5CCCCN5N=N4,6.518957167155428,6.100669722769641,6.937244611541214,0.8365748887715725,0.2857142857142857,False,0.18,0.1903553299492385,12
s_2430__22529678__12304852,O=C(NC1=CN=C2C=CC=CN2C1=O)N3CCN(CC3)C4=CC=CC5=C4C=CN5,6.518455391740343,6.591136051783478,6.445774731697209,0.1453613200862689,0.2926829268292683,False,0.2473118279569892,0.327217125382263,9
s_2230__2303372__9780156,CC1=C(C(=O)N2C=CC=CC2=N1)CCN3CCC(CC3)C4=CC=CC5=CC=CC=C45,6.515992641561866,6.90389090130134,6.128094381822392,0.7757965194789476,0.5,True,0.3255813953488372,0.4760147601476014,7
s_2230__7462750__16949512,CC1=C(C(=O)N2CCCCC2=N1)CCN3CCC(CC3)C4=NC5=CC=CC=C5N4,6.515587432577828,7.074254395030457,5.9569204701251985,1.1173339249052585,0.5915492957746479,True,0.4675324675324675,0.582995951417004,6
s_2230__18057700__16949512,CC1=C(C(=O)N2CCCCC2=N1)CCN3CCC(CC3)C4=CNC5=CC=CN=C45,6.515584148439178,7.000867051906917,6.0303012449714375,0.9705658069354799,0.6027397260273972,True,0.4567901234567901,0.5471698113207547,6
s_2230__15607896__680282,O=C1C2=CC=CC=C2C(=O)N1CCN3CCN(CC3)C4=C5C=CN=C5NC=N4,6.515326197995046,6.485321663482724,6.545330732507369,0.060009069024645534,0.3026315789473684,False,0.1744186046511628,0.2129032258064516,11
s_2230__18364006__7471562,O=C1C2=CC=CC=C2N=CN1CCN3CCN(CC3)C4=CN=CC5=NN=NN45,6.514709649873737,6.598905550358189,6.430513749389286,0.1683918009689025,0.2804878048780488,False,0.1578947368421052,0.1807580174927113,12
s_527__14793136__157859,O=C1NC2=CC=CC=C2SC1CC(=O)N3CCN(CC3)C4=CC=CC5=C4C=CS5,6.514454044045955,6.84724328885238,6.181664799239529,0.6655784896128507,0.5070422535211268,True,0.3703703703703703,0.3978102189781022,12
m_276450__14193098__20152074__18783450,O=C(NCCC1CCN(CC1)C2=CC=NC3=NC=NN23)C4CCCC5=C4N=CN5,6.513704725327022,6.053680709979302,6.973728740674743,0.9200480306954413,0.22826086956521738,False,0.0952380952380952,0.1937321937321937,11
s_2230__13035036__8635612,C1=CC2=C(C=CN2)C(=C1)C3CCN(CC3)CCC4=CC=C5OCCOC5=C4,6.51370391099154,6.89900543304537,6.128402388937709,0.770603044107661,0.49295774647887325,True,0.1413043478260869,0.1481481481481481,8
s_2230__3392694__16949512,COC1=CC=NC(=C1)N2CCN(CC2)CCC3=C(N=C4CCCCN4C3=O)C,6.512038093678905,6.784757404453986,6.239318782903824,0.5454386215501614,0.5492957746478874,True,0.527027027027027,0.7016806722689075,5
s_2230__16514306__9780156,COCC1=CC(=NO1)C2CCN(CC2)CCC3=C(N=C4C=CC=CN4C3=O)C,6.511705946346858,6.722806432073317,6.300605460620399,0.42220097145291824,0.3953488372093023,False,0.2473118279569892,0.4037267080745341,12
s_2230__17309928__16949512,CC1=C(C(=O)N2CCCCC2=N1)CCN3CCC(CC3)N4C=NC5=CC=CC=C45,6.5115117533059745,6.896336012357232,6.126687494254716,0.7696485181025166,0.547945205479452,True,0.527027027027027,0.5555555555555556,6
s_2230__7540170__16949512,CCN1C(=O)NN=C1C2CCN(CC2)CCC3=C(N=C4CCCCN4C3=O)C,6.510759062135849,7.007598644354082,6.0139194799176146,0.9936791644364673,0.5492957746478874,True,0.4102564102564102,0.5714285714285714,9
s_22__11825898__550054,O=C(CN1C(=O)NC2=CC=CC=C2C1=O)N3CCN(CC3)C4=CC=CC5=C4C=CN5,6.5105715622275415,6.6997419397887645,6.321401184666319,0.37834075512244514,0.3333333333333333,False,0.2359550561797752,0.2135922330097087,11
m_276450__14193364__27797300__18783450,CCN(CC1CCN(CC1)C2=CC=NC3=NC=NN23)C(=O)C4=C(CCCC4)Cl,6.510082806795504,6.043921501191498,6.97624411239951,0.9323226112080114,0.21348314606741572,False,0.1515151515151515,0.2523961661341853,11
s_2230__9417632__7471562,O=C1C2=CC=CC=C2N=CN1CCN3CCN(CC3)C4=CN=CC5=NC=NN45,6.508137786012204,6.532623026567757,6.483652545456651,0.048970481111106245,0.2976190476190476,False,0.1578947368421052,0.1946902654867256,11
s_2230__13138144__10122656,CCOC1=CC=CN=C1N2CCN(CC2)CCC3=C(N=C4SC=CN4C3=O)C,6.5080448621629685,6.725919082721705,6.290170641604233,0.4357484411174726,0.4523809523809524,True,0.367816091954023,0.4161490683229814,9
m_276450__14193098__14205338__18783450,O=C(NCCC1CCN(CC1)C2=CC=NC3=NC=NN23)C4CCCCC4C5CC5,6.506619009297488,6.0453217822730405,6.967916236321936,0.9225944540488955,0.23333333333333334,False,0.0891089108910891,0.1898305084745762,12
s_2230__2303336__9780156,COC1=CC=CC(=C1)C2=CCN(CC2)CCC3=C(N=C4C=CC=CN4C3=O)C,6.506164827649624,6.59127746980236,6.421052185496887,0.17022528430547368,0.3373493975903614,False,0.3,0.4304635761589404,10
m_276450__14193098__14201692__28201460,CCC1CCCCC1C(=O)NCCC2CCN(CC2)C3=CC=NC4=CC=NN34,6.503948945036135,5.94566389542717,7.0622339946451,1.1165700992179293,0.24719101123595505,False,0.099009900990099,0.1784511784511784,11
s_1626__22069002__22011726,O=C1C2=CC=CC=C2N=CN1CC(=O)N3CCN(CC3)C4=CC=CC5=C4C=CN5,6.503654856817947,6.5343121205979005,6.472997593037993,0.061314527559907184,0.32941176470588235,False,0.2307692307692307,0.2325581395348837,10
s_2230__19628974__16949512,CC1=C(C(=O)N2CCCCC2=N1)CCN3CCC(CC3)C4=CN5C=CC=NC5=N4,6.502176864175306,7.045162708588591,5.959191019762022,1.085971688826569,0.5540540540540541,True,0.4125,0.5315985130111525,7
m_276450__14193098__18783872__18783450,O=C(NCCC1CCN(CC1)C2=CC=NC3=NC=NN23)C4CCCN5C4=NN=C5,6.501851788803776,6.077274874778953,6.926428702828599,0.849153828049646,0.21978021978021978,False,0.0849056603773584,0.1864406779661017,12
s_2230__9417632__680282,O=C1C2=CC=CC=C2C(=O)N1CCN3CCN(CC3)C4=CN=CC5=NC=NN45,6.501199286125953,6.591663182514575,6.410735389737331,0.18092779277724347,0.2714285714285714,False,0.1764705882352941,0.171875,12
s_11__12304832__27040490,O=C(C1=C(C2=C(C=C1Br)OCCO2)Cl)N3CCN(CC3)C4=CC=CC5=C4C=CN5,6.5003025701882144,6.549183259763301,6.451421880613127,0.09776137915017369,0.2716049382716049,False,0.2083333333333333,0.2119402985074626,10
m_276450__18755804__14204398__18957688,O=C(NCCN1CCN(CC1)C2=NC=NC3=C2C=CS3)C4=CC=CC5=NC=NN45,6.498441246100562,6.428172049674578,6.568710442526545,0.14053839285196634,0.4074074074074074,True,0.2526315789473684,0.2443820224719101,12
s_2230__9417632__23291970,C1=NC=C(N2C1=NC=N2)N3CCN(CC3)CCC4=CC=C5OCCCC5=C4,6.497775202815582,6.53661868869093,6.458931716940234,0.07768697175069583,0.2926829268292683,False,0.1443298969072164,0.1642651296829971,9
s_2230__9090830__10122656,CC1=NN2C(=CN=CC2=N1)N3CCN(CC3)CCC4=C(N=C5SC=CN5C4=O)C,6.496652675343198,6.592164542763419,6.401140807922978,0.19102373484044044,0.3950617283950617,False,0.2921348314606741,0.3561643835616438,9
s_2230__2745108__16949512,CC1=C(C(=O)N2CCCCC2=N1)CCN3CCC(CC3)C4=NN=C5N4CCC5,6.495710120932394,6.967444471638573,6.023975770226214,0.9434687014123586,0.6,True,0.4507042253521127,0.5183823529411765,8
s_2230__3392694__9780156,COC1=CC=NC(=C1)N2CCN(CC2)CCC3=C(N=C4C=CC=CN4C3=O)C,6.495269074282122,6.558503476225695,6.432034672338549,0.1264688038871462,0.4117647058823529,True,0.3448275862068966,0.5157894736842106,9
m_276450__14193364__27808288__28201460,CCN(CC1CCN(CC1)C2=CC=NC3=CC=NN23)C(=O)C4CCCCC4O,6.494472675749376,5.932415351081297,7.056530000417454,1.124114649336157,0.1935483870967742,False,0.099009900990099,0.1881188118811881,12
s_269982__22140850__16949528,CC1=C(C(=O)N2CCCCC2=N1)CCN3CCC(CC3)C4=NN=C5N4CCNC5,6.4940396490135015,6.922885470874681,6.065193827152321,0.8576916437223607,0.5416666666666666,True,0.4102564102564102,0.4864864864864865,10
s_2230__3695196__16949512,CCN1C=CN=C1CN2CCN(CC2)CCC3=C(N=C4CCCCN4C3=O)C,6.493863312581851,6.85375294333123,6.133973681832473,0.7197792614987568,0.5285714285714286,True,0.4657534246575342,0.6065573770491803,8
s_1626__22069002__22016428,O=C(CN1C(=O)C2=CC=CC=C2C1=O)N3CCN(CC3)C4=CC=CC5=C4C=CN5,6.493440318241529,6.679428239286262,6.307452397196797,0.37197584208946477,0.3150684931506849,False,0.253012048192771,0.223826714801444,11
s_2230__2391464__9780156,COC1=CC=CC(=C1)C2CCN(CC2)CCC3=C(N=C4C=CC=CN4C3=O)C,6.493349958728606,6.648097203631227,6.338602713825985,0.3094944898052425,0.38271604938271603,False,0.3181818181818182,0.445993031358885,9
s_1626__22069002__22060226,O=C(CN1CCC2=CC=CC=C2C1=O)N3CCN(CC3)C4=CC=CC5=C4C=CN5,6.493101104742328,6.748845608275231,6.237356601209425,0.5114890070658067,0.3,False,0.2247191011235955,0.223728813559322,12
s_269982__16770194__16949528,CC1=C(C(=O)N2CCCCC2=N1)CCN3CCC(CC3)C4=CC=CC=C4CN,6.491520026716952,7.058821894982782,5.924218158451122,1.13460373653166,0.6818181818181818,True,0.48,0.6336206896551724,5
s_1626__22069002__512428,C=C1C2=CC=CC=C2C(=O)N1CC(=O)N3CCN(CC3)C4=CC=CC5=C4C=CN5,6.4902463259860355,6.713662169174216,6.266830482797856,0.4468316863763606,0.2948717948717949,False,0.2359550561797752,0.2310344827586206,11
s_2230__20055952__16949512,CC1=C(C(=O)N2CCCCC2=N1)CCN3CCC(CC3)C4=CNC5=CN=CC=C45,6.490056372105711,6.997084084940847,5.983028659270575,1.0140554256702723,0.625,True,0.4390243902439024,0.5416666666666666,5
s_2230__5635392__8635612,C1=CC2=C(S1)C(=NC=N2)N3CCN(CC3)CCC4=CC=C5OCCOC5=C4,6.4898474306973615,6.642900805130367,6.336794056264355,0.30610674886601164,0.4117647058823529,True,0.2209302325581395,0.2072072072072072,10
s_2230__9090830__7471562,CC1=NN2C(=CN=CC2=N1)N3CCN(CC3)CCN4C=NC5=CC=CC=C5C4=O,6.48909395052434,6.364018995011435,6.614168906037245,0.25014991102580986,0.3068181818181818,False,0.1894736842105263,0.1971428571428571,12
s_2230__665518__9780156,CC1=C(C(=O)N2C=CC=CC2=N1)CCN3CCN(CC3)C4=NC=CC=C4C#N,6.488246091499388,6.712506343799956,6.263985839198819,0.4485205046011371,0.4177215189873418,True,0.3409090909090909,0.4882943143812709,9
s_2230__15247444__9780156,CC1=C(C(=O)N2C=CC=CC2=N1)CCN3CCC4(CC3)C(=O)NC5=CC=CC=C45,6.487664787778499,6.789301144500707,6.186028431056291,0.603272713444416,0.3670886075949367,False,0.3033707865168539,0.4713804713804714,9
s_527__17793194__157286,O=C(CCN1C(=O)C2=CC=CC=C2NC1=S)N3CCN(CC3)C4=CC=CC5=C4C=NN5,6.487286214832718,6.760252243158969,6.214320186506466,0.5459320566525028,0.34177215189873417,False,0.2527472527472527,0.2208201892744479,12
s_11__25843604__10564384,O=C(CN1C(=O)[C@H]2CC=CC[C@H]2C1=O)N3CCN(CC3)C4=CC=CC5=C4N=CN5,6.487152589197503,6.537281226877109,6.437023951517898,0.10025727535921103,0.2558139534883721,False,0.2134831460674157,0.2996389891696751,11
s_2230__3695184__9780156,CC1=C(C(=O)N2C=CC=CC2=N1)CCN3CCN(CC3)C4=NC5=CC=CC=C5O4,6.487146087304806,6.7795574100146805,6.194734764594931,0.5848226454197496,0.4155844155844156,True,0.3218390804597701,0.4254658385093168,9
s_527__17793194__156271,O=C(CN1C(=O)C2=CC=CC=C2C1=O)N3CCN(CC3)C4=CC=CC5=C4C=NN5,6.487080232366424,6.7454695366487645,6.228690928084084,0.5167786085646808,0.32432432432432434,False,0.25,0.2262773722627737,12
s_2230__16924054__9780156,COC1=CC=CC=C1C2=CCN(CC2)CCC3=C(N=C4C=CC=CN4C3=O)C,6.486681614843761,6.732467117020678,6.240896112666844,0.49157100435383416,0.36363636363636365,False,0.2888888888888888,0.4229508196721311,10
s_527__14793136__156271,O=C(CN1C(=O)C2=CC=CC=C2C1=O)N3CCN(CC3)C4=CC=CC5=C4C=CS5,6.483790081285325,6.7607014759449156,6.206878686625735,0.5538227893191809,0.44776119402985076,True,0.4246575342465753,0.3643724696356275,10
s_11__25843604__9457984,O=C1C2=CC=CC=C2C=CN1CC(=O)N3CCN(CC3)C4=CC=CC5=C4N=CN5,6.482065464305549,6.478756111726298,6.485374816884799,0.006618705158500937,0.3333333333333333,False,0.2043010752688172,0.203125,12
s_2430__22529678__17793198,O=C(NC1=CN=C2C=CC=CN2C1=O)N3CCN(CC3)C4=CC=CC5=C4C=NN5,6.480400055226353,6.681117888693059,6.279682221759646,0.4014356669334127,0.30864197530864196,False,0.2340425531914893,0.3230769230769231,10
s_2230__7462992__16949512,CC1=C(C(=O)N2CCCCC2=N1)CCN3CCC(CC3)C4=CNC5=NC=CC=C45,6.4802386738628766,6.949584466076462,6.010892881649291,0.938691584427171,0.625,True,0.4567901234567901,0.5291970802919708,5
m_2230__26079570__16949512,CC1=C(C(=O)N2CCCCC2=N1)CCN3CCC(CC3)CC4=C5N=CN(C5=CC=C4)C,6.479846708433104,6.990888411505482,5.968805005360727,1.0220834061447555,0.56,True,0.5063291139240507,0.5381818181818182,5
m_276450__14193364__27794768__18783450,CCN(CC1CCN(CC1)C2=CC=NC3=NC=NN23)C(=O)C4=C(CCOC4)Cl,6.47984504653561,6.009447034630432,6.950243058440789,0.940796023810357,0.20430107526881722,False,0.125,0.2631578947368421,12
m_282512__24308046__24203278,COCC1=CC=CC(=C1)C2=CN(N=N2)CCC3=C(N=C4CCCCN4C3=O)C,6.479593286274385,6.882713515859334,6.076473056689436,0.8062404591698975,0.4375,True,0.4390243902439024,0.4303405572755417,9
s_2230__13138144__7471562,CCOC1=CC=CN=C1N2CCN(CC2)CCN3C=NC4=CC=CC=C4C3=O,6.478513579309638,6.5290038102858095,6.428023348333467,0.10098046195234289,0.3409090909090909,False,0.1935483870967742,0.2435064935064935,12
m_276450__18755804__14202164__18957688,O=C(NCCN1CCN(CC1)C2=NC=NC3=C2C=CS3)C4=CC=CN5C4=NN=N5,6.4782647032051806,6.445120499703029,6.511408906707332,0.06628840700430239,0.37209302325581395,False,0.2526315789473684,0.2314285714285714,12
s_2230__5635392__10122656,CC1=C(C(=O)N2C=CSC2=N1)CCN3CCN(CC3)C4=NC=NC5=C4SC=C5,6.478241786142413,6.684251221113179,6.272232351171647,0.4120188699415319,0.4358974358974359,True,0.4320987654320987,0.4104046242774566,8
m_282512__24308046__24203696,CC1=C(C(=O)N2CCCCC2=N1)CCN3C=C(N=N3)C4=CC=CC(=C4C)C#N,6.476501680942716,6.7837636521944695,6.169239709690962,0.6145239425035074,0.4430379746835443,True,0.4285714285714285,0.4207317073170731,9
s_2230__8990960__16949512,CC1=C(C(=O)N2CCCCC2=N1)CCN3CCC(CC3)C4=NN=C5N4CCCC5,6.475687384167074,6.987766487569285,5.963608280764862,1.0241582068044233,0.609375,True,0.4571428571428571,0.5107913669064749,10
s_22__14793122__16762640,CC1=NC2=CC=C(C=C2C(=O)N1CC(=O)N3CCN(CC3)C4=CC=CC5=C4C=CS5)O,6.4747980204730435,6.657990627896776,6.29160541304931,0.3663852148474662,0.4675324675324675,True,0.3953488372093023,0.356401384083045,9
s_2230__10383828__9780156,CC1=C(C(=O)N2C=CC=CC2=N1)CCN3CCC(CC3)C4=CC=CC5=CN=CC=C45,6.474171698270817,6.8695819158792,6.0787614806624335,0.7908204352167667,0.46153846153846156,True,0.3043478260869565,0.4421768707482993,7
s_2430__22529536__12304852,O=C(NC1=CN=C2CCCCN2C1=O)N3CCN(CC3)C4=CC=CC5=C4C=CN5,6.473534521062726,6.692860598125569,6.254208443999882,0.4386521541256867,0.35365853658536583,False,0.3855421686746988,0.4716312056737589,5
s_2230__15607896__10122656,CC1=C(C(=O)N2C=CSC2=N1)CCN3CCN(CC3)C4=C5C=CN=C5NC=N4,6.473244459071744,6.548446785981815,6.398042132161674,0.15040465382014112,0.4024390243902439,True,0.2888888888888888,0.3855072463768116,7
s_2430__11680994__14793140,O=C1NC2=C(C=C1NC(=O)N3CCN(CC3)C4=CC=CC5=C4C=CS5)CCCC2,6.473019017568472,6.751397947846861,6.1946400872900815,0.5567578605567798,0.4444444444444444,True,0.4125,0.4266211604095563,7
s_1626__22069002__22121714,O=C(CN1N=CC2=C(C1=O)CCCC2)N3CCN(CC3)C4=CC=CC5=C4C=CN5,6.472611943632395,6.689746177301429,6.255477709963361,0.4342684673380681,0.26436781609195403,False,0.3103448275862069,0.290519877675841,8
m_527__12909438__156526,O=C(CN1C(=O)C2CCCCC2C1=O)N3CCN(CC3)C4=CC=CC5=C4NC=C5,6.47107862196988,6.648505558833533,6.2936516851062265,0.3548538737273068,0.2597402597402597,False,0.2298850574712643,0.2992125984251969,9
m_276450__14193098__14201692__18783450,CCC1CCCCC1C(=O)NCCC2CCN(CC2)C3=CC=NC4=NC=NN34,6.470827046509349,5.990835261592245,6.950818831426453,0.9599835698342076,0.23076923076923078,False,0.0970873786407767,0.1898305084745762,11
m_276450__14192934__14206960__18957688,O=C(NC1CCN(CC1)C2=NC=NC3=C2C=CS3)C4=CN=C5C=CC=CN5C4=O,6.470793496049861,6.431097165695899,6.510489826403824,0.07939266070792517,0.3181818181818182,False,0.2244897959183673,0.3862275449101796,11
s_2230__17848164__16949512,CC1=C(C(=O)N2CCCCC2=N1)CCN3CCC(CC3)N4C=NC5=C4CCCC5,6.469952838438291,6.884117432343504,6.055788244533079,0.8283291878104251,0.5277777777777778,True,0.44,0.5017421602787456,9
s_22__11825898__3392754,CC1=C(C(=O)N2N=CC=C2N1)CC(=O)N3CCN(CC3)C4=CC=CC5=C4C=CN5,6.469828890807213,6.619010740791537,6.320647040822887,0.2983636999686494,0.27472527472527475,False,0.2967032967032967,0.2932960893854748,8
s_11__25843604__54031,O=C(CN1C(=O)C2CCCCC2C1=O)N3CCN(CC3)C4=CC=CC5=C4N=CN5,6.46947245799063,6.588044075860758,6.350900840120501,0.2371432357402563,0.2558139534883721,False,0.2272727272727272,0.2894736842105263,9
s_2230__15607896__8635612,C1=CC2=C(N=CNC2=N1)N3CCN(CC3)CCC4=CC=C5OCCOC5=C4,6.46902084689806,6.453874672999725,6.484167020796395,0.030292347796669894,0.3333333333333333,False,0.1368421052631579,0.1993865030674846,9
s_527__17793194__155235,O=C1C2=CC=CC=C2N=CN1CC(=O)N3CCN(CC3)C4=CC=CC5=C4C=NN5,6.467239659217082,6.6179165717168775,6.3165627467172865,0.30135382499959107,0.34177215189873417,False,0.217391304347826,0.2348993288590604,11
s_22__13166772__309126,O=C1NC2=C(N1)C(=CC=C2)N3CCN(CC3)C(=O)CN4C(=O)C5=CC=CC=C5N=C4S,6.466494036300283,6.529065559268438,6.403922513332127,0.1251430459363112,0.3488372093023256,False,0.1875,0.2334384858044164,12
s_2230__2206582__16949512,CCOC1=CC=CC=C1C2=CCN(CC2)CCC3=C(N=C4CCCCN4C3=O)C,6.465319241826849,6.812286347178016,6.118352136475681,0.6939342107023352,0.4675324675324675,True,0.4556962025316455,0.5568181818181818,6
s_2230__5635392__4915570,C1=CC2=CC=C(C=C2C=C1)CCN3CCN(CC3)C4=NC=NC5=C4SC=C5,6.463167684242656,6.557015986780834,6.369319381704479,0.1876966050763551,0.42424242424242425,True,0.2289156626506024,0.2147651006711409,12
m_276450__18755804__27796260__28201464,O=C(NCCN1CCN(CC1)C2=NC=NC3=C2NC=C3)C4=C5NCCCN5N=C4,6.462284885881676,6.110021487396516,6.814548284366837,0.7045267969703213,0.3563218390804598,False,0.1979166666666666,0.1963350785340314,12
s_2230__25583134__9780156,CC1=C(C(=O)N2C=CC=CC2=N1)CCN3CCC(CC3)N4N=NC5=CC=CC=C45,6.461670300934563,6.824175709551034,6.099164892318092,0.7250108172329419,0.37037037037037035,False,0.3333333333333333,0.4102564102564102,11
s_1626__22069002__22102310,O=C(CN1N=NC2=CC=CC=C2C1=O)N3CCN(CC3)C4=CC=CC5=C4C=CN5,6.45947317446192,6.560724971464511,6.358221377459327,0.2025035940051838,0.3373493975903614,False,0.2307692307692307,0.2197452229299363,11
s_527__14793136__3392756,CC1=C(C(=O)N2N=CC=C2N1)CC(=O)N3CCN(CC3)C4=CC=CC5=C4C=CS5,6.458711798046062,6.737425922340785,6.179997673751339,0.5574282485894457,0.4268292682926829,True,0.4512195121951219,0.3958333333333333,7
m_276450__18755804__27796260__18941674,O=C(NCCN1CCN(CC1)C2=NC=NN3C2=CC=C3)C4=C5NCCCN5N=C4,6.458100660096079,6.21035643842723,6.705844881764929,0.4954884433376998,0.34210526315789475,False,0.12,0.1943734015345268,12
s_2230__18364006__8635612,C1=NC=C(N2C1=NN=N2)N3CCN(CC3)CCC4=CC=C5OCCOC5=C4,6.457262789887232,6.6431958027653994,6.271329777009065,0.37186602575633465,0.33766233766233766,False,0.1382978723404255,0.1495601173020528,11
m_282512__24308046__24219452,CC1=C(C(=O)N2CCCCC2=N1)CCN3C=C(N=N3)C4=CC=C(C5=C4C=NN5)F,6.456451175292166,6.958496235786943,5.954406114797388,1.004090120989555,0.44047619047619047,True,0.4022988505747126,0.4040697674418604,8
m_276450__14193364__27788150__28204368,CCN(CC1CCN(CC1)C2=CC=NC3=NC=CN23)C(=O)[C@H]4CCCO[C@H]4C,6.456004980200676,5.880137498866575,7.031872461534777,1.1517349626682023,0.2111111111111111,False,0.0943396226415094,0.2,12
s_2230__14471224__16949512,CC1=C(C(=O)N2CCCCC2=N1)CCN3CCC(CC3)N4N=CC5=CC=CC=C45,6.455480890044886,6.908768242321234,6.002193537768538,0.9065747045526962,0.5555555555555556,True,0.527027027027027,0.5610687022900763,6
s_2430__11680994__12304852,O=C1NC2=C(C=C1NC(=O)N3CCN(CC3)C4=CC=CC5=C4C=CN5)CCCC2,6.454988497852277,6.627231425193236,6.282745570511318,0.34448585468191784,0.2962962962962963,False,0.2584269662921348,0.30625,8
s_22__17793186__26978044,O=C(C1=C(C2=C(C=C1Br)OCCO2)Cl)N3CCN(CC3)C4=CC=CC5=C4C=NN5,6.454106476242592,6.612697503201122,6.295515449284062,0.31718205391706,0.27380952380952384,False,0.2061855670103092,0.2114803625377643,11
s_22__11825898__2823924,O=C(CN1C(=O)C2=CC=CN=C2C1=O)N3CCN(CC3)C4=CC=CC5=C4C=CN5,6.45336889338404,6.618028391026148,6.2887093957419316,0.3293189952842166,0.2840909090909091,False,0.2307692307692307,0.2131661442006269,11
s_11__12304832__22135484,O=C1C2=CC=CC=C2CCC1CC(=O)N3CCN(CC3)C4=CC=CC5=C4C=CN5,6.45297124284207,6.748893849811777,6.157048635872362,0.5918452139394148,0.3125,False,0.217391304347826,0.2909090909090909,12
s_11__22169922__22136346,COC1=CC=CC(=C1F)N2CCN(CC2)C(=O)CN3C(=O)C4=CC=CC=C4N=C3C,6.452786384141314,6.578796065152563,6.326776703130064,0.25201936202249886,0.39080459770114945,False,0.2105263157894736,0.2284768211920529,12
s_2230__25583960__9780156,CC1=C(C(=O)N2C=CC=CC2=N1)CCN3CCC(CC3)C4=NC5=CC=CN=C5S4,6.452539168306604,6.748840062048951,6.156238274564257,0.5926017874846945,0.3855421686746988,False,0.3010752688172043,0.4208955223880597,11
s_11__25843324__14868728,O=C(CN1N=CC2=C(C1=O)CCCC2)N3CCN(CC3)C4=CC=CC5=C4C=NN5,6.452260271757577,6.780534757862675,6.12398578565248,0.6565489722101949,0.27906976744186046,False,0.2954545454545454,0.2981366459627329,9
m_276450__18755804__27788694__18957688,O=C(NCCN1CCN(CC1)C2=NC=NC3=C2C=CS3)C4=NC=NC5=C4NC=C5,6.452258106798164,6.228513255242296,6.676002958354032,0.44748970311173597,0.3855421686746988,False,0.2555555555555555,0.2443181818181818,12
s_2430__22529678__26861752,O=C(NC1=CN=C2C=CC=CN2C1=O)N3CCN(CC3)C4=CC=CC5=C4N=CN5,6.452156314984085,6.4490615592917875,6.455251070676382,0.006189511384594226,0.27906976744186046,False,0.2083333333333333,0.3076923076923077,10
m_276450__14193364__27784680__18783450,CCN(CC1CCN(CC1)C2=CC=NC3=NC=NN23)C(=O)[C@H]4CCCC[C@@H]4O,6.4511840026920755,5.971097517757065,6.931270487627086,0.9601729698700208,0.19148936170212766,False,0.0970873786407767,0.2,12
s_527__14793136__761124,O=C1NC2=CC=CC=C2C=C1CC(=O)N3CCN(CC3)C4=CC=CC5=C4C=CS5,6.450715087916457,6.655273912020908,6.246156263812006,0.40911764820890184,0.47761194029850745,True,0.382716049382716,0.4881889763779528,10
s_269982__19898878__16949528,CC1=C(C(=O)N2CCCCC2=N1)CCN3CCN(CC3)[C@@H]4CCCC[C@H]4CN,6.4504615780579035,7.001771708765555,5.899151447350252,1.1026202614153036,0.5070422535211268,True,0.4459459459459459,0.7081339712918661,10
s_269982__11506158__16949528,CC1=C(C(=O)N2CCCCC2=N1)CCN3CCC(CC3)N4N=CC5=C4CNC5,6.449750656418583,6.929278707449089,5.970222605388078,0.9590561020610107,0.5,True,0.4177215189873418,0.4660194174757281,7
s_527__13035034__10564388,O=C(CN1C(=O)[C@H]2CC=CC[C@H]2C1=O)N3CCC(CC3)C4=CC=CC5=C4C=CN5,6.448763434380919,6.570099444266016,6.327427424495823,0.24267201977019326,0.2716049382716049,False,0.1612903225806451,0.2357142857142857,11
s_2430__22529678__14793140,O=C(NC1=CN=C2C=CC=CN2C1=O)N3CCN(CC3)C4=CC=CC5=C4C=CS5,6.448425144380497,6.68820962567097,6.208640663090024,0.47956896258094606,0.4358974358974359,True,0.3928571428571428,0.4418604651162791,8
m_276450__14192934__27794452__18957688,O=C(NC1CCN(CC1)C2=NC=NC3=C2C=CS3)C4=CN=C5C=CC=NN5C4=O,6.448383069925665,6.366059712547438,6.530706427303892,0.16464671475645432,0.2717391304347826,False,0.2222222222222222,0.3714285714285714,11
s_27__13968404__10340864,ClC1=C2CCCCC2=NC3=CC(=CC=C13)N4CCN(CC4)C5=CC=CC6=C5N=CN6,6.447961519877637,6.627293820398064,6.2686292193572095,0.3586646010408545,0.26136363636363635,False,0.1684210526315789,0.1993865030674846,9
s_2230__15607896__4915570,C1=CC2=CC=C(C=C2C=C1)CCN3CCN(CC3)C4=C5C=CN=C5NC=N4,6.447262898107873,6.353343368830551,6.541182427385196,0.187839058554645,0.36231884057971014,False,0.1413043478260869,0.1993243243243243,11
s_22__11825898__24335918,CCCCC1=NC(=C(C(=O)N1)CC(=O)N2CCN(CC2)C3=CC=CC4=C3C=CN4)C,6.446769648460149,6.535714337992849,6.3578249589274485,0.1778893790654008,0.3253012048192771,False,0.3370786516853932,0.6707818930041153,4
s_527__17793194__210149,C=C1C2=CC=CC=C2C(=O)N1CC(=O)N3CCN(CC3)C4=CC=CC5=C4C=NN5,6.44566222053799,6.772550633565456,6.118773807510523,0.6537768260549326,0.30666666666666664,False,0.2333333333333333,0.2342657342657342,12
s_1626__22069002__22101694,CCOC1=CC=CC=C1C(=O)NCC(=O)N2CCN(CC2)C3=CC=CC4=C3C=CN4,6.445063873225523,6.35471061630149,6.535417130149557,0.18070651384806702,0.4057971014492754,True,0.2234042553191489,0.2068965517241379,12
m_276450__18755804__27796260__18251492,O=C(NCCN1CCN(CC1)C2=NC=NC3=C2C=CN3)C4=C5NCCCN5N=C4,6.444634026344984,6.155808970887005,6.733459081802963,0.5776501109159584,0.3488372093023256,False,0.2105263157894736,0.1815718157181571,11
s_2230__13451958__16949512,CC1=CC=CC(=C1C)C2=CCN(CC2)CCC3=C(N=C4CCCCN4C3=O)C,6.444527749059743,6.888999467618301,6.0000560305011845,0.8889434371171161,0.5138888888888888,True,0.4868421052631579,0.5896414342629482,6
s_22__17793186__2823924,O=C(CN1C(=O)C2=CC=CN=C2C1=O)N3CCN(CC3)C4=CC=CC5=C4C=NN5,6.44338701934393,6.700178405794706,6.186595632893154,0.5135827729015512,0.29545454545454547,False,0.2282608695652173,0.2149532710280373,12
s_527__13166786__9703978,CC1=NC2=CC=CC=C2C(=O)N1CC(=O)N3CCN(CC3)C4=CC=CC5=C4NC(=O)N5,6.442159691482615,6.384845588975005,6.499473793990225,0.11462820501521964,0.3855421686746988,False,0.2127659574468085,0.2402597402597402,11
s_2230__18325406__16949512,CC1=C(C(=O)N2CCCCC2=N1)CCN3CCC(CC3)C4=NN=C5N4C=CN=C5,6.4414422215859455,6.937199506652205,5.945684936519686,0.9915145701325194,0.5333333333333333,True,0.4125,0.5342960288808665,7
s_487__14793132__25374498,O=C1NC2=CC=CC=C2C(=C1C(=O)N3CCN(CC3)C4=CC=CC5=C4C=CS5)O,6.440887483693223,6.647575163422477,6.234199803963969,0.4133753594585077,0.463768115942029,True,0.3950617283950617,0.4007352941176471,11
s_487__12304844__25374498,O=C1NC2=CC=CC=C2C(=C1C(=O)N3CCN(CC3)C4=CC=CC5=C4C=CN5)O,6.440873670989648,6.547110306532262,6.3346370354470345,0.2124732710852273,0.32432432432432434,False,0.25,0.2814569536423841,12
s_2230__22996886__16949512,CC1=C(C(=O)N2CCCCC2=N1)CCN3CCC(CC3)C4=CC=CC=C4C#N,6.440184393622433,7.026831954908237,5.853536832336627,1.1732951225716102,0.6716417910447762,True,0.4736842105263157,0.6170212765957447,5
m_282512__24308046__24219794,CC1=C(C(=O)N2CCCCC2=N1)CCN3C=C(N=N3)C4=C5C(=CC=C4)ON=C5N,6.439794861144322,6.827722998044465,6.051866724244179,0.7758562738002865,0.4470588235294118,True,0.4186046511627907,0.3896457765667575,8
s_11__25843324__3392752,CC1=C(C(=O)N2N=CC=C2N1)CC(=O)N3CCN(CC3)C4=CC=CC5=C4C=NN5,6.439284136643138,6.690987660195958,6.1875806130903195,0.5034070471056387,0.2857142857142857,False,0.2826086956521739,0.2897727272727273,9
s_527__17793194__550102,O=C(CN1C(=O)NC2=CC=CC=C2C1=O)N3CCN(CC3)C4=CC=CC5=C4C=NN5,6.439187488010585,6.764269222808182,6.114105753212989,0.650163469595193,0.34210526315789475,False,0.2333333333333333,0.218954248366013,12
s_2230__2206656__9780156,CC1=C(C(=O)N2C=CC=CC2=N1)CCN3CCC(CC3)C4=CC5=CC=CC=C5N4,6.4389205911684035,6.795714333755372,6.082126848581435,0.713587485173937,0.38271604938271603,False,0.3,0.4281045751633986,9
s_2230__7460536__16949512,CC1=C(C(=O)N2CCCCC2=N1)CCN3CC=C(CC3)C4=CNC5=NC=CC=C45,6.438255578528196,6.826781632122917,6.049729524933474,0.7770521071894434,0.4625,True,0.4337349397590361,0.49,6
s_2230__3695526__10122656,CCOC1=CC=NC(=N1)N2CCN(CC2)CCC3=C(N=C4SC=CN4C3=O)C,6.438230405400593,6.506427725286819,6.370033085514367,0.13639463977245114,0.4125,True,0.3522727272727273,0.382716049382716,10
s_2230__13421042__9780156,CC1=C(C(=O)N2C=CC=CC2=N1)CCN3CC=C(CC3)C4=CNC5=CC=CC=C45,6.437443199735118,6.702064821981302,6.172821577488935,0.5292432444923669,0.3372093023255814,False,0.2826086956521739,0.4128440366972477,10
s_527__14793136__9452456,O=C(CN1CCC2=CC=CC=C2C1=O)N3CCN(CC3)C4=CC=CC5=C4C=CS5,6.436060419377358,6.822184650470742,6.049936188283974,0.7722484621867682,0.410958904109589,True,0.379746835443038,0.3544776119402985,11
m_276450__18755804__14201520__18957688,O=C(NCCN1CCN(CC1)C2=NC=NC3=C2C=CS3)C4=CC=CC5=C4N=CN5,6.4360567130529915,6.318198228662358,6.553915197443626,0.2357169687812677,0.36486486486486486,False,0.2747252747252747,0.2445820433436532,11
m_276450__18755804__27814096__18957688,CNC1=CC=CC=C1C(=O)NCCN2CCN(CC2)C3=NC=NC4=C3C=CS4,6.435213395856016,6.191900928693238,6.678525863018794,0.48662493432555554,0.4264705882352941,True,0.2840909090909091,0.28,11
m_274860__17175286__15234898__23196854,C=CCC1CCCCN1C(=O)CCCN2C=C(N=N2)C3=CC=CC4=C3C=CS4,6.4341838637163455,6.633575952525971,6.23479177490672,0.3987841776192518,0.3111111111111111,False,0.2903225806451613,0.2625,10
s_2230__9417632__8635612,C1=NC=C(N2C1=NC=N2)N3CCN(CC3)CCC4=CC=C5OCCOC5=C4,6.433985076208282,6.530950223444386,6.337019928972178,0.19393029447220833,0.32051282051282054,False,0.1382978723404255,0.1597633136094674,10
s_527__14793136__24335920,CCCCC1=NC(=C(C(=O)N1)CC(=O)N2CCN(CC2)C3=CC=CC4=C3C=CS4)C,6.433882710492013,6.679447565313785,6.188317855670242,0.49112970964354297,0.5,True,0.5,0.9056603773584906,3
s_2230__2262196__9780156,CC1=C(C(=O)N2C=CC=CC2=N1)CCN3CC=C(CC3)C4=CC=CC5=CC=CC=C45,6.433719041742291,6.741669352834174,6.125768730650408,0.6159006221837666,0.37037037037037035,False,0.3068181818181818,0.4628975265017668,8
s_2230__665714__9780156,CC1=C(C(=O)N2C=CC=CC2=N1)CCN3CCC(CC3)C4=CNC5=CC=CC=C45,6.433653403375439,6.766072802390969,6.101234004359909,0.6648387980310604,0.4358974358974359,True,0.3,0.4309210526315789,9
s_2230__5307032__9780156,CCOC1=CC=CC=C1C2CCN(CC2)CCC3=C(N=C4C=CC=CN4C3=O)C,6.431845688448913,6.791438104557778,6.072253272340048,0.7191848322177297,0.4230769230769231,True,0.3,0.4421768707482993,9
s_2430__22529536__17793198,O=C(NC1=CN=C2CCCCN2C1=O)N3CCN(CC3)C4=CC=CC5=C4C=NN5,6.430860964822148,6.78666267078526,6.075059258859037,0.7116034119262231,0.37037037037037035,False,0.369047619047619,0.4731182795698925,6
s_2230__11566760__9780156,CC1=C(C(=O)N2C=CC=CC2=N1)CCN3CCC(CC3)C4=C(C(=CC=C4)F)F,6.430494243040229,6.993432894115907,5.8675555919645515,1.1258773021513555,0.4473684210526316,True,0.3181818181818182,0.4491228070175438,9
s_269982__23176304__22498030,CC1=C(C(=O)N2C=CC=CC2=N1)CCN3CCC4(CC3)CNCC5=CC=CC=C45,6.429944118337623,6.742382957839524,6.117505278835722,0.6248776790038022,0.3493975903614458,False,0.3,0.4395973154362416,10
s_22__11825898__761094,O=C1NC2=CC=CC=C2C=C1CC(=O)N3CCN(CC3)C4=CC=CC5=C4C=CN5,6.427977755927668,6.515027766851881,6.340927745003456,0.17410002184842455,0.4027777777777778,True,0.2386363636363636,0.352112676056338,11
s_11__25843604__54496,O=C1C2=CC=CC=C2N=CN1CC(=O)N3CCN(CC3)C4=CC=CC5=C4N=CN5,6.42784598710619,6.381320970605899,6.474371003606481,0.09305003300058168,0.32941176470588235,False,0.1935483870967742,0.2243589743589743,11
s_11__12304832__28252106,O=C(CC1=C(C2=CC=CC=C2C=C1)Cl)N3CCN(CC3)C4=CC=CC5=C4C=CN5,6.426580319448208,6.482094089101898,6.371066549794518,0.11102753930738007,0.36486486486486486,False,0.2222222222222222,0.2259259259259259,11
s_527__14793136__9703978,CC1=NC2=CC=CC=C2C(=O)N1CC(=O)N3CCN(CC3)C4=CC=CC5=C4C=CS5,6.425992927216902,6.5689050905091575,6.283080763924647,0.2858243265845104,0.5,True,0.419753086419753,0.3682310469314079,8
s_527__17793194__157541,O=C(CN1N=NC2=CC=CC=C2C1=O)N3CCN(CC3)C4=CC=CC5=C4C=NN5,6.425785844284096,6.648047442268607,6.203524246299586,0.4445231959690208,0.3493975903614458,False,0.217391304347826,0.2258064516129032,12
s_269982__11506158__22498030,CC1=C(C(=O)N2C=CC=CC2=N1)CCN3CCC(CC3)N4N=CC5=C4CNC5,6.424737060557614,6.721211336214248,6.128262784900982,0.592948551313266,0.3372093023255814,False,0.25,0.3654390934844193,11
s_2230__7558134__16949512,CC1=C(C(=O)N2CCCCC2=N1)CCN3CCC(CC3)C(O)C4=NC=CN4C,6.423891291665162,6.858149784100826,5.989632799229497,0.868516984871329,0.5135135135135135,True,0.4125,0.5662650602409639,9
m_276450__27869470__27782246__28201854,CC1CCOCC1C(=O)N2CC[C@H](C2)N3CCN(CC3)C4=NC=NC5=C4SC=N5,6.423045764438638,6.166747393694692,6.679344135182584,0.5125967414878918,0.17777777777777778,False,0.1666666666666666,0.2476190476190476,12
s_2230__3695196__9780156,CCN1C=CN=C1CN2CCN(CC2)CCC3=C(N=C4C=CC=CN4C3=O)C,6.42276243698917,6.592121820005827,6.253403053972512,0.3387187660333151,0.4155844155844156,True,0.2941176470588235,0.4452054794520548,12
s_270004__24159310__14575900,O=C1NC2=CC=CC=C2C(=C1CN3CCN(CC3)C4=C5C=CN=C5NC=N4)Cl,6.422252962634122,6.351050851682027,6.493455073586218,0.142404221904191,0.3380281690140845,False,0.15,0.2776119402985074,12
s_27__9581216__60938,O=C1C2=CC=CC=C2C(=O)N1CCC3=CCN(CC3)C4=NC=NC5=C4C=CS5,6.420893882362621,6.566532547342825,6.2752552173824165,0.29127732996040834,0.27710843373493976,False,0.2891566265060241,0.3103448275862069,12
s_527__14793136__16918182,O=C1C2=CC=CC=C2CCC1CC(=O)N3CCN(CC3)C4=CC=CC5=C4C=CS5,6.420781124608918,6.8335515375302345,6.008010711687601,0.8255408258426336,0.4383561643835616,True,0.3658536585365853,0.4471544715447154,11
s_2430__15148972__17793198,O=C(NC1=CC2=C(C=C1Cl)OCCC2)N3CCN(CC3)C4=CC=CC5=C4C=NN5,6.41983287662911,6.585129391212155,6.254536362046066,0.33059302916608946,0.27586206896551724,False,0.21875,0.1987767584097859,10
s_22__11825898__309126,O=C(CN1C(=O)C2=CC=CC=C2N=C1S)N3CCN(CC3)C4=CC=CC5=C4C=CN5,6.418615910532959,6.526517859548167,6.310713961517751,0.21580389803041555,0.35294117647058826,False,0.2365591397849462,0.2310126582278481,10
m_282512__24308046__24220242,COC1=C(C=CC=C1C2=CN(N=N2)CCC3=C(N=C4CCCCN4C3=O)C)F,6.41794735025314,6.922875959070704,5.913018741435575,1.0098572176351288,0.4375,True,0.4285714285714285,0.408284023668639,9
s_527__14793136__157541,O=C(CN1N=NC2=CC=CC=C2C1=O)N3CCN(CC3)C4=CC=CC5=C4C=CS5,6.4176916493850324,6.729852316650596,6.10553098211947,0.6243213345311256,0.4782608695652174,True,0.382716049382716,0.3368421052631579,10
s_22__13570828__26978044,O=C(C1=C(C2=C(C=C1Br)OCCO2)Cl)N3CCN(CC3)C4=CC=NC5=C4SC=C5,6.4172312823319135,6.17897872030021,6.655483844363617,0.47650512406340706,0.21739130434782608,False,0.202020202020202,0.2262569832402234,12
s_527__13035034__155235,O=C1C2=CC=CC=C2N=CN1CC(=O)N3CCC(CC3)C4=CC=CC5=C4C=CN5,6.413556178900406,6.410946092823547,6.4161662649772655,0.005220172153718394,0.2696629213483146,False,0.1515151515151515,0.2275641025641025,11
s_2430__22529536__22575770,O=C(NC1=CN=C2CCCCN2C1=O)N3CCN(CC3)C4=CC=NC5=C4SC=C5,6.4124846598405725,6.3740864130313675,6.450882906649778,0.0767964936184109,0.3373493975903614,False,0.3563218390804598,0.4675324675324675,7
s_273910__29019122__25421998,CC1=C(C(=O)N2C=CC=CC2=N1)CCN3C=C(N=N3)C4=CC=CC5=C4C=CS5,6.412159506997016,6.703752863385725,6.120566150608306,0.5831867127774188,0.43037974683544306,True,0.4235294117647059,0.3770491803278688,9
s_527__13035034__9703978,CC1=NC2=CC=CC=C2C(=O)N1CC(=O)N3CCC(CC3)C4=CC=CC5=C4C=CN5,6.411965386816176,6.331995708559193,6.491935065073159,0.1599393565139664,0.3103448275862069,False,0.1818181818181818,0.2334384858044164,10
s_1626__22069002__512916,O=C(CN1N=CC2=CC=CC=C2C1=O)N3CCN(CC3)C4=CC=CC5=C4C=CN5,6.411854351823822,6.538177468123222,6.28553123552442,0.2526462325988019,0.33766233766233766,False,0.2307692307692307,0.196875,12
s_11__22174136__14868728,O=C(CN1N=CC2=C(C1=O)CCCC2)N3CCC(CC3)C4=CC=CC5=C4C=CN5,6.411406545323359,6.560315491945911,6.262497598700808,0.297817893245103,0.29545454545454547,False,0.2210526315789473,0.227405247813411,9
s_11__22174274__3392752,CC1=C(C(=O)N2N=CC=C2N1)CC(=O)N3CCN(CC3)C4=CC=NC5=C4SC=C5,6.411160740430514,6.268958607195111,6.553362873665917,0.28440426647080663,0.25806451612903225,False,0.2736842105263158,0.3010471204188482,10
s_22__14793122__20854936,CC1=C(C(=O)NC2=CC=CC=C12)CC(=O)N3CCN(CC3)C4=CC=CC5=C4C=CS5,6.4108198738112785,6.688013351840326,6.133626395782231,0.5543869560580958,0.4788732394366197,True,0.419753086419753,0.4714828897338403,10
s_22__11825898__20854936,CC1=C(C(=O)NC2=CC=CC=C12)CC(=O)N3CCN(CC3)C4=CC=CC5=C4C=CN5,6.409950804152219,6.541336525108717,6.278565083195722,0.26277144191299495,0.34210526315789475,False,0.2727272727272727,0.3412969283276451,11
s_274090__16949518__28728020,CC1=C(C(=O)N2CCCCC2=N1)CCN3C=C(N=N3)C4=CC=CC(=C4N)C#N,6.409571345543874,6.826002446117978,5.993140244969771,0.832862201148207,0.43209876543209874,True,0.4235294117647059,0.4325153374233129,9
s_11__25843604__3392752,CC1=C(C(=O)N2N=CC=C2N1)CC(=O)N3CCN(CC3)C4=CC=CC5=C4N=CN5,6.409285440928785,6.439602629276772,6.378968252580798,0.06063437669597427,0.24468085106382978,False,0.2553191489361702,0.282258064516129,9
s_22__13968870__550054,O=C(CN1C(=O)NC2=CC=CC=C2C1=O)N3CCN(CC3)C4=CC=CC5=C4N=CN5,6.408928639805325,6.511213384973577,6.306643894637073,0.20456949033650407,0.3037974683544304,False,0.2065217391304347,0.203125,12
s_2230__9417632__4915570,C1=CC2=CC=C(C=C2C=C1)CCN3CCN(CC3)C4=CN=CC5=NC=NN45,6.408191003734847,6.442808694015131,6.373573313454562,0.06923538056056877,0.3561643835616438,False,0.1428571428571428,0.1573770491803278,12
m_276450__18755804__27801334__18251492,O=C(NCCN1CCN(CC1)C2=NC=NC3=C2C=CN3)C4=CSC5=C4CCOC5,6.407943645697263,6.263219962646324,6.5526673287482025,0.2894473661018786,0.3333333333333333,False,0.2164948453608247,0.1876675603217158,12
s_11__22174136__3392752,CC1=C(C(=O)N2N=CC=C2N1)CC(=O)N3CCC(CC3)C4=CC=CC5=C4C=CN5,6.407448905077837,6.496216401460132,6.318681408695543,0.17753499276458928,0.3111111111111111,False,0.2121212121212121,0.258575197889182,9
s_2230__15494046__9780156,CC1=C(C(=O)N2C=CC=CC2=N1)CCN3CCC(CC3)N4C=NC5=CC=CN=C45,6.407352127910363,6.66848694656105,6.146217309259677,0.5222696373013731,0.35714285714285715,False,0.2903225806451613,0.3944099378881988,11
s_11__22174274__115783,CC1=NC2=NC=NN2C(=C1CC(=O)N3CCN(CC3)C4=CC=NC5=C4SC=C5)C,6.406878059732726,6.176720856946791,6.63703526251866,0.46031440557186887,0.2808988764044944,False,0.2631578947368421,0.2359550561797752,10
s_22__13968870__2823924,O=C(CN1C(=O)C2=CC=CN=C2C1=O)N3CCN(CC3)C4=CC=CC5=C4N=CN5,6.405656036209714,6.470470220069846,6.340841852349582,0.12962836772026343,0.2840909090909091,False,0.202127659574468,0.2012012012012012,12
s_527__13035034__157541,O=C(CN1N=NC2=CC=CC=C2C1=O)N3CCC(CC3)C4=CC=CC5=C4C=CN5,6.4042300013792675,6.459884775515161,6.348575227243374,0.1113095482717874,0.2727272727272727,False,0.1515151515151515,0.2110091743119266,12
s_2230__17309928__9780156,CC1=C(C(=O)N2C=CC=CC2=N1)CCN3CCC(CC3)N4C=NC5=CC=CC=C45,6.403150910642435,6.608457251298605,6.197844569986266,0.4106126813123385,0.35365853658536583,False,0.3333333333333333,0.4142394822006472,10
s_11__25843604__22136346,CC1=NC2=CC=CC=C2C(=O)N1CC(=O)N3CCN(CC3)C4=CC=CC5=C4N=CN5,6.401680530009404,6.256992165289061,6.546368894729747,0.2893767294406864,0.3764705882352941,False,0.2234042553191489,0.2264150943396226,10
s_2624__28902240__27378702,CC1=C(C(=O)N2C=CC=CC2=N1)CCN3C=C(C=N3)C4=CC=CC5=C4OCO5,6.401196448706848,6.520386686927454,6.2820062104862435,0.2383804764412103,0.3103448275862069,False,0.2765957446808511,0.3227513227513227,12
s_1626__22069002__22102660,CC1=NC2=NC=NN2C(=C1CC(=O)N3CCN(CC3)C4=CC=CC5=C4C=CN5)C,6.400908113027325,6.486723462147775,6.315092763906875,0.17163069824090016,0.29545454545454547,False,0.2826086956521739,0.2218844984802431,8
s_2230__20055952__9780156,CC1=C(C(=O)N2C=CC=CC2=N1)CCN3CCC(CC3)C4=CNC5=CN=CC=C45,6.400834999344944,6.737050598929047,6.064619399760842,0.672431199168205,0.40963855421686746,True,0.2736842105263158,0.4102564102564102,9
s_2230__17654190__9780156,COC1=C(C=CC=C1C2CCN(C2)CCC3=C(N=C4C=CC=CN4C3=O)C)F,6.400380103184666,6.850812391340689,5.949947815028643,0.9008645763120464,0.3855421686746988,False,0.2842105263157894,0.405144694533762,10
s_2230__9417632__10122656,CC1=C(C(=O)N2C=CSC2=N1)CCN3CCN(CC3)C4=CN=CC5=NC=NN45,6.399756576665107,6.58823935032871,6.211273803001505,0.3769655473272051,0.3902439024390244,False,0.2921348314606741,0.3626062322946176,8
s_68__29804264__26735642,O=C1NC2=NC=CC=C2C=C1NC(=O)N3CCN(CC3)C4=CC=CC5=C4C=CS5,6.398066377554219,6.563593506171377,6.232539248937061,0.3310542572343156,0.44594594594594594,True,0.3488372093023256,0.3384615384615385,11
s_2430__22529536__26861752,O=C(NC1=CN=C2CCCCN2C1=O)N3CCN(CC3)C4=CC=CC5=C4N=CN5,6.3976572249308195,6.517488740690916,6.277825709170724,0.23966303152019197,0.3253012048192771,False,0.3372093023255814,0.4440677966101695,6
s_527__13035034__210149,C=C1C2=CC=CC=C2C(=O)N1CC(=O)N3CCC(CC3)C4=CC=CC5=C4C=CN5,6.3976216245272335,6.575576124900236,6.219667124154231,0.3559090007460046,0.27710843373493976,False,0.1546391752577319,0.2112211221122112,12
m_276450__18755804__14203690__18957688,O=C(NCCN1CCN(CC1)C2=NC=NC3=C2C=CS3)C4=CSC5=C4CCCC5,6.397007476095242,6.218189717174538,6.575825235015945,0.35763551784140724,0.35294117647058826,False,0.3068181818181818,0.2513661202185792,10
s_2430__737976__12304852,O=C(NC1=CC2=C(C=C1Br)OCCO2)N3CCN(CC3)C4=CC=CC5=C4C=CN5,6.396796179825232,6.41828091439201,6.375311445258453,0.04296946913355715,0.2875,False,0.2222222222222222,0.2168284789644013,10
s_2430__22529320__12304852,O=C1OC2=CC=CC=C2C=C1NC(=O)N3CCN(CC3)C4=CC=CC5=C4C=CN5,6.395745719780519,6.470204081314125,6.321287358246913,0.14891672306721215,0.33766233766233766,False,0.217391304347826,0.2275449101796407,12
s_2230__9164062__16949512,CC1=C(C(=O)N2CCCCC2=N1)CCN3CCC(CC3)C4=CC=CC=C4CO,6.394792774022733,6.928227215841192,5.861358332204273,1.0668688836369187,0.6818181818181818,True,0.48,0.6196581196581197,5
s_527__13035034__156526,O=C(CN1C(=O)C2CCCCC2C1=O)N3CCC(CC3)C4=CC=CC5=C4C=CN5,6.394761324927973,6.572731074351975,6.216791575503971,0.355939498848004,0.275,False,0.1758241758241758,0.2140221402214022,9
s_527__17793194__761124,O=C1NC2=CC=CC=C2C=C1CC(=O)N3CCN(CC3)C4=CC=CC5=C4C=NN5,6.392638080102534,6.583410674182593,6.201865486022475,0.38154518816011773,0.410958904109589,True,0.2359550561797752,0.3571428571428571,12
s_11__25843604__53633,O=C(CN1C(=O)C2=CC=CC=C2C1=O)N3CCN(CC3)C4=CC=CC5=C4N=CN5,6.392531880300951,6.438617631733114,6.346446128868789,0.09217150286432485,0.3037974683544304,False,0.2209302325581395,0.2096219931271477,12
s_527__13035034__156271,O=C(CN1C(=O)C2=CC=CC=C2C1=O)N3CCC(CC3)C4=CC=CC5=C4C=CN5,6.391977851934825,6.5287301661204005,6.255225537749249,0.2735046283711515,0.27848101265822783,False,0.1648351648351648,0.196551724137931,12
s_2230__7462750__9780156,CC1=C(C(=O)N2C=CC=CC2=N1)CCN3CCC(CC3)C4=NC5=CC=CC=C5N4,6.391971275996095,6.770770047370891,6.0131725046213,0.7575975427495907,0.37037037037037035,False,0.3,0.4319727891156462,10
s_2430__740638__17793198,O=C(NC1=CC2=C(C=C1Cl)OCCO2)N3CCN(CC3)C4=CC=CC5=C4C=NN5,6.3915395868291025,6.536363255474464,6.246715918183741,0.2896473372907238,0.3,False,0.2197802197802197,0.2032258064516129,11
s_2430__22529678__13035038,O=C(NC1=CN=C2C=CC=CN2C1=O)N3CCC(CC3)C4=CC=CC5=C4C=CN5,6.390342320491409,6.452979827700872,6.327704813281946,0.12527501441892674,0.2608695652173913,False,0.1683168316831683,0.2897727272727273,10
s_2230__18057700__9780156,CC1=C(C(=O)N2C=CC=CC2=N1)CCN3CCC(CC3)C4=CNC5=CC=CN=C45,6.389920977632641,6.692001258311563,6.087840696953719,0.604160561357844,0.38095238095238093,False,0.2872340425531915,0.4185303514376997,10
s_11__25843604__210148,C=C1C2=CC=CC=C2C(=O)N1CC(=O)N3CCN(CC3)C4=CC=CC5=C4N=CN5,6.389620607991258,6.492468028752202,6.286773187230313,0.20569484152188888,0.2857142857142857,False,0.2065217391304347,0.2171052631578947,12
s_2430__11680994__17793198,O=C1NC2=C(C=C1NC(=O)N3CCN(CC3)C4=CC=CC5=C4C=NN5)CCCC2,6.38915885493957,6.690519581408753,6.087798128470387,0.6027214529383667,0.3048780487804878,False,0.2555555555555555,0.3079365079365079,9
s_11__25843604__141458,O=C(CN1N=NC2=CC=CC=C2C1=O)N3CCN(CC3)C4=CC=CC5=C4N=CN5,6.388627077936068,6.433431590140243,6.343822565731894,0.08960902440834939,0.32558139534883723,False,0.1914893617021276,0.2140672782874617,12
m_276450__18755804__14201978__14155830,O=C(NCCN1CCN(CC1)C2=NC=NC3=C2N=CS3)C4=C5CCCCN5N=C4,6.388076675725859,6.154204552105892,6.621948799345826,0.467744247239934,0.3218390804597701,False,0.2446808510638297,0.2148337595907928,10
s_11__25843324__117015,O=C(CC1=CC2=C(C=C1Br)OCCO2)N3CCN(CC3)C4=CC=CC5=C4C=NN5,6.388040000885393,6.542994886366495,6.2330851154042906,0.3099097709622045,0.2962962962962963,False,0.217391304347826,0.2172523961661341,10
m_527__12909438__156271,O=C(CN1C(=O)C2=CC=CC=C2C1=O)N3CCN(CC3)C4=CC=CC5=C4NC=C5,6.387302966019446,6.500555731865373,6.274050200173519,0.2265055316918536,0.2948717948717949,False,0.2235294117647059,0.2158273381294964,12
s_2230__679108__16949512,CC1=C(C(=O)N2CCCCC2=N1)CCN3CCC(CC3)C4=NC5=CC=CC=C5O4,6.387047621992545,6.974971534165314,5.799123709819778,1.175847824345536,0.6,True,0.4675324675324675,0.5304659498207885,6
s_270004__24159310__24720676,NC1=C(C(=O)C2=CC(=CC=C2O1)F)CN3CCN(CC3)C4=C5C=CN=C5NC=N4,6.3831545884341025,6.435775278770062,6.330533898098144,0.10524138067191746,0.28378378378378377,False,0.1415094339622641,0.2506738544474393,12
s_2430__11680994__22575770,O=C1NC2=C(C=C1NC(=O)N3CCN(CC3)C4=CC=NC5=C4SC=C5)CCCC2,6.382607270152242,6.257416754430107,6.507797785874376,0.2503810314442694,0.2696629213483146,False,0.2365591397849462,0.3196480938416422,10
s_27__9581216__1009294,O=C1C2=CC=CC=C2C(=O)N1CCC3=CCN(CC3)C4=NC=CC5=C4C=CS5,6.3820327005305,6.609520323617233,6.154545077443766,0.4549752461734675,0.325,False,0.3170731707317073,0.3557046979865771,11
s_11__25843604__14868728,O=C(CN1N=CC2=C(C1=O)CCCC2)N3CCN(CC3)C4=CC=CC5=C4N=CN5,6.38197726018352,6.495659693157615,6.2682948272094245,0.22736486594819016,0.25274725274725274,False,0.2666666666666666,0.2818991097922849,9
m_527__12909438__761124,O=C1NC2=CC=CC=C2C=C1CC(=O)N3CCN(CC3)C4=CC=CC5=C4NC=C5,6.381781171459066,6.461867753552945,6.301694589365186,0.16017316418775884,0.375,False,0.2111111111111111,0.3485915492957746,12
s_2230__4819028__9780156,CC1=C(C(=O)N2C=CC=CC2=N1)CCN3CCC(CC3)C4=NN=C5N4C=CC=C5,6.381480300665263,6.753605102857553,6.009355498472973,0.7442496043845797,0.4025974025974026,True,0.2771084337349397,0.4148606811145511,11
s_2230__5307032__10122656,CCOC1=CC=CC=C1C2CCN(CC2)CCC3=C(N=C4SC=CN4C3=O)C,6.381294786589114,6.696458095502691,6.066131477675539,0.6303266178271523,0.46153846153846156,True,0.3295454545454545,0.3670886075949367,9
s_2230__2206582__9780156,CCOC1=CC=CC=C1C2=CCN(CC2)CCC3=C(N=C4C=CC=CN4C3=O)C,6.380468008049547,6.5954994374168665,6.165436578682229,0.43006285873463757,0.3707865168539326,False,0.2826086956521739,0.4230769230769231,10
s_527__13035034__24335920,CCCCC1=NC(=C(C(=O)N1)CC(=O)N2CCC(CC2)C3=CC=CC4=C3C=CN4)C,6.379790230773005,6.426791740956268,6.332788720589742,0.09400302036652519,0.3333333333333333,False,0.2474226804123711,0.524904214559387,5
s_27__16803670__17068690,N#CC1=CC2=C(CCSC2)N=C1NCC3CCN(CC3)C4=NC=NC5=C4C=CN5,6.379366813153188,6.342610780568517,6.416122845737859,0.07351206516934194,0.2127659574468085,False,0.1121495327102803,0.185378590078329,12
s_22__11825898__9475876,CC1=NC2=CC=CC=C2C(=C1C(=O)N3CCN(CC3)C4=CC=CC5=C4C=CN5)C,6.378680756548052,6.278007023155772,6.479354489940332,0.20134746678455961,0.3373493975903614,False,0.2282608695652173,0.1993243243243243,10
s_22__13570828__16762640,CC1=NC2=CC=C(C=C2C(=O)N1CC(=O)N3CCN(CC3)C4=CC=NC5=C4SC=C5)O,6.377677524243274,6.171605741012003,6.583749307474545,0.41214356646254124,0.3020833333333333,False,0.2424242424242424,0.2543859649122807,12
s_11__14793120__115783,CC1=NC2=NC=NN2C(=C1CC(=O)N3CCN(CC3)C4=CC=CC5=C4C=CS5)C,6.377572883684399,6.595769759758018,6.1593760076107795,0.4363937521472385,0.44871794871794873,True,0.4390243902439024,0.3223684210526316,7
s_269982__12707276__16949528,CC1=C(C(=O)N2CCCCC2=N1)CCN3CCC(CC3)C4=C5CNCCC5=NN4,6.377413710595068,6.865933650913096,5.888893770277041,0.9770398806360552,0.5131578947368421,True,0.4,0.5086505190311419,9
m_276450__18755804__14203920__28202336,O=C(NCCN1CCN(CC1)C2=NC=NN3C2=NC=C3)C4CCCN5C4=CC=N5,6.376897159545283,6.294679878086127,6.459114441004439,0.16443456291831193,0.30337078651685395,False,0.1188118811881188,0.1983695652173913,12
s_22__17793186__28246902,O=C(CC1=C(C2=CC=CC=C2C=C1)Cl)N3CCN(CC3)C4=CC=CC5=C4C=NN5,6.375925893654657,6.550275731453808,6.201576055855506,0.3486996755983016,0.37333333333333335,False,0.2197802197802197,0.2267657992565055,12
s_2430__737976__14793140,O=C(NC1=CC2=C(C=C1Br)OCCO2)N3CCN(CC3)C4=CC=CC5=C4C=CS5,6.3758170672924885,6.5010755005201295,6.250558634064848,0.25051686645528193,0.41333333333333333,True,0.3658536585365853,0.3297872340425531,9
s_2430__15423922__12304852,O=C(NC1=CC2=CC=CC=C2N=C1Cl)N3CCN(CC3)C4=CC=CC5=C4C=CN5,6.375789147576248,6.449727891478928,6.301850403673568,0.14787748780535992,0.34177215189873417,False,0.217391304347826,0.2062937062937063,11
s_22__13570828__24335918,CCCCC1=NC(=C(C(=O)N1)CC(=O)N2CCN(CC2)C3=CC=NC4=C3SC=C4)C,6.375210027973724,6.193070611314639,6.557349444632809,0.3642788333181697,0.3176470588235294,False,0.3118279569892473,0.6468401486988847,6
s_274090__16949518__12386018,CCOC1=CC=CC=C1C2=CN(N=N2)CCC3=C(N=C4CCCCN4C3=O)C,6.37298972538538,6.677718343166378,6.068261107604382,0.6094572355619956,0.43037974683544306,True,0.4268292682926829,0.425531914893617,9
s_2230__19628938__9780156,CC1=C(C(=O)N2C=CC=CC2=N1)CCN3CCC(CC3)C4=CN5C=CC=CC5=N4,6.372604310691534,6.694613129206604,6.0505954921764635,0.6440176370301405,0.38961038961038963,False,0.2705882352941176,0.4006211180124223,10
s_22__13968870__24335918,CCCCC1=NC(=C(C(=O)N1)CC(=O)N2CCN(CC2)C3=CC=CC4=C3N=CN4)C,6.369833164886853,6.353532783245481,6.386133546528225,0.03260076328274408,0.29069767441860467,False,0.2934782608695652,0.6264591439688716,5
s_273910__29019122__25421384,CC1=C(C(=O)N2C=CC=CC2=N1)CCN3C=C(N=N3)C4=CC=CC5=C4OCO5,6.369505682154145,6.463883703396593,6.275127660911697,0.1887560424848953,0.29213483146067415,False,0.2765957446808511,0.3073047858942065,12
s_2430__11680994__13035038,O=C1NC2=C(C=C1NC(=O)N3CCC(CC3)C4=CC=CC5=C4C=CN5)CCCC2,6.367623904607547,6.513476352971276,6.221771456243818,0.2917048967274578,0.3058823529411765,False,0.1752577319587628,0.2325581395348837,9
m_276450__18755804__14200672__18957688,O=C(NCCN1CCN(CC1)C2=NC=NC3=C2C=CS3)C4=C5OCCCN5N=C4,6.366568326404017,6.181443992235495,6.551692660572538,0.37024866833704273,0.3563218390804598,False,0.2659574468085106,0.2349869451697128,10
m_276450__18755804__14200672__28201464,O=C(NCCN1CCN(CC1)C2=NC=NC3=C2NC=C3)C4=C5OCCCN5N=C4,6.365389680629669,6.117550643556876,6.6132287177024605,0.4956780741455846,0.367816091954023,False,0.1919191919191919,0.1839378238341968,12
m_273458__11122836__13035088,O=C(NC1=C(C2=C(C=C1)CNCC2)F)N3CCC(CC3)C4=CC=CC5=C4C=CN5,6.364042235871516,6.541689311789405,6.186395159953626,0.3552941518357784,0.27586206896551724,False,0.1359223300970873,0.1762917933130699,10
s_22__28465444__9457986,O=C1C2=CC=CC=C2C=CN1CC(=O)N3CCN(CC3)C4=CC=CC5=C4OC=C5,6.363799860604514,6.34765493747467,6.3799447837343575,0.03228984625968767,0.3253012048192771,False,0.2,0.2149837133550488,12
s_27__9581216__25397508,O=C1C2=CC=CC=C2C(=O)N1CCC3=CCN(CC3)C4=NC=C(C5=C4C=CS5)Br,6.363601346223566,6.5660043623544695,6.161198330092662,0.4048060322618072,0.27058823529411763,False,0.2584269662921348,0.3427672955974842,12
s_2230__13575530__9780156,CC1=CC=CC(=C1C)C2CCN(CC2)CCC3=C(N=C4C=CC=CN4C3=O)C,6.362638574422403,6.7856944118235685,5.9395827370212375,0.846111674802331,0.4594594594594595,True,0.3218390804597701,0.4571428571428571,9
m_276450__18755804__27786990__14214422,CSCC1=CC=CN=C1C(=O)NCCN2CCN(CC2)C3=C4C=C(SC4=NC=N3)C,6.362390171383272,6.197741184531585,6.527039158234959,0.32929797370337344,0.34831460674157305,False,0.2142857142857142,0.2415730337078651,12
s_11__22174274__14868728,O=C(CN1N=CC2=C(C1=O)CCCC2)N3CCN(CC3)C4=CC=NC5=C4SC=C5,6.362189295368374,6.2951734936514825,6.429205097085266,0.13403160343378318,0.24719101123595505,False,0.2888888888888888,0.3028571428571429,10
s_11__25843324__115783,CC1=NC2=NC=NN2C(=C1CC(=O)N3CCN(CC3)C4=CC=CC5=C4C=NN5)C,6.360731560650617,6.564617794829961,6.156845326471274,0.4077724683586874,0.3068181818181818,False,0.2688172043010752,0.2191358024691358,9
s_2230__25806648__9780156,CC1=C(C(=O)N2C=CC=CC2=N1)CCN3CCC(CC3)C4=NC5=CN=CC=C5S4,6.359819041315486,6.689122913245666,6.030515169385307,0.658607743860359,0.36904761904761907,False,0.3010752688172043,0.4059701492537313,10
m_276450__18755804__14203920__28201464,O=C(NCCN1CCN(CC1)C2=NC=NC3=C2NC=C3)C4CCCN5C4=CC=N5,6.3590233676247365,6.214938565067886,6.503108170181588,0.28816960511370215,0.3258426966292135,False,0.1919191919191919,0.2299465240641711,11
s_2230__12156366__16949512,CC1=C(C(=O)N2CCCCC2=N1)CCN3CCC(CC3)C(O)C4=CC=NN4C,6.358568085111161,6.79614700357443,5.9209891666478915,0.8751578369265385,0.527027027027027,True,0.4125,0.5653846153846154,8
s_22__11825898__28465996,CC1=C(C(=O)C2=CC=CN=C2N1)C(=O)N3CCN(CC3)C4=CC=CC5=C4C=CN5,6.3584945101259525,6.4434437683728,6.2735452518791055,0.1698985164936948,0.2962962962962963,False,0.2608695652173913,0.2932551319648094,10
s_22__13570828__326448,O=C(CCN1C(=O)C2=CC=CC=C2N=C1S)N3CCN(CC3)C4=CC=NC5=C4SC=C5,6.358285290671473,6.290465942880495,6.426104638462451,0.13563869558195663,0.32926829268292684,False,0.2526315789473684,0.2660818713450292,12
m_276450__18755804__27782922__28201854,O=C1NC2CCC1CC2C(=O)NCCN3CCN(CC3)C4=C5SC=NC5=NC=N4,6.35779878116089,6.394001398802314,6.321596163519466,0.07240523528284815,0.29213483146067415,False,0.2083333333333333,0.2337662337662337,11
s_2230__7460536__9780156,CC1=C(C(=O)N2C=CC=CC2=N1)CCN3CC=C(CC3)C4=CNC5=NC=CC=C45,6.354806907309866,6.594170163404133,6.115443651215599,0.47872651218853424,0.3229166666666667,False,0.2708333333333333,0.3872832369942196,10
s_269982__16770194__22498030,CC1=C(C(=O)N2C=CC=CC2=N1)CCN3CCC(CC3)C4=CC=CC=C4CN,6.353862585404469,6.721314715337639,5.986410455471299,0.7349042598663402,0.4342105263157895,True,0.3068181818181818,0.4642857142857143,9
s_2230__13035036__11757162,CC(=O)C1=CC=CC=C1NC(=O)CCCN2CCC(CC2)C3=CC=CC4=C3C=CN4,6.351579932226791,6.468744282318081,6.234415582135501,0.23432870018258,0.3974358974358974,False,0.2282608695652173,0.2647058823529412,12
s_68__23312044__26735642,CC(C)C(NC(=O)N1CCN(CC1)C2=CC=CC3=C2C=CS3)C(=O)N4CCOCC4,6.3497521084959985,6.616772893938549,6.082731323053447,0.5340415708851021,0.4025974025974026,True,0.3780487804878049,0.3909465020576131,9
s_68__28413404__26735642,O=C(OC1=C(C2=C(C=C1)OCCO2)Cl)N3CCN(CC3)C4=CC=CC5=C4C=CS5,6.349661965155844,6.6474659326619285,6.051857997649759,0.5956079350121692,0.38461538461538464,False,0.3658536585365853,0.2955326460481099,9
s_68__28893786__26735642,O=C1C(=COC2=CC=CC=C12)NC(=O)N3CCN(CC3)C4=CC=CC5=C4C=CS5,6.348026955033868,6.563924726503152,6.132129183564584,0.43179554293856803,0.410958904109589,True,0.3614457831325301,0.3322475570032573,10
m_276450__18755804__27796994__14155830,CNC1=NC=CN=C1C(=O)NCCN2CCN(CC2)C3=NC=NC4=C3N=CS4,6.348022246490716,6.073644663618231,6.622399829363202,0.5487551657449705,0.32142857142857145,False,0.2127659574468085,0.2011661807580174,12
s_22__11825898__20854020,O=C1OC2=CC=CC=C2C=C1CC(=O)N3CCN(CC3)C4=CC=CC5=C4C=CN5,6.346596019685751,6.434588263447199,6.2586037759243025,0.17598448752289642,0.3333333333333333,False,0.2307692307692307,0.2888888888888888,11
m_276450__18755804__14200672__18251492,O=C(NCCN1CCN(CC1)C2=NC=NC3=C2C=CN3)C4=C5OCCCN5N=C4,6.34579257153441,6.163508132033927,6.5280770110348945,0.36456887900096735,0.36046511627906974,False,0.2040816326530612,0.1706666666666666,11
m_276450__18755804__14206804__18251492,O=C(NCCN1CCN(CC1)C2=NC=NC3=C2C=CN3)C4=CN=C5N4CCCC5,6.345779086538267,6.378187693815447,6.313370479261087,0.06481721455436062,0.35294117647058826,False,0.2921348314606741,0.1739130434782608,12
s_2430__737976__22575770,O=C(NC1=CC2=C(C=C1Br)OCCO2)N3CCN(CC3)C4=CC=NC5=C4SC=C5,6.34401016923599,6.06058866888408,6.627431669587899,0.5668430007038197,0.26136363636363635,False,0.2105263157894736,0.2365269461077844,12
s_2230__7462992__9780156,CC1=C(C(=O)N2C=CC=CC2=N1)CCN3CCC(CC3)C4=CNC5=NC=CC=C45,6.343355539807943,6.625533267454925,6.061177812160962,0.5643554552939625,0.39759036144578314,False,0.2872340425531915,0.4037267080745341,9
s_27__9581216__15258810,O=C1C2=CC=CC=C2C(=O)N1CCC3=CCN(CC3)C4=NC=CC5=C4C=CO5,6.342973803195326,6.483134728780736,6.202812877609915,0.28032185117082076,0.2222222222222222,False,0.2,0.2625,12
s_527__14793136__488308,O=C(CN1N=CC2=CC=CC=C2C1=O)N3CCN(CC3)C4=CC=CC5=C4C=CS5,6.342652799073792,6.6322747030954154,6.053030895052169,0.5792438080432465,0.4507042253521127,True,0.382716049382716,0.314878892733564,11
m_276450__18755804__27810480__18251492,O=C(NCCN1CCN(CC1)C2=NC=NC3=C2C=CN3)C4=NNC5=C4COCC5,6.341885387238401,6.22855619187534,6.455214582601461,0.22665839072612126,0.3409090909090909,False,0.2164948453608247,0.1908602150537634,12
s_2430__26895820__12304852,O=C(NC1=CC2=C(CCCC2)N=C1Cl)N3CCN(CC3)C4=CC=CC5=C4C=CN5,6.3415619168365165,6.589330192099176,6.093793641573857,0.4955365505253191,0.2891566265060241,False,0.2258064516129032,0.2039106145251396,7
m_276450__18755804__27786098__18251492,O=C(NCCN1CCN(CC1)C2=NC=NC3=C2C=CN3)C4=CC=NN5C4=NC=C5,6.341371210833817,6.292455564211479,6.390286857456155,0.09783129324467588,0.3855421686746988,False,0.1919191919191919,0.1804733727810651,12
s_2430__740638__22575770,O=C(NC1=CC2=C(C=C1Cl)OCCO2)N3CCN(CC3)C4=CC=NC5=C4SC=C5,6.341350825553205,6.105708613750915,6.576993037355494,0.4712844236045788,0.26136363636363635,False,0.2105263157894736,0.2232142857142857,12
s_2230__19628974__9780156,CC1=C(C(=O)N2C=CC=CC2=N1)CCN3CCC(CC3)C4=CN5C=CC=NC5=N4,6.340642507884068,6.710105149176764,5.971179866591371,0.7389252825853925,0.35714285714285715,False,0.2527472527472527,0.4095238095238095,11
s_2430__22529536__13035038,O=C(NC1=CN=C2CCCCN2C1=O)N3CCC(CC3)C4=CC=CC5=C4C=CN5,6.340329636327899,6.56065817487929,6.120001097776509,0.4406570771027809,0.3855421686746988,False,0.2857142857142857,0.372168284789644,6
s_22__14793122__309126,O=C(CN1C(=O)C2=CC=CC=C2N=C1S)N3CCN(CC3)C4=CC=CC5=C4C=CS5,6.339065803931133,6.663754613933962,6.014376993928303,0.6493776200056596,0.5,True,0.3855421686746988,0.3519163763066202,9
m_2230__16517384__9780156,CC1=C(C(=O)N2C=CC=CC2=N1)CCN3CCC(CC3)N4N=C5C=CC=CC5=N4,6.337901032452583,6.681759789553664,5.994042275351502,0.6877175142021619,0.37662337662337664,False,0.3214285714285714,0.4276094276094276,11
s_2230__13451958__9780156,CC1=CC=CC(=C1C)C2=CCN(CC2)CCC3=C(N=C4C=CC=CN4C3=O)C,6.337692186494088,6.603924870615812,6.071459502372366,0.5324653682434457,0.35365853658536583,False,0.3033707865168539,0.4381270903010033,10
m_276450__18755804__27801074__28201854,CCCN1CCC[C@H]1C(=O)NCCN2CCN(CC2)C3=NC=NC4=C3SC=N4,6.337370372952536,6.308254606299978,6.366486139605095,0.058231533305116656,0.2839506172839506,False,0.21875,0.2346938775510204,11
s_1626__22069002__22098942,CC1=NC2=CC=CC=C2C(=C1CC(=O)N3CCN(CC3)C4=CC=CC5=C4C=CN5)C,6.337334238154982,6.397948157536304,6.276720318773661,0.12122783876264354,0.3411764705882353,False,0.2234042553191489,0.2176870748299319,9
s_207__21548606__26990598,N#CC1=CC=CC=C1N2CCC(CC2)NCC3=C(C4=C(C=C3Br)OCCO4)Cl,6.336348610267372,6.486796622169346,6.185900598365398,0.300896023803948,0.2235294117647059,False,0.1078431372549019,0.1823899371069182,12
m_2230__8644830__16949512,CC1=C(C(=O)N2CCCCC2=N1)CCN3CCC(CC3)CCCN4C=CN=C4,6.33597803090517,6.827533828384074,5.844422233426266,0.9831115949578084,0.5066666666666667,True,0.4459459459459459,0.5882352941176471,9
m_276450__18755804__14204362__18957688,CCC1=CC=CN=C1C(=O)NCCN2CCN(CC2)C3=NC=NC4=C3C=CS4,6.335286798065998,6.180747821469213,6.489825774662783,0.30907795319357056,0.37349397590361444,False,0.2777777777777778,0.2560240963855422,11
m_527__12909438__3392756,CC1=C(C(=O)N2N=CC=C2N1)CC(=O)N3CCN(CC3)C4=CC=CC5=C4NC=C5,6.333747911607919,6.4604703482868,6.207025474929038,0.2534448733577621,0.2608695652173913,False,0.2688172043010752,0.287292817679558,9
s_273910__29019122__25421768,CC1=C(C(=O)N2C=CC=CC2=N1)CCN3C=C(N=N3)C4=CC=CC5=C4C=NN5,6.333549255240156,6.608687116858387,6.058411393621924,0.5502757232364628,0.3103448275862069,False,0.2736842105263158,0.320855614973262,11
m_276450__18755804__27814096__14155830,CNC1=CC=CC=C1C(=O)NCCN2CCN(CC2)C3=NC=NC4=C3N=CS4,6.333201799042626,6.067349661695639,6.599053936389613,0.5317042746939737,0.43283582089552236,True,0.2258064516129032,0.2295597484276729,12
s_2230__2544230__16949512,CC1=C(C(=O)N2CCCCC2=N1)CCN3CCC(CC3)C4=CC=NN4CCO,6.332726706834728,6.8897388559835555,5.7757145576859,1.1140242982976556,0.5915492957746479,True,0.4177215189873418,0.5447761194029851,8
s_2230__14471224__9780156,CC1=C(C(=O)N2C=CC=CC2=N1)CCN3CCC(CC3)N4N=CC5=CC=CC=C45,6.332559023630649,6.616377527295197,6.048740519966101,0.5676370073290959,0.35802469135802467,False,0.3333333333333333,0.4166666666666667,10
s_2230__7284534__16949512,CC1=C(C(=O)N2CCCCC2=N1)CCN3CCN(CC3)C(=O)C4CCCN4C,6.332465400145194,6.783450555561574,5.881480244728814,0.9019703108327599,0.5,True,0.4459459459459459,0.6915887850467289,9
s_11__22169922__54867,COC1=CC=CC(=C1F)N2CCN(CC2)C(=O)CC3=C(C4=CC=CC=C4N=C3C)C,6.332188659732205,6.573741268870625,6.090636050593784,0.48310521827684116,0.36363636363636365,False,0.173469387755102,0.2012987012987013,12
s_22__13035022__2823924,O=C(CN1C(=O)C2=CC=CN=C2C1=O)N3CCC(CC3)C4=CC=CC5=C4C=CN5,6.33189074076732,6.4817172757116035,6.182064205823036,0.2996530698885671,0.25842696629213485,False,0.1515151515151515,0.1909090909090909,12
s_1626__22069002__22017184,CC1=C(C(=O)OC2=CC=CC=C12)C(=O)N3CCN(CC3)C4=CC=CC5=C4C=CN5,6.331546658017528,6.3623018105160325,6.300791505519024,0.06151030499700827,0.2911392405063291,False,0.2696629213483146,0.271875,12
s_11__12304832__27839484,O=C(CC1=CC2=CC=CC=C2N=C1Cl)N3CCN(CC3)C4=CC=CC5=C4C=CN5,6.330872790721125,6.425198689441636,6.236546892000615,0.1886517974410209,0.34177215189873417,False,0.2150537634408602,0.2162162162162162,10
s_2230__7461332__16949512,CC1=C(C(=O)N2CCCCC2=N1)CCN3CCC(CC3)C(=O)NCCC4=CC=CS4,6.33065283424712,6.794522882107296,5.866782786386945,0.9277400957203517,0.5657894736842105,True,0.4320987654320987,0.6508620689655172,6
s_2230__5307032__7471562,CCOC1=CC=CC=C1C2CCN(CC2)CCN3C=NC4=CC=CC=C4C3=O,6.330305160081409,6.49367631261869,6.1669340075441275,0.32674230507456237,0.3116883116883117,False,0.1720430107526881,0.2271186440677966,12
s_2230__24549986__16949512,CC1=C(C(=O)N2CCCCC2=N1)CCN3CCN(CC3)CCNC(=O)C4=CC=CO4,6.329027176677011,6.652186133053685,6.005868220300337,0.6463179127533483,0.5135135135135135,True,0.4415584415584415,0.6275303643724697,6
s_22__11825898__21203144,CC1=NC2=NC=CC=C2C=C1CC(=O)N3CCN(CC3)C4=CC=CC5=C4C=CN5,6.32868585160871,6.418281078118687,6.239090625098733,0.17919045301995418,0.3048780487804878,False,0.2258064516129032,0.2122186495176848,9
s_11__25843604__117015,O=C(CC1=CC2=C(C=C1Br)OCCO2)N3CCN(CC3)C4=CC=CC5=C4N=CN5,6.328531467798344,6.281591462906207,6.3754714726904815,0.09388000978427424,0.25,False,0.1914893617021276,0.209090909090909,10
s_2230__18325406__9780156,CC1=C(C(=O)N2C=CC=CC2=N1)CCN3CCC(CC3)C4=NN=C5N4C=CN=C5,6.328361597858024,6.666807152399954,5.989916043316093,0.6768911090838614,0.36904761904761907,False,0.2555555555555555,0.4161490683229814,11
m_276450__18955116__27782246__14155830,CC1CCOCC1C(=O)N2CCC3(CC2)CCN(CC3)C4=NC=NC5=C4N=CS5,6.3280536240446015,6.0206176239545055,6.635489624134697,0.6148720001801911,0.17391304347826086,False,0.16,0.2278481012658227,12
m_276450__18755804__27781330__18957688,O=C(C[C@H]1CCCC[C@H]1F)NCCN2CCN(CC2)C3=NC=NC4=C3C=CS4,6.325329889648138,6.314894154310187,6.33576562498609,0.020871470675903225,0.3218390804597701,False,0.2637362637362637,0.3286713286713286,10
s_2430__11680994__26861752,O=C1NC2=C(C=C1NC(=O)N3CCN(CC3)C4=CC=CC5=C4N=CN5)CCCC2,6.325002525295645,6.417869151981214,6.2321358986100766,0.18573325337113733,0.26666666666666666,False,0.2282608695652173,0.2930513595166163,9
m_276450__18755804__27788800__18251492,O=C(NCCN1CCN(CC1)C2=C3C=CNC3=NC=N2)[C@H]4C[C@H]5C=C[C@@H]4CCC5,6.324558569881807,6.315012303404569,6.334104836359046,0.01909253295447666,0.32954545454545453,False,0.1979166666666666,0.2289562289562289,12
s_270004__13035046__24720676,NC1=C(C(=O)C2=CC(=CC=C2O1)F)CN3CCC(CC3)C4=CC=CC5=C4C=CN5,6.3243471769915125,6.694357550145816,5.954336803837209,0.7400207463086073,0.30952380952380953,False,0.1553398058252427,0.2042042042042042,11
s_22__13968870__28246902,O=C(CC1=C(C2=CC=CC=C2C=C1)Cl)N3CCN(CC3)C4=CC=CC5=C4N=CN5,6.324059634171215,6.301265354670361,6.346853913672069,0.04558855900170755,0.34146341463414637,False,0.1935483870967742,0.2183098591549295,12
s_11__28469268__550016,O=C(CN1C(=O)NC2=CC=CC=C2C1=O)N3CCN(CC3)C4=CC=CC5=C4OC=C5,6.323987548588317,6.432554957175948,6.215420140000685,0.21713481717526317,0.3333333333333333,False,0.202127659574468,0.2161290322580645,12
s_22__28465444__10564386,O=C(CN1C(=O)[C@H]2CC=CC[C@H]2C1=O)N3CCN(CC3)C4=CC=CC5=C4OC=C5,6.323832090101778,6.378711248316546,6.268952931887011,0.10975831642953526,0.2682926829268293,False,0.2159090909090909,0.3206106870229007,11
m_276450__18755804__14205908__18251492,CCCN1CCCC1C(=O)NCCN2CCN(CC2)C3=NC=NC4=C3C=CN4,6.3235622186640965,6.2863414255915515,6.3607830117366415,0.07444158614509,0.3218390804597701,False,0.2105263157894736,0.2355072463768115,10
m_276450__18755804__14203690__14214582,O=C(NCCN1CCN(CC1)C2=NC=NC3=C2SC=C3)C4=CSC5=C4CCCC5,6.32315270877025,6.183269732676223,6.463035684864278,0.2797659521880549,0.35294117647058826,False,0.2777777777777778,0.213903743315508,12
s_11__22174136__117015,O=C(CC1=CC2=C(C=C1Br)OCCO2)N3CCC(CC3)C4=CC=CC5=C4C=CN5,6.322917736935496,6.3412961432585275,6.3045393306124655,0.03675681264606201,0.29069767441860467,False,0.1414141414141414,0.1744548286604361,10
m_276450__27871500__27809982__28202336,CCCN1CCCCC1C(=O)N[C@H](C)CN2CCN(CC2)C3=NC=NN4C3=NC=C4,6.322187077909332,6.4010180566640225,6.243356099154641,0.15766195750938117,0.2268041237113402,False,0.1262135922330097,0.2152777777777778,12
m_276450__18755804__27791496__28201338,O=C(NCCN1CCN(CC1)C2=NC=NC3=C2C=NN3)C4CCCC5=C4C=CS5,6.321622537316307,6.2535676138721765,6.389677460760437,0.13610984688826022,0.3258426966292135,False,0.2244897959183673,0.2270114942528735,11
m_276450__18755804__27783838__18957688,O=C(NCCN1CCN(CC1)C2=NC=NC3=C2C=CS3)C4=NNC5=C4CCCN5,6.319778150205396,6.22153998799627,6.4180163124145215,0.1964763244182519,0.3563218390804598,False,0.3,0.2809917355371901,11
s_22__13968870__761094,O=C1NC2=CC=CC=C2C=C1CC(=O)N3CCN(CC3)C4=CC=CC5=C4N=CN5,6.319482360247449,6.297141706936718,6.341823013558178,0.044681306621460415,0.35526315789473684,False,0.2087912087912088,0.3378378378378378,12
m_276450__18755804__27791496__14155830,O=C(NCCN1CCN(CC1)C2=NC=NC3=C2N=CS3)C4CCCC5=C4C=CS5,6.318400713578611,6.192944775654065,6.443856651503157,0.25091187584909136,0.30337078651685395,False,0.2244897959183673,0.2314049586776859,10
m_276450__14193134__27809982__18957688,CCCN1CCCCC1C(=O)N(C)CCC2CCN(CC2)C3=NC=NC4=C3C=CS4,6.31818385736782,6.368779594272503,6.267588120463136,0.10119147380936688,0.23076923076923078,False,0.2340425531914893,0.3215547703180212,10
s_22__17793186__9475876,CC1=NC2=CC=CC=C2C(=C1C(=O)N3CCN(CC3)C4=CC=CC5=C4C=NN5)C,6.317591959075267,6.35612217420131,6.2790617439492245,0.07706043025208587,0.3493975903614458,False,0.2258064516129032,0.2039473684210526,11
m_276450__27869470__14200008__28201464,O=C(C=C1CCCCC1)N2CC[C@H](C2)N3CCN(CC3)C4=NC=NC5=C4NC=C5,6.317515025069794,6.194040129971869,6.440989920167718,0.24694979019584906,0.21739130434782608,False,0.1770833333333333,0.2866666666666667,12
s_527__17793194__155628,CC1=NC2=CC=CC=C2C(=C1CC(=O)N3CCN(CC3)C4=CC=CC5=C4C=NN5)C,6.317361759827603,6.480909268962305,6.1538142506929,0.32709501826940546,0.35294117647058826,False,0.2210526315789473,0.2185430463576159,10
s_2430__22529320__14793140,O=C1OC2=CC=CC=C2C=C1NC(=O)N3CCN(CC3)C4=CC=CC5=C4C=CS5,6.317201963459617,6.581444172878684,6.0529597540405495,0.5284844188381346,0.4383561643835616,True,0.3614457831325301,0.3224755700325732,11
s_2430__740638__26861752,O=C(NC1=CC2=C(C=C1Cl)OCCO2)N3CCN(CC3)C4=CC=CC5=C4N=CN5,6.3167780029335105,6.281541262824135,6.352014743042887,0.07047348021875255,0.27586206896551724,False,0.1935483870967742,0.1944444444444444,11
s_11__12304832__28469502,O=C(CC1=CC2=CC=CC=C2N=C1Br)N3CCN(CC3)C4=CC=CC5=C4C=CN5,6.316111008031314,6.411374385768,6.220847630294628,0.19052675547337206,0.34177215189873417,False,0.2150537634408602,0.2147651006711409,10
s_11__22174274__22272842,CC1=NC2=NC=CC=C2C=C1CC(=O)N3CCN(CC3)C4=CC=NC5=C4SC=C5,6.31574096737015,6.182114784181216,6.449367150559085,0.26725236637786853,0.2840909090909091,False,0.2258064516129032,0.2228739002932551,11
s_22__28465444__59515,O=C(CN1C(=O)C2CCCCC2C1=O)N3CCN(CC3)C4=CC=CC5=C4OC=C5,6.315408924559444,6.436908422294634,6.193909426824255,0.24299899547037906,0.2682926829268293,False,0.2298850574712643,0.3134920634920635,9
m_276450__18755804__14203920__18251492,O=C(NCCN1CCN(CC1)C2=NC=NC3=C2C=CN3)C4CCCN5C4=CC=N5,6.315391743099472,6.266355005937266,6.364428480261677,0.09807347432441116,0.3181818181818182,False,0.2040816326530612,0.2142857142857142,10
s_11__22174136__115783,CC1=NC2=NC=NN2C(=C1CC(=O)N3CCC(CC3)C4=CC=CC5=C4C=CN5)C,6.314966997345361,6.36366500307945,6.266268991611272,0.09739601146817733,0.3258426966292135,False,0.2,0.1823529411764705,9
m_276450__18755804__27801074__14214582,CCCN1CCC[C@H]1C(=O)NCCN2CCN(CC2)C3=NC=NC4=C3SC=C4,6.3142563841333,6.2934011194743755,6.335111648792224,0.041710529317848355,0.3181818181818182,False,0.2473118279569892,0.2783505154639175,11
m_276450__18755804__27811504__18957688,CCCC1=C(SN=N1)C(=O)NCCN2CCN(CC2)C3=NC=NC4=C3C=CS4,6.31404971608743,6.245335515254726,6.382763916920135,0.13742840166540926,0.3448275862068966,False,0.2826086956521739,0.2565597667638484,11
m_276450__18755804__27786920__14214422,CCN1CCOCC1CC(=O)NCCN2CCN(CC2)C3=C4C=C(SC4=NC=N3)C,6.31353414672247,6.248961407693991,6.37810688575095,0.12914547805695875,0.2872340425531915,False,0.198019801980198,0.2861538461538461,11
s_527__18967554__9703978,CC1=NC2=CC=CC=C2C(=O)N1CC(=O)N3CCC(CC3)C4=CC=CC5=CN=CC=C45,6.313255193805107,6.180258802824579,6.446251584785634,0.2659927819610557,0.29545454545454547,False,0.1470588235294117,0.2410423452768729,11
m_276450__18755804__27788924__18957688,O=C(NCCN1CCN(CC1)C2=NC=NC3=C2C=CS3)C4=NC=CN5C4=NN=C5,6.310461050689699,6.2915403282320685,6.329381773147329,0.037841444915260425,0.37209302325581395,False,0.2526315789473684,0.2366197183098591,12
s_527__13035034__761124,O=C1NC2=CC=CC=C2C=C1CC(=O)N3CCC(CC3)C4=CC=CC5=C4C=CN5,6.3097277066151065,6.3797488627873316,6.239706550442881,0.14004231234445097,0.3466666666666667,False,0.15625,0.3209459459459459,12
s_275090__29019144__16482932,CC1=C(C(=O)N2C=CC=CC2=N1)CCN3C=C(N=N3)C4=CC=CC5=C4NCC5,6.309266363033886,6.559374825454014,6.059157900613758,0.5002169248402559,0.28888888888888886,False,0.2604166666666667,0.3402597402597402,12
s_22__17793186__28465996,CC1=C(C(=O)C2=CC=CN=C2N1)C(=O)N3CCN(CC3)C4=CC=CC5=C4C=NN5,6.3085870177489625,6.512561911913731,6.104612123584194,0.4079497883295371,0.30864197530864196,False,0.2580645161290322,0.2865497076023391,11
m_276450__14193098__14201978__28201464,O=C(NCCC1CCN(CC1)C2=NC=NC3=C2NC=C3)C4=C5CCCCN5N=C4,6.308135506177352,6.068520465058385,6.547750547296318,0.4792300822379332,0.2826086956521739,False,0.18,0.1974025974025974,12
m_276450__27869474__27782246__18955122,CC1CCOCC1C(=O)N2CC[C@@H](C2)N3CCN(CC3)C4=NC=NC5=C4N=CN5,6.30764675387433,5.993441208594417,6.621852299154244,0.628411090559827,0.18556701030927836,False,0.1442307692307692,0.2382550335570469,12
m_276450__18755804__14201874__18957688,CCC1=CC=CC=C1C(=O)NCCN2CCN(CC2)C3=NC=NC4=C3C=CS4,6.306074620010806,6.063708508849176,6.548440731172435,0.48473222232325863,0.43283582089552236,True,0.2840909090909091,0.261437908496732,11
s_11__25843604__115783,CC1=NC2=NC=NN2C(=C1CC(=O)N3CCN(CC3)C4=CC=CC5=C4N=CN5)C,6.305882877783345,6.339385282587665,6.272380472979024,0.0670048096086413,0.26666666666666666,False,0.2421052631578947,0.2142857142857142,9
m_276450__18755804__27801120__28201464,CN1CCCCC1CC(=O)NCCN2CCN(CC2)C3=NC=NC4=C3NC=C4,6.305302038436829,6.197017508436146,6.413586568437512,0.21656906000136544,0.3372093023255814,False,0.2105263157894736,0.2517006802721088,11
s_2230__12121556__16949512,CC1=C(C(=O)N2CCCCC2=N1)CCN3CCN(CC3)C(=O)C4=CC=CN4C,6.304760868418443,6.731990038882647,5.877531697954239,0.8544583409284083,0.5428571428571428,True,0.4657534246575342,0.5884615384615385,6
s_2230__10706192__9780156,CC1=C(C(=O)N2C=CC=CC2=N1)CCN3CCC(CC3)C4=CC=NC5=CC=CC=C45,6.3039063161613225,6.6140184988111805,5.993794133511464,0.6202243652997161,0.4358974358974359,True,0.2967032967032967,0.4391891891891892,8
m_276450__18755804__27815324__18957688,COC1=CN=CC=C1C(=O)NCCN2CCN(CC2)C3=NC=NC4=C3C=CS4,6.303496624110519,6.226315194220473,6.380678054000564,0.15436285978009057,0.463768115942029,True,0.2688172043010752,0.2643312101910828,11
s_22__13035022__20854936,CC1=C(C(=O)NC2=CC=CC=C12)CC(=O)N3CCC(CC3)C4=CC=CC5=C4C=CN5,6.30197500841377,6.419920511893753,6.184029504933787,0.23589100695996557,0.3023255813953488,False,0.1875,0.3156146179401993,12
m_276450__18755804__14203920__28201534,O=C(NCCN1CCN(CC1)C2=NC=NC3=C2OC=C3)C4CCCN5C4=CC=N5,6.299508370790724,6.186197848728629,6.412818892852819,0.22662104412419026,0.32954545454545453,False,0.19,0.2373333333333333,11
m_276450__18755804__27783876__18957688,CNC1=CN=NC=C1C(=O)NCCN2CCN(CC2)C3=NC=NC4=C3C=CS4,6.297701666445189,6.200837173266117,6.39456615962426,0.19372898635814284,0.3611111111111111,False,0.2666666666666666,0.2606060606060606,11
m_276450__18755804__19429448__28204284,O=C(NCCN1CCN(CC1)C2=NC=NC3=CC=NN23)C4=C5CCCCC5=CN4,6.296964117314019,6.18899856531017,6.404929669317867,0.215931104007697,0.2987012987012987,False,0.1530612244897959,0.1475409836065573,12
s_22__11825898__21389038,O=C(CC1=CC2=CC=CC=C2C=C1O)N3CCN(CC3)C4=CC=CC5=C4C=CN5,6.295981630705622,6.416379905973097,6.175583355438147,0.24079655053494964,0.3561643835616438,False,0.2272727272727272,0.2205882352941176,11
m_276450__27871500__27786990__18957688,CSCC1=CC=CN=C1C(=O)N[C@H](C)CN2CCN(CC2)C3=NC=NC4=C3C=CS4,6.295658294791213,6.227477425527519,6.363839164054907,0.13636173852738764,0.29347826086956524,False,0.2474226804123711,0.2623906705539358,12
m_276450__18755804__27786072__18957688,O=C(NCCN1CCN(CC1)C2=NC=NC3=C2C=CS3)C4=COC5=C4CCCC5,6.293701891732237,6.185085078603492,6.402318704860983,0.21723362625749143,0.36046511627906974,False,0.3033707865168539,0.2506811989100817,10
m_276450__18755804__14202058__18957688,O=C(NCCN1CCN(CC1)C2=NC=NC3=C2C=CS3)C4CCCC5=C4C=NN5,6.2934270514339605,6.343070587654102,6.243783515213819,0.09928707244028345,0.31868131868131866,False,0.2765957446808511,0.3095238095238095,10
m_276450__27869470__27803894__18957688,O=C(CN1CCSCC1)N2CC[C@H](C2)N3CCN(CC3)C4=NC=NC5=C4C=CS5,6.2931279647206795,6.314966392608245,6.271289536833114,0.04367685577513036,0.2441860465116279,False,0.2282608695652173,0.304054054054054,12
s_2430__26894868__26861752,O=C(NC1=C(C2=C(C=C1)OCCO2)Cl)N3CCN(CC3)C4=CC=CC5=C4N=CN5,6.292132095594323,6.358730497947622,6.225533693241024,0.13319680470659812,0.25842696629213485,False,0.1875,0.1944444444444444,11
s_22__14793122__28465996,CC1=C(C(=O)C2=CC=CN=C2N1)C(=O)N3CCN(CC3)C4=CC=CC5=C4C=CS5,6.29185785969006,6.50308052116014,6.080635198219979,0.4224453229401606,0.41333333333333333,True,0.4096385542168674,0.3944099378881988,9
s_270004__24150668__24720298,C#CCOC1=CC(=C(C(=C1)C)CN2CCN(CC2)C3=NC=NC4=C3C=CS4)C,6.291856564367524,6.266358895268493,6.3173542334665544,0.05099533819806101,0.27631578947368424,False,0.2197802197802197,0.2422360248447205,10
m_276450__18755804__27803632__14155830,C=CCC1=CC=CC=C1C(=O)NCCN2CCN(CC2)C3=NC=NC4=C3N=CS4,6.290312696236984,6.070225236878368,6.510400155595599,0.440174918717231,0.39436619718309857,False,0.2083333333333333,0.2164634146341463,12
m_276450__18755804__19429448__28201534,O=C(NCCN1CCN(CC1)C2=NC=NC3=C2OC=C3)C4=C5CCCCC5=CN4,6.289919893549602,6.13568968450527,6.444150102593934,0.3084604180886634,0.3448275862068966,False,0.2234042553191489,0.2,11
m_276450__27869470__14200074__18957688,O=C(CC1=CCCCC1)N2CC[C@H](C2)N3CCN(CC3)C4=NC=NC5=C4C=CS5,6.289128801563987,6.323576415564102,6.254681187563871,0.06889522800023151,0.21978021978021978,False,0.2473118279569892,0.3554817275747508,10
m_276450__18755804__14206756__14155830,CCCC1=C(C=CN1)C(=O)NCCN2CCN(CC2)C3=NC=NC4=C3N=CS4,6.288932022974645,6.080104677812152,6.49775936813714,0.41765469032498803,0.3561643835616438,False,0.2164948453608247,0.2022792022792023,12
s_2430__26894868__22575770,O=C(NC1=C(C2=C(C=C1)OCCO2)Cl)N3CCN(CC3)C4=CC=NC5=C4SC=C5,6.288547936730259,6.182073620321991,6.395022253138528,0.21294863281653686,0.25555555555555554,False,0.1938775510204081,0.2238805970149253,12
m_276450__18755804__14200736__19496962,CCCC1=CC=CC=C1C(=O)NCCN2CCN(CC2)C3=C4C=CSC4=NC(=N3)C,6.2869462237784735,5.993730541582817,6.58016190597413,0.5864313643913128,0.4084507042253521,True,0.2553191489361702,0.2724458204334365,12
m_276450__18755804__19429448__18251492,O=C(NCCN1CCN(CC1)C2=NC=NC3=C2C=CN3)C4=C5CCCCC5=CN4,6.286798382249408,6.204067136861616,6.369529627637201,0.16546249077558528,0.3614457831325301,False,0.2391304347826087,0.1813031161473088,10
m_276450__18755804__28192226__18957688,N#CC1=CC=NC=C1C(=O)NCCN2CCN(CC2)C3=NC=NC4=C3C=CS4,6.286637977312728,6.159020264648003,6.414255689977454,0.25523542532945065,0.3448275862068966,False,0.2553191489361702,0.2408536585365853,12
s_2230__12156366__9780156,CC1=C(C(=O)N2C=CC=CC2=N1)CCN3CCC(CC3)C(O)C4=CC=NN4C,6.286452695322378,6.5519318204401165,6.02097357020464,0.5309582502354768,0.3614457831325301,False,0.2473118279569892,0.435064935064935,12
m_276450__27869474__14201560__18957688,O=C(C1=NC=CC=C1F)N2CC[C@@H](C2)N3CCN(CC3)C4=NC=NC5=C4C=CS5,6.285281947912418,6.419558954816679,6.151004941008157,0.2685540138085223,0.225,False,0.21875,0.2810650887573964,12
s_11__25843324__22272842,CC1=NC2=NC=CC=C2C=C1CC(=O)N3CCN(CC3)C4=CC=CC5=C4C=NN5,6.284854056157425,6.501204391278606,6.068503721036242,0.43270067024236436,0.3170731707317073,False,0.2234042553191489,0.210691823899371,10
s_2230__2206582__10122656,CCOC1=CC=CC=C1C2=CCN(CC2)CCC3=C(N=C4SC=CN4C3=O)C,6.284121342172142,6.503143470694029,6.065099213650256,0.4380442570437735,0.3888888888888889,False,0.3111111111111111,0.3652694610778443,10
s_22__14793122__24347814,CC1=C(C(=O)OC2=CC(=CC=C12)N)CC(=O)N3CCN(CC3)C4=CC=CC5=C4C=CS5,6.284024598012788,6.627443297810764,5.9406058982148116,0.6868373995959525,0.4,True,0.3953488372093023,0.3986710963455149,11
m_276450__18755804__14200630__28201464,O=C(CN1CCCNC1=O)NCCN2CCN(CC2)C3=NC=NC4=C3NC=C4,6.283724648319871,6.049541865244669,6.517907431395073,0.46836556615040337,0.32558139534883723,False,0.1935483870967742,0.2159468438538206,12
m_276450__18755804__27812084__18957688,CNC1=CN=CC=C1C(=O)NCCN2CCN(CC2)C3=NC=NC4=C3C=CS4,6.282939529395955,6.196011461669052,6.369867597122859,0.17385613545380707,0.35135135135135137,False,0.2717391304347826,0.2628205128205128,11
s_11__28469268__3392752,CC1=C(C(=O)N2N=CC=C2N1)CC(=O)N3CCN(CC3)C4=CC=CC5=C4OC=C5,6.282596424426507,6.3533215266730805,6.211871322179934,0.14145020449314671,0.2717391304347826,False,0.2659574468085106,0.2936288088642659,9
s_273910__29019122__25423082,CC1=C(C(=O)N2C=CC=CC2=N1)CCN3C=C(N=N3)C4=CC=C(C5=C4C=NN5)F,6.281448459097889,6.67389781447494,5.888999103720837,0.7848987107541028,0.2826086956521739,False,0.24,0.3144329896907216,12
s_11__22174274__54867,CC1=NC2=CC=CC=C2C(=C1CC(=O)N3CCN(CC3)C4=CC=NC5=C4SC=C5)C,6.2810345223507795,6.123461476533137,6.438607568168421,0.31514609163528373,0.313953488372093,False,0.21875,0.2314814814814814,11
m_276450__14193098__27781508__18957688,COC1=CN=NC=C1C(=O)NCCC2CCN(CC2)C3=NC=NC4=C3C=CS4,6.2809646279443445,6.226167027003717,6.335762228884972,0.10959520188125538,0.3157894736842105,False,0.2061855670103092,0.252199413489736,12
s_2430__22529678__22576782,O=C(NC1=CN=C2C=CC=CN2C1=O)N3CC=C(CC3)C4=CC=NC5=C4C=CN5,6.2802590557234055,6.305842219255347,6.254675892191463,0.05116632706388469,0.22916666666666666,False,0.1495327102803738,0.2883597883597883,12
m_276450__18755804__27801120__18941674,CN1CCCCC1CC(=O)NCCN2CCN(CC2)C3=NC=NN4C3=CC=C4,6.280189394691215,6.2920881475956065,6.268290641786822,0.02379750580878426,0.3291139240506329,False,0.14,0.25,11
s_11__14793120__27839484,O=C(CC1=CC2=CC=CC=C2N=C1Cl)N3CCN(CC3)C4=CC=CC5=C4C=CS5,6.280149999104049,6.557374494583728,6.002925503624371,0.5544489909593571,0.4666666666666667,True,0.3614457831325301,0.3321554770318021,9
s_274090__16949518__28726770,CC1=C(C(=O)N2CCCCC2=N1)CCN3C=C(N=N3)C4=CC=CC(=C4C)CO,6.280147873791602,6.610030714671073,5.950265032912131,0.6597656817589419,0.44871794871794873,True,0.4337349397590361,0.4250764525993883,9
m_276450__27871500__14200736__18957688,CCCC1=CC=CC=C1C(=O)N[C@H](C)CN2CCN(CC2)C3=NC=NC4=C3C=CS4,6.2798226633824505,6.1263529025583745,6.433292424206527,0.3069395216481521,0.3181818181818182,False,0.2526315789473684,0.2797427652733119,12
m_276450__18755804__27785636__18957688,COC1=CN=CN=C1C(=O)NCCN2CCN(CC2)C3=NC=NC4=C3C=CS4,6.278443309954329,6.242369200013068,6.31451741989559,0.0721482198825214,0.4084507042253521,True,0.2608695652173913,0.2647975077881619,11
s_2230__22996886__9780156,CC1=C(C(=O)N2C=CC=CC2=N1)CCN3CCC(CC3)C4=CC=CC=C4C#N,6.277205464281962,6.693073714235322,5.861337214328602,0.8317364999067198,0.4358974358974359,True,0.3033707865168539,0.4522968197879858,9
m_276450__18755804__14205232__18957688,CCN1CCCCC1C(=O)NCCN2CCN(CC2)C3=NC=NC4=C3C=CS4,6.276611335970028,6.300125934650752,6.2530967372893045,0.047029197361447395,0.3181818181818182,False,0.2888888888888888,0.3333333333333333,8
s_11__25843324__22272908,O=C1OC2=CC=CC=C2C=C1CC(=O)N3CCN(CC3)C4=CC=CC5=C4C=NN5,6.27648365228282,6.508300808964109,6.04466649560153,0.4636343133625793,0.34177215189873417,False,0.2282608695652173,0.2884615384615384,12
s_68__28400654__26735642,O=C(NC1=C(C2=NC=CN=C2C=C1)Br)N3CCN(CC3)C4=CC=CC5=C4C=CS5,6.27517042265139,6.541365432199289,6.0089754131034905,0.5323900190957982,0.43037974683544306,True,0.3529411764705882,0.3428571428571428,11
s_527__24395882__550102,O=C(CN1C(=O)NC2=CC=CC=C2C1=O)N3CCN(CC3)C4=NC=NC5=C4C=CS5,6.273397164182676,6.362008966281992,6.1847853620833595,0.17722360419863215,0.27848101265822783,False,0.2365591397849462,0.2631578947368421,12
m_276450__18755804__14205390__18957688,O=C(NCCN1CCN(CC1)C2=NC=NC3=C2C=CS3)C4COCCN4CC(F)F,6.273058874901253,6.27560705066969,6.270510699132816,0.005096351536873378,0.3010752688172043,False,0.2395833333333333,0.2931596091205212,11
s_11__25843604__22272842,CC1=NC2=NC=CC=C2C=C1CC(=O)N3CCN(CC3)C4=CC=CC5=C4N=CN5,6.272770977883335,6.268180517959564,6.277361437807104,0.009180919847540103,0.27380952380952384,False,0.1979166666666666,0.205607476635514,10
m_276450__18755804__27794386__28204284,O=C(NCCN1CCN(CC1)C2=NC=NC3=CC=NN23)C4CCCN5C4=NC=C5,6.272645457904172,6.256545827084002,6.288745088724341,0.03219926164033904,0.2976190476190476,False,0.116504854368932,0.170028818443804,11
s_22__14793122__21389038,O=C(CC1=CC2=CC=CC=C2C=C1O)N3CCN(CC3)C4=CC=CC5=C4C=CS5,6.272319562719122,6.507063913572859,6.037575211865387,0.4694887017074718,0.4383561643835616,True,0.3846153846153846,0.371900826446281,10
m_276450__27871500__27784696__28202336,C[C@H](CN1CCN(CC1)C2=NC=NN3C2=NC=C3)NC(=O)[C@H]4CCCC[C@H]4N=[N+]=[N-],6.271507708728502,6.321079854725982,6.221935562731023,0.09914429199495878,0.21,False,0.1132075471698113,0.2112211221122112,12
s_2230__24549986__9780156,CC1=C(C(=O)N2C=CC=CC2=N1)CCN3CCN(CC3)CCNC(=O)C4=CC=CO4,6.271479919243465,6.365009233922242,6.177950604564686,0.1870586293575558,0.3780487804878049,False,0.2696629213483146,0.4612794612794613,10
s_2430__22529678__24395850,O=C(NC1=CN=C2C=CC=CN2C1=O)N3CCN(CC3)C4=NC=NC5=C4C=CS5,6.271135444076549,6.26805740026607,6.274213487887027,0.006156087620957429,0.32558139534883723,False,0.2421052631578947,0.3480662983425414,10
m_276450__18755804__14205338__18957688,O=C(NCCN1CCN(CC1)C2=NC=NC3=C2C=CS3)C4CCCCC4C5CC5,6.270746866222428,6.308440713051551,6.233053019393306,0.0753876936582456,0.3411764705882353,False,0.2696629213483146,0.3274021352313167,9
m_276450__14193098__14203690__18957688,O=C(NCCC1CCN(CC1)C2=NC=NC3=C2C=CS3)C4=CSC5=C4CCCC5,6.270224849749074,6.122154118891663,6.418295580606484,0.2961414617148215,0.27472527472527475,False,0.2446808510638297,0.2540983606557377,11
m_276450__18755804__27792398__18251492,COCC1=CC=CN=C1C(=O)NCCN2CCN(CC2)C3=NC=NC4=C3C=CN4,6.270092120644875,6.136771635598301,6.403412605691451,0.26664097009315046,0.36486486486486486,False,0.2061855670103092,0.1710914454277286,12
m_276450__27871500__27809982__28201464,CCCN1CCCCC1C(=O)N[C@H](C)CN2CCN(CC2)C3=NC=NC4=C3NC=C4,6.270075292826258,6.320483783726634,6.219666801925882,0.10081698180075183,0.2631578947368421,False,0.19,0.2578397212543554,11
m_276450__18755804__27813606__18957688,COC1=NC=CN=C1C(=O)NCCN2CCN(CC2)C3=NC=NC4=C3C=CS4,6.268817157950012,6.177888198429135,6.3597461174708885,0.18185791904175375,0.38028169014084506,False,0.2666666666666666,0.2522255192878338,11
s_22__28465444__24335918,CCCCC1=NC(=C(C(=O)N1)CC(=O)N2CCN(CC2)C3=CC=CC4=C3OC=C4)C,6.268663982923103,6.282249038807025,6.255078927039181,0.027170111767844674,0.2976190476190476,False,0.3043478260869565,0.6721991701244814,5
m_276450__18755804__14205908__14155830,CCCN1CCCC1C(=O)NCCN2CCN(CC2)C3=NC=NC4=C3N=CS4,6.268486559068274,6.211961915305222,6.325011202831324,0.11304928752610177,0.2808988764044944,False,0.21875,0.261744966442953,10
m_276450__27869470__14206714__18957688,CN1CCCC[C@H]1C(=O)N2CC[C@H](C2)N3CCN(CC3)C4=NC=NC5=C4C=CS5,6.267303708149694,6.378689859567304,6.155917556732082,0.22277230283522176,0.24731182795698925,False,0.2473118279569892,0.34375,9
m_276450__27869470__18957698__18957688,CN1CCCC[C@@H]1C(=O)N2CC[C@H](C2)N3CCN(CC3)C4=NC=NC5=C4C=CS5,6.267303708149694,6.378689859567304,6.155917556732082,0.22277230283522176,0.24731182795698925,False,0.2473118279569892,0.34375,9
m_276450__14193098__18957692__18957688,COC1=CC=NC=C1C(=O)NCCC2CCN(CC2)C3=NC=NC4=C3C=CS4,6.267061783636119,6.2323495768969295,6.301773990375308,0.06942441347837836,0.3246753246753247,False,0.2121212121212121,0.2560975609756097,12
s_2430__22529536__28470156,O=C(NC1=CN=C2CCCCN2C1=O)N3CCN(CC3)C4=CC=CC5=C4OC=C5,6.2662676032023406,6.365006743656261,6.167528462748419,0.19747828090784214,0.35365853658536583,False,0.3488372093023256,0.475,6
m_276450__14193098__27788636__18957688,[N-]=[N+]=NC1=CC=CN=C1C(=O)NCCC2CCN(CC2)C3=NC=NC4=C3C=CS4,6.26453806717778,6.225101936014533,6.3039741983410265,0.07887226232649347,0.2765957446808511,False,0.21,0.2690058479532163,12
m_276450__18755804__14204022__18941674,O=C(NCCN1CCN(CC1)C2=NC=NN3C2=CC=C3)C4=NOC5=C4CCCC5,6.264510023355101,6.140576048088867,6.3884439986213355,0.24786795053246813,0.32954545454545453,False,0.1515151515151515,0.210126582278481,12
s_2430__22529678__22577650,O=C(NC1=CN=C2C=CC=CN2C1=O)N3CCN(CC3)C4=C5C=CN=C5NC=N4,6.264244815272589,6.123332135720054,6.405157494825122,0.2818253591050679,0.25274725274725274,False,0.099009900990099,0.2876344086021505,11
m_276450__27869474__14206930__28202336,CN1CCCCC1C(=O)N2CC[C@@H](C2)N3CCN(CC3)C4=NC=NN5C4=NC=C5,6.264172074014169,6.341712436304962,6.186631711723376,0.15508072458158662,0.20212765957446807,False,0.11,0.2244897959183673,12
m_276450__27869470__18957698__28202336,CN1CCCC[C@@H]1C(=O)N2CC[C@H](C2)N3CCN(CC3)C4=NC=NN5C4=NC=C5,6.264172074014169,6.341712436304962,6.186631711723376,0.15508072458158662,0.20212765957446807,False,0.11,0.2244897959183673,12
m_276450__27869470__14206714__28202336,CN1CCCC[C@H]1C(=O)N2CC[C@H](C2)N3CCN(CC3)C4=NC=NN5C4=NC=C5,6.264172074014169,6.341712436304962,6.186631711723376,0.15508072458158662,0.20212765957446807,False,0.11,0.2244897959183673,12
m_276450__18755804__27783692__18957688,O=C(NCCN1CCN(CC1)C2=NC=NC3=C2C=CS3)C4CCCC5=CN=CN45,6.26402095622098,6.262590614258531,6.26545129818343,0.0028606839248990212,0.31868131868131866,False,0.2765957446808511,0.3039772727272727,11
m_276450__18755804__27785636__18251492,COC1=CN=CN=C1C(=O)NCCN2CCN(CC2)C3=NC=NC4=C3C=CN4,6.261239580784336,6.235149256400411,6.28732990516826,0.052180648767849114,0.4142857142857143,True,0.1979166666666666,0.1798107255520504,12
m_276450__18755804__14200630__18251492,O=C(CN1CCCNC1=O)NCCN2CCN(CC2)C3=NC=NC4=C3C=CN4,6.261153283210721,6.122788967295424,6.399517599126018,0.2767286318305935,0.32941176470588235,False,0.2065217391304347,0.1952054794520548,11
m_276450__18755804__14206756__18251492,CCCC1=C(C=CN1)C(=O)NCCN2CCN(CC2)C3=NC=NC4=C3C=CN4,6.261026095201082,6.081166649561409,6.440885540840754,0.3597188912793454,0.37681159420289856,False,0.2105263157894736,0.1762917933130699,12
s_27__9417626__10340864,ClC1=C2CCCCC2=NC3=CC(=CC=C13)N4CCN(CC4)C5=CN=CC6=NC=NN56,6.260681480304136,6.265949219418181,6.25541374119009,0.010535478228091755,0.21621621621621623,False,0.1359223300970873,0.1893333333333333,11
m_282512__24308046__24203706,CC1=C(C(=O)N2CCCCC2=N1)CCN3C=C(N=N3)C4=CC=NC5=C4N=CN5,6.260678141234453,6.543553061592236,5.97780322087667,0.5657498407155668,0.39759036144578314,False,0.3908045977011494,0.3948126801152737,8
s_270004__23850852__24720298,C#CCOC1=CC(=C(C(=C1)C)CNC2CCN(CC2)C3=C4C=C(SC4=NC=N3)C)C,6.259379741642415,6.192999426542244,6.3257600567425865,0.1327606302003428,0.18181818181818182,False,0.1333333333333333,0.2267441860465116,12
m_276450__18755804__27782584__28201464,O=C(CC1CCCNC1=O)NCCN2CCN(CC2)C3=NC=NC4=C3NC=C4,6.259270012147321,6.195566749964691,6.322973274329952,0.12740652436526112,0.3146067415730337,False,0.1894736842105263,0.2912280701754386,12
s_2708__23827838__16949704,C=CCC1CCCCN1C(=O)NCC2CCN(CC2)C3=NC=NC4=C3C=CN4,6.2590632465163125,6.210906193433189,6.307220299599435,0.09631410616624603,0.25,False,0.16,0.2130584192439862,10
m_276450__18755804__27792398__14155830,COCC1=CC=CN=C1C(=O)NCCN2CCN(CC2)C3=NC=NC4=C3N=CS4,6.25827046787357,6.037714570443017,6.478826365304123,0.4411117948611061,0.36486486486486486,False,0.2142857142857142,0.195054945054945,12
m_276450__18755804__27784696__14214670,CC1=CSC2=NC=NC(=C12)N3CCN(CC3)CCNC(=O)[C@H]4CCCC[C@H]4N=[N+]=[N-],6.257097895041349,6.158887701750658,6.35530808833204,0.19642038658138272,0.2736842105263158,False,0.22,0.3203883495145631,9
s_11__22174136__22272842,CC1=NC2=NC=CC=C2C=C1CC(=O)N3CCC(CC3)C4=CC=CC5=C4C=CN5,6.256907792102767,6.2925905256016135,6.22122505860392,0.07136546699769308,0.2857142857142857,False,0.1485148514851485,0.1639871382636656,10
m_276450__27870786__27809982__18251492,CCCN1CCCCC1C(=O)NCC(C)N2CCN(CC2)C3=NC=NC4=C3C=CN4,6.256643264810153,6.413847310803097,6.099439218817208,0.3144080919858885,0.25263157894736843,False,0.18,0.2410071942446043,10
m_276450__18955116__18957698__18957688,CN1CCCC[C@@H]1C(=O)N2CCC3(CC2)CCN(CC3)C4=NC=NC5=C4C=CS5,6.2558999070882475,6.3186474111532025,6.193152403023292,0.12549500812991088,0.24175824175824176,False,0.2417582417582417,0.3215547703180212,10
s_2708__18901578__17547888,CCC(NC(=O)NCCC1=C(N=C2CCCCN2C1=O)C)C3=CC=CC4=C3NC=C4,6.25574323282555,6.4407448409293515,6.070741624721747,0.37000321620760435,0.38372093023255816,False,0.4090909090909091,0.5215827338129496,7
m_276450__27869474__14200008__18941674,O=C(C=C1CCCCC1)N2CC[C@@H](C2)N3CCN(CC3)C4=NC=NN5C4=CC=C5,6.25421706377675,6.276605187658735,6.231828939894766,0.044776247763969046,0.20212765957446807,False,0.1111111111111111,0.2838709677419355,12
s_22__28465444__20854936,CC1=C(C(=O)NC2=CC=CC=C12)CC(=O)N3CCN(CC3)C4=CC=CC5=C4OC=C5,6.253785624274203,6.320532854889584,6.187038393658822,0.1334944612307618,0.34615384615384615,False,0.2365591397849462,0.3436426116838488,12
s_34__28774994__28331950,CN1N=CC2=C(N=CN=C12)N3CCN(CC3)C(=O)CN4C(=O)NC5CCCCC5C4=O,6.252853452689492,6.381945188670271,6.123761716708713,0.25818347196155855,0.22340425531914893,False,0.18,0.2166172106824926,12
m_276450__18755804__14200608__28202336,O=C(CN1CCCCC1=O)NCCN2CCN(CC2)C3=NC=NN4C3=NC=C4,6.252837573872755,6.241211611216064,6.264463536529445,0.023251925313380717,0.2840909090909091,False,0.1612903225806451,0.2132867132867132,12
m_276450__27869470__27805336__18957688,O=C(C1=NC=NC=C1Cl)N2CC[C@H](C2)N3CCN(CC3)C4=NC=NC5=C4C=CS5,6.252776608740283,6.253262870696237,6.252290346784329,0.0009725239119084961,0.22580645161290322,False,0.2061855670103092,0.2909090909090909,12
s_22__28465444__59939,O=C1C2=CC=CC=C2N=CN1CC(=O)N3CCN(CC3)C4=CC=CC5=C4OC=C5,6.252719004568247,6.188628431537456,6.316809577599038,0.12818114606158204,0.37349397590361444,False,0.2043010752688172,0.2366666666666666,11
s_22__13035022__28465996,CC1=C(C(=O)C2=CC=CN=C2N1)C(=O)N3CCC(CC3)C4=CC=CC5=C4C=CN5,6.252608626838951,6.317044919092605,6.188172334585296,0.12887258450730865,0.27380952380952384,False,0.18,0.2764705882352941,11
s_22__28465444__141459,O=C(CN1N=NC2=CC=CC=C2C1=O)N3CCN(CC3)C4=CC=CC5=C4OC=C5,6.252597164295045,6.315319554717597,6.189874773872492,0.1254447808451049,0.37349397590361444,False,0.2043010752688172,0.2172523961661341,12
s_27__16803670__116561,CCCN1C(=O)NC(=O)C(=C1N)NCC2CCN(CC2)C3=NC=NC4=C3C=CN4,6.252394169646969,6.3943025856209275,6.110485753673012,0.28381683194791574,0.2247191011235955,False,0.1538461538461538,0.2379518072289156,10
m_276450__27869470__27781992__28201854,O=C(C1CCCCC1F)N2CC[C@H](C2)N3CCN(CC3)C4=NC=NC5=C4SC=N5,6.2523684095349426,6.298875365514481,6.205861453555404,0.09301391195907627,0.18421052631578946,False,0.1717171717171717,0.2354838709677419,11
s_2230__2544230__9780156,CC1=C(C(=O)N2C=CC=CC2=N1)CCN3CCC(CC3)C4=CC=NN4CCO,6.252188525988071,6.638782736776825,5.865594315199316,0.7731884215775091,0.3855421686746988,False,0.25,0.4235668789808917,12
s_273910__29019122__25421906,CC1=C(C(=O)N2C=CC=CC2=N1)CCN3C=C(N=N3)C4=CC=CC5=C4SC=C5,6.252134567599407,6.5234438742613525,5.980825260937463,0.5426186133238895,0.34523809523809523,False,0.3296703296703296,0.3753424657534246,11
s_270004__24159310__24720298,C#CCOC1=CC(=C(C(=C1)C)CN2CCN(CC2)C3=C4C=CN=C4NC=N3)C,6.251998734544221,6.092087980325827,6.411909488762615,0.3198215084367879,0.273972602739726,False,0.1176470588235294,0.1865443425076452,11
m_276450__14192934__27783770__18957688,CC1=NC2=C(C=C1C(=O)NC3CCN(CC3)C4=NC=NC5=C4C=CS5)CCCN2,6.251832530034269,6.159448479671879,6.344216580396658,0.18476810072477878,0.24489795918367346,False,0.21,0.2493438320209973,9
s_207__2206506__26990598,COC1=CC=CC(=C1)N2CCC(CC2)NCC3=C(C4=C(C=C3Br)OCCO4)Cl,6.251687355291453,6.175502410077275,6.32787230050563,0.15236989042835525,0.3287671232876712,False,0.0980392156862745,0.1783439490445859,12
s_270004__23845418__24721742,C1=NC2=NC=NC2=C(N1)N3CCC(CC3)NCC4=CC=C5SCCCC5=C4,6.2499868086677,6.2852743789627405,6.214699238372659,0.07057514059008163,0.2159090909090909,False,0.1274509803921568,0.1896551724137931,11
s_11__25843604__54867,CC1=NC2=CC=CC=C2C(=C1CC(=O)N3CCN(CC3)C4=CC=CC5=C4N=CN5)C,6.249501753116542,6.231765422308773,6.267238083924311,0.03547266161553786,0.3333333333333333,False,0.1958762886597938,0.2108626198083067,10
s_27__16803670__10688934,N#CC1=CC2=C(CCOC2)N=C1NCC3CCN(CC3)C4=NC=NC5=C4C=CN5,6.249148226514082,6.262398146521541,6.235898306506624,0.026499840014916565,0.2,False,0.102803738317757,0.179419525065963,12
s_22__28465444__761094,O=C1NC2=CC=CC=C2C=C1CC(=O)N3CCN(CC3)C4=CC=CC5=C4OC=C5,6.248620401922324,6.259598810111368,6.237641993733279,0.021956816378088995,0.36,False,0.2087912087912088,0.3546099290780142,12
m_276450__14193098__14200672__18957688,O=C(NCCC1CCN(CC1)C2=NC=NC3=C2C=CS3)C4=C5OCCCN5N=C4,6.248562865932102,6.10557402753602,6.391551704328183,0.2859776767921627,0.27956989247311825,False,0.21,0.2351421188630491,11
s_2230__679108__9780156,CC1=C(C(=O)N2C=CC=CC2=N1)CCN3CCC(CC3)C4=NC5=CC=CC=C5O4,6.248116037745866,6.653778128261558,5.842453947230175,0.8113241810313827,0.3902439024390244,False,0.3,0.401840490797546,10
m_276450__18755804__27794386__18941674,O=C(NCCN1CCN(CC1)C2=NC=NN3C2=CC=C3)C4CCCN5C4=NC=C5,6.247633250950788,6.3017212085997985,6.193545293301778,0.10817591529802062,0.30337078651685395,False,0.1176470588235294,0.2266288951841359,10
s_273910__29019122__12385554,CC1=C(C(=O)N2C=CC=CC2=N1)CCN3C=C(N=N3)C4=CC=CC5=C4OCC5,6.247593417894363,6.465523376030867,6.029663459757859,0.43585991627300835,0.28888888888888886,False,0.2604166666666667,0.3135802469135803,12
s_22__13035022__21389038,O=C(CC1=CC2=CC=CC=C2C=C1O)N3CCC(CC3)C4=CC=CC5=C4C=CN5,6.246985687988156,6.271478854878486,6.222492521097824,0.04898633378066197,0.32,False,0.1458333333333333,0.1577060931899641,12
m_276450__18755804__14204302__18957688,CCC1=NC=NC=C1C(=O)NCCN2CCN(CC2)C3=NC=NC4=C3C=CS4,6.246479204605002,6.131184711507881,6.361773697702123,0.23058898619424184,0.3561643835616438,False,0.2637362637362637,0.2531645569620253,11
m_276450__18755804__27783092__18957688,N#CCC1=C(SC=C1)C(=O)NCCN2CCN(CC2)C3=NC=NC4=C3C=CS4,6.245927590192624,6.155350929128073,6.336504251257175,0.18115332212910218,0.35714285714285715,False,0.2446808510638297,0.2433234421364985,12
m_276450__18755804__14206410__28202336,O=C(NCCN1CCN(CC1)C2=NC=NN3C2=NC=C3)C4=C5CCCCN5C=C4,6.244837333295088,6.115709283412821,6.373965383177355,0.2582560997645338,0.3424657534246575,False,0.15625,0.1701570680628272,11
m_276450__18755804__14202060__28201464,O=C(NCCN1CCN(CC1)C2=NC=NC3=C2NC=C3)C4CCCC5=C4NN=C5,6.243845569500594,6.2490673228404265,6.238623816160761,0.01044350667966576,0.32222222222222224,False,0.202020202020202,0.2364672364672364,12
s_2430__22529678__28470156,O=C(NC1=CN=C2C=CC=CN2C1=O)N3CCN(CC3)C4=CC=CC5=C4OC=C5,6.2433472936981715,6.250807926526893,6.2358866608694505,0.014921265657442895,0.29069767441860467,False,0.21875,0.3312883435582822,10
m_276450__18755804__14204354__18957688,CCC1=CN=CC=C1C(=O)NCCN2CCN(CC2)C3=NC=NC4=C3C=CS4,6.243316793228708,6.1018831168771746,6.38475046958024,0.2828673527030654,0.3561643835616438,False,0.2717391304347826,0.2563291139240506,11
m_276450__18755804__14204648__14155830,O=C(NCCN1CCN(CC1)C2=NC=NC3=C2N=CS3)C4CCCC5N4CCC5,6.243117426164587,6.24092260441705,6.245312247912124,0.004389643495073869,0.2840909090909091,False,0.2258064516129032,0.2598684210526316,10
s_2230__9164062__9780156,CC1=C(C(=O)N2C=CC=CC2=N1)CCN3CCC(CC3)C4=CC=CC=C4CO,6.2424326614719465,6.59339222171167,5.891473101232224,0.7019191204794462,0.44155844155844154,True,0.3068181818181818,0.4558303886925795,9
m_276450__18755804__27786722__18941674,O=C(NCCN1CCN(CC1)C2=NC=NN3C2=CC=C3)C4CCCCN4CC(F)F,6.242168297821074,6.348262239724341,6.136074355917808,0.21218788380653297,0.2988505747126437,False,0.1262135922330097,0.2442996742671009,12
s_11__28469268__14868728,O=C(CN1N=CC2=C(C1=O)CCCC2)N3CCN(CC3)C4=CC=CC5=C4OC=C5,6.241903655678038,6.342447612678349,6.141359698677727,0.2010879140006221,0.28888888888888886,False,0.2808988764044944,0.2874617737003058,9
m_27__16803670__15704064,N#CC1=CC2=C(COCC2)N=C1NCC3CCN(CC3)C4=NC=NC5=C4C=CN5,6.241704935787879,6.2302119235694775,6.25319794800628,0.02298602443680231,0.2,False,0.102803738317757,0.1842105263157894,12
s_2430__22529536__24395850,O=C(NC1=CN=C2CCCCN2C1=O)N3CCN(CC3)C4=NC=NC5=C4C=CS5,6.241573907066108,6.317114449629949,6.166033364502266,0.15108108512768315,0.3373493975903614,False,0.3764705882352941,0.4748427672955975,6
s_22__13968870__9475876,CC1=NC2=CC=CC=C2C(=C1C(=O)N3CCN(CC3)C4=CC=CC5=C4N=CN5)C,6.241470379626188,6.1091520098679055,6.37378874938447,0.26463673951656475,0.32941176470588235,False,0.2,0.1936507936507936,11
s_2430__22523656__12304852,CC1=NC2=CC=CC=C2C=C1NC(=O)N3CCN(CC3)C4=CC=CC5=C4C=CN5,6.24132996673195,6.290727756752514,6.1919321767113855,0.09879558004112887,0.34177215189873417,False,0.2307692307692307,0.2132867132867132,10
m_276450__18755804__27780752__28201854,CC1CN2CCN1CC2C(=O)NCCN3CCN(CC3)C4=C5SC=NC5=NC=N4,6.2406216624500335,6.213833440435564,6.267409884464504,0.05357644402894035,0.2840909090909091,False,0.2083333333333333,0.1993243243243243,12
m_276450__27869470__14204028__18957688,O=C(C1=CC=NC=C1Cl)N2CC[C@H](C2)N3CCN(CC3)C4=NC=NC5=C4C=CS5,6.240228719922742,6.26367202298433,6.216785416861153,0.0468866061231763,0.22340425531914893,False,0.2142857142857142,0.3015873015873015,12
s_11__14793120__22272908,O=C1OC2=CC=CC=C2C=C1CC(=O)N3CCN(CC3)C4=CC=CC5=C4C=CS5,6.239564561108063,6.522417399842892,5.956711722373233,0.5657056774696594,0.43243243243243246,True,0.382716049382716,0.4076655052264808,10
m_276450__14193098__27803632__18957688,C=CCC1=CC=CC=C1C(=O)NCCC2CCN(CC2)C3=NC=NC4=C3C=CS4,6.239116724765093,6.105634572833139,6.372598876697047,0.266964303863908,0.3,False,0.2061855670103092,0.2741935483870967,12
s_11__25843604__22272908,O=C1OC2=CC=CC=C2C=C1CC(=O)N3CCN(CC3)C4=CC=CC5=C4N=CN5,6.238346251004567,6.23851234600229,6.238180156006845,0.00033218999544537553,0.3037974683544304,False,0.202127659574468,0.2791411042944785,12
s_22__28465444__16762640,CC1=NC2=CC=C(C=C2C(=O)N1CC(=O)N3CCN(CC3)C4=CC=CC5=C4OC=C5)O,6.23789434233311,6.2210873323253395,6.254701352340882,0.033614020015542145,0.36666666666666664,False,0.2244897959183673,0.2389937106918239,11
s_527__24395882__761124,O=C1NC2=CC=CC=C2C=C1CC(=O)N3CCN(CC3)C4=NC=NC5=C4C=CS5,6.236666077114494,6.203969744401926,6.269362409827062,0.06539266542513644,0.3157894736842105,False,0.2391304347826087,0.3817034700315457,12
s_22__26073602__20854936,CC1=C(C(=O)NC2=CC=CC=C12)CC(=O)N3CCN(CC3)C4=CC=CC5=CN=CC=C45,6.236558458364611,6.451152855275818,6.021964061453405,0.42918879382241304,0.3717948717948718,False,0.2105263157894736,0.343859649122807,12
s_2430__15148972__28470156,O=C(NC1=CC2=C(C=C1Cl)OCCC2)N3CCN(CC3)C4=CC=CC5=C4OC=C5,6.236063200159874,6.21455877788601,6.257567622433739,0.04300884454772902,0.25555555555555554,False,0.1938775510204081,0.2,10
s_2430__26895820__26861752,O=C(NC1=CC2=C(CCCC2)N=C1Cl)N3CCN(CC3)C4=CC=CC5=C4N=CN5,6.2351916141537895,6.397862800127824,6.072520428179754,0.3253423719480706,0.26666666666666666,False,0.1979166666666666,0.1972972972972973,8
m_276450__14193098__27801074__18251492,CCCN1CCC[C@H]1C(=O)NCCC2CCN(CC2)C3=NC=NC4=C3C=CN4,6.23513207058461,6.216812904273597,6.253451236895623,0.03663833262202587,0.26373626373626374,False,0.1616161616161616,0.2246376811594203,11
s_270004__23845418__13262986,C1=NC2=NC=NC2=C(N1)N3CCC(CC3)NCC4=CC=C5OCCCC5=C4,6.233796434842261,6.1550783702229435,6.312514499461578,0.1574361292386346,0.1797752808988764,False,0.1057692307692307,0.1828571428571428,11
m_276450__18955116__14200248__18957688,CN1CCOCC1C(=O)N2CCC3(CC2)CCN(CC3)C4=NC=NC5=C4C=CS5,6.233327785611179,6.218740659900593,6.2479149113217645,0.02917425142117125,0.23076923076923078,False,0.2127659574468085,0.3079470198675497,11
s_11__22168874__54496,O=C1C2=CC=CC=C2N=CN1CC(=O)N3CCN(CC3)C4=C5C=CN=C5NC=N4,6.232290364126396,6.053346606049823,6.411234122202968,0.35788751615314496,0.26373626373626374,False,0.1188118811881188,0.2264705882352941,12
s_11__22168874__10564384,O=C(CN1C(=O)[C@H]2CC=CC[C@H]2C1=O)N3CCN(CC3)C4=C5C=CN=C5NC=N4,6.232110183917763,6.0649221102829864,6.399298257552539,0.3343761472695528,0.23255813953488372,False,0.09375,0.2806451612903226,12
m_276450__27871500__27786920__18957688,CCN1CCOCC1CC(=O)N[C@H](C)CN2CCN(CC2)C3=NC=NC4=C3C=CS4,6.23172091840278,6.252507243928209,6.210934592877351,0.041572651050858056,0.24742268041237114,False,0.2323232323232323,0.3029315960912052,11
s_22__24029748__9704034,CC1=NC2=CC=CC=C2C(=O)N1CC(=O)N3CCN(CC3)C4=CC=NC5=CC=CC=C45,6.231513986414175,5.995427647227259,6.467600325601092,0.47217267837383314,0.38961038961038963,False,0.1914893617021276,0.24,11
m_276450__18755804__14204022__28204286,O=C(NCCN1CCN(CC1)C2=NC=CC3=CN=CN23)C4=NOC5=C4CCCC5,6.23049967463675,6.02296859799352,6.438030751279981,0.4150621532864607,0.2987012987012987,False,0.1530612244897959,0.156084656084656,12
s_27__16803670__15344316,O=C1NC2=C(CCCC2)N=C1NCC3CCN(CC3)C4=NC=NC5=C4C=CN5,6.228159174640865,6.264476887711578,6.191841461570152,0.07263542614142615,0.21505376344086022,False,0.1958762886597938,0.3090379008746355,10
s_270004__9085932__15505518,CCN1C=CN=C(C1=O)N2CCC(CC2)NCC3=CC4=C(CCOC4)N=C3Cl,6.22786853187887,6.257490842506023,6.198246221251717,0.059244621254306296,0.1836734693877551,False,0.1415094339622641,0.2186666666666666,12
m_527__12909438__155628,CC1=NC2=CC=CC=C2C(=C1CC(=O)N3CCN(CC3)C4=CC=CC5=C4NC=C5)C,6.22732787490283,6.295995078224238,6.158660671581423,0.1373344066428155,0.3411764705882353,False,0.1979166666666666,0.2094594594594594,10
s_11__22168874__54031,O=C(CN1C(=O)C2CCCCC2C1=O)N3CCN(CC3)C4=C5C=CN=C5NC=N4,6.2269834545863105,6.091456992464697,6.362509916707925,0.2710529242432278,0.23255813953488372,False,0.1052631578947368,0.2724252491694352,10
s_270004__23850852__24714706,CC1=CC2=C(N=CN=C2S1)N3CCC(CC3)NCC4=C(C5=C(C=C4)OCCO5)Cl,6.22639120508572,6.21351035590395,6.2392720542674915,0.025761698363541363,0.1927710843373494,False,0.1442307692307692,0.2219178082191781,11
m_276450__27869474__18705724__18957688,O=C(C1=CN=CC=C1O)N2CC[C@@H](C2)N3CCN(CC3)C4=NC=NC5=C4C=CS5,6.226026540714976,6.242135543836807,6.209917537593146,0.032218006243661,0.21875,False,0.2142857142857142,0.2782874617737003,12
s_2430__26893924__17793198,CC1=NC2=CC=C(C=C2C(=C1NC(=O)N3CCN(CC3)C4=CC=CC5=C4C=NN5)C)Br,6.22594895306692,6.483996260250028,5.967901645883813,0.5160946143662146,0.3111111111111111,False,0.21,0.2120253164556962,12
m_276010__17281894__17254492__24751644,CCCN1CCCCC1C(=O)NCCN2C=C(N=N2)C3=CC=CC4=C3C=CS4,6.22553513188331,6.4337077702180006,6.017362493548619,0.41634527666938137,0.3,False,0.2872340425531915,0.2461059190031152,11
s_2430__22529536__22577650,O=C(NC1=CN=C2CCCCN2C1=O)N3CCN(CC3)C4=C5C=CN=C5NC=N4,6.224813648564126,6.132215060077005,6.317412237051246,0.1851971769742411,0.24719101123595505,False,0.2065217391304347,0.4042553191489361,7
m_276450__18755804__27784696__28202766,[N-]=[N+]=N[C@H]1CCCC[C@H]1C(=O)NCCN2CCN(CC2)C3=NC=NN4C3=CC(=C4)Cl,6.2247877044831,6.393576646556199,6.055998762410002,0.3375778841461976,0.2736842105263158,False,0.1121495327102803,0.2462462462462462,11
m_276450__14192936__27793692__18957688,CC(=CC1=CC=CC=N1)C(=O)NCC2CCN(CC2)C3=NC=NC4=C3C=CS4,6.224219622731101,6.204673173994804,6.243766071467398,0.039092897472594146,0.27472527472527475,False,0.231578947368421,0.3421926910299003,12
m_276450__14193134__14206930__28202336,CN(CCC1CCN(CC1)C2=NC=NN3C2=NC=C3)C(=O)C4CCCCN4C,6.223921425229737,6.3136141209855206,6.1342287294739535,0.17938539151156707,0.23255813953488372,False,0.1134020618556701,0.2118055555555555,12
m_276450__27870786__27784696__28201464,CC(CNC(=O)[C@H]1CCCC[C@H]1N=[N+]=[N-])N2CCN(CC2)C3=NC=NC4=C3NC=C4,6.223699288117803,6.260944303534078,6.186454272701528,0.07449003083254979,0.23469387755102042,False,0.1619047619047619,0.2607260726072607,11
s_527__632946__9703978,CC1=NC2=CC=CC=C2C(=O)N1CC(=O)N3CCN(CC3)C4=C(C(=CC=C4)F)C#N,6.223633571282787,6.326206686115611,6.121060456449962,0.20514622966564922,0.3764705882352941,False,0.2083333333333333,0.2292358803986711,12
s_2430__27548240__12304852,CC1=CC2=C(C=C1NC(=O)N3CCN(CC3)C4=CC=CC5=C4C=CN5)OCCO2,6.223386306027825,6.291281084948584,6.155491527107065,0.1357895578415187,0.2875,False,0.2359550561797752,0.2171052631578947,9
s_2708__23827838__13913608,C#CCC1CCCCN1C(=O)NCC2CCN(CC2)C3=NC=NC4=C3C=CN4,6.223267734845354,6.232075145742592,6.214460323948117,0.017614821794475155,0.25274725274725274,False,0.1584158415841584,0.1966101694915254,11
m_276450__14192934__27792320__28201854,O=C(NC1CCN(CC1)C2=NC=NC3=C2SC=N3)C4=CC5=C(C=C4O)CCCC5,6.222992765876256,6.219136335823164,6.22684919592935,0.0077128601061859925,0.2111111111111111,False,0.1616161616161616,0.1805555555555555,12
m_276450__14193098__14203920__28201854,O=C(NCCC1CCN(CC1)C2=NC=NC3=C2SC=N3)C4CCCN5C4=CC=N5,6.222969229136558,6.120893865122021,6.325044593151094,0.20415072802907286,0.23595505617977527,False,0.1568627450980392,0.1973333333333333,12
m_276450__18755804__14202676__18251492,O=C(NCCN1CCN(CC1)C2=NC=NC3=C2C=CN3)C4=CC=NC5=C4N=CN5,6.222747345867257,6.162840050220907,6.282654641513607,0.1198145912927,0.3614457831325301,False,0.2105263157894736,0.1640378548895899,12
s_11__28469268__2786054,O=C(CN1C(=O)C2=CC=CN=C2C1=O)N3CCN(CC3)C4=CC=CC5=C4OC=C5,6.222495937988866,6.26683319475766,6.178158681220072,0.0886745135375877,0.2988505747126437,False,0.2043010752688172,0.2073170731707317,12
m_276450__27869470__27794768__28202336,O=C(C1=C(CCOC1)Cl)N2CC[C@H](C2)N3CCN(CC3)C4=NC=NN5C4=NC=C5,6.221563128591003,6.23483632236643,6.208289934815577,0.026546387550853368,0.17,False,0.1176470588235294,0.2724458204334365,12
m_276450__18755804__14207032__18251492,O=C(NCCN1CCN(CC1)C2=NC=NC3=C2C=CN3)C4=NNC5=C4CCCC5,6.221249443333759,6.219811888461456,6.222686998206062,0.0028751097446058083,0.35714285714285715,False,0.25,0.2022160664819944,11
m_276450__18755804__27801120__18955122,CN1CCCCC1CC(=O)NCCN2CCN(CC2)C3=NC=NC4=C3N=CN4,6.220532966941819,6.151792487399424,6.289273446484213,0.13748095908478852,0.3023255813953488,False,0.2083333333333333,0.2226148409893993,11
s_27__16803670__14591802,C1=CC2=C(N1)N=CN=C2N3CCC(CC3)CNC4=NC=C5COCCC5=N4,6.219986153488854,6.2447678125217605,6.195204494455947,0.04956331806581371,0.2,False,0.1078431372549019,0.1700879765395894,12
m_276450__14193098__14200630__18957688,O=C(CN1CCCNC1=O)NCCC2CCN(CC2)C3=NC=NC4=C3C=CS4,6.2198294267534004,6.064610207907927,6.3750486455988735,0.31043843769094615,0.24731182795698925,False,0.2127659574468085,0.2966666666666667,11
m_276450__27869474__27797300__28202336,O=C(C1=C(CCCC1)Cl)N2CC[C@@H](C2)N3CCN(CC3)C4=NC=NN5C4=NC=C5,6.219132896865864,6.246668283937804,6.191597509793925,0.05507077414387851,0.17777777777777778,False,0.1443298969072164,0.267515923566879,11
s_22__28465444__59024,O=C(CN1C(=O)C2=CC=CC=C2C1=O)N3CCN(CC3)C4=CC=CC5=C4OC=C5,6.218993842175067,6.256138160337959,6.181849524012176,0.07428863632578331,0.32894736842105265,False,0.2235294117647059,0.2246376811594203,12
m_276450__14193134__27809982__14155830,CCCN1CCCCC1C(=O)N(C)CCC2CCN(CC2)C3=NC=NC4=C3N=CS4,6.218689509544278,6.286383223876705,6.150995795211853,0.13538742866485176,0.2111111111111111,False,0.1818181818181818,0.2516556291390728,11
m_276450__18755804__14206084__28202336,COC1CCCCC1C(=O)NCCN2CCN(CC2)C3=NC=NN4C3=NC=C4,6.218680334382561,6.219294473941132,6.218066194823989,0.0012282791171429608,0.3026315789473684,False,0.1313131313131313,0.2093023255813953,11
m_276450__14193134__18957698__28201854,CN(CCC1CCN(CC1)C2=NC=NC3=C2SC=N3)C(=O)[C@H]4CCCCN4C,6.218226811054658,6.32299888078352,6.113454741325796,0.20954413945772377,0.22093023255813954,False,0.1894736842105263,0.223728813559322,11
s_2430__11680994__28470156,O=C1NC2=C(C=C1NC(=O)N3CCN(CC3)C4=CC=CC5=C4OC=C5)CCCC2,6.217148438013845,6.293397501666572,6.140899374361117,0.15249812730545464,0.275,False,0.2282608695652173,0.3125,9
s_11__22174136__22272908,O=C1OC2=CC=CC=C2C=C1CC(=O)N3CCC(CC3)C4=CC=CC5=C4C=CN5,6.216648392009315,6.306454263395479,6.12684252062315,0.17961174277232939,0.2839506172839506,False,0.1515151515151515,0.2276923076923077,12
s_270004__8137760__24720298,C#CCOC1=CC(=C(C(=C1)C)CN2CCN(CC2)C3=NC=NC4=C3SC=C4)C,6.216585256064246,6.211528448373269,6.221642063755223,0.010113615381954766,0.2602739726027397,False,0.1935483870967742,0.1903323262839879,12
s_527__24395882__156526,O=C(CN1C(=O)C2CCCCC2C1=O)N3CCN(CC3)C4=NC=NC5=C4C=CS5,6.216200202966075,6.266752220803224,6.1656481851289255,0.10110403567429849,0.25287356321839083,False,0.2558139534883721,0.3460207612456747,9
m_276450__18755804__14204356__18957688,CCN1CCOCC1C(=O)NCCN2CCN(CC2)C3=NC=NC4=C3C=CS4,6.215685340299971,6.17880792880699,6.252562751792952,0.07375482298596125,0.3111111111111111,False,0.2580645161290322,0.2933333333333333,9
s_273910__29019122__25423204,CC1=C(C(=O)N2C=CC=CC2=N1)CCN3C=C(N=N3)C4=C5C(=CC=C4)ON=C5N,6.215394181979301,6.455845109915262,5.974943254043341,0.48090185587192114,0.27472527472527475,False,0.2525252525252525,0.3088235294117647,12
m_276450__14193134__14206930__18957688,CN(CCC1CCN(CC1)C2=NC=NC3=C2C=CS3)C(=O)C4CCCCN4C,6.215288641338411,6.33048573468492,6.1000915479919025,0.23039418669301792,0.2413793103448276,False,0.2444444444444444,0.3215547703180212,9
s_27__16803670__116557,CCCCN1C(=O)NC(=O)C(=C1N)NCC2CCN(CC2)C3=NC=NC4=C3C=CN4,6.215151017802105,6.342453487061207,6.087848548543003,0.2546049385182041,0.21875,False,0.173076923076923,0.2425149700598802,10
m_276450__27869470__27814172__18957688,NC1=CC=CN=C1C(=O)N2CC[C@H](C2)N3CCN(CC3)C4=NC=NC5=C4C=CS5,6.215060361095615,6.3176223749179545,6.112498347273276,0.2051240276446782,0.2247191011235955,False,0.21875,0.2895522388059701,12
m_276450__18755804__27785122__18957688,O=C(C[C@@H]1CCCC[C@H]1O)NCCN2CCN(CC2)C3=NC=NC4=C3C=CS4,6.214676556639198,6.241106071549129,6.188247041729268,0.052859029819861014,0.32558139534883723,False,0.2637362637362637,0.3263888888888889,10
m_276450__18755804__27784860__18957688,O=C(C[C@H]1CCCC[C@@H]1O)NCCN2CCN(CC2)C3=NC=NC4=C3C=CS4,6.214676556639198,6.241106071549129,6.188247041729268,0.052859029819861014,0.32558139534883723,False,0.2637362637362637,0.3263888888888889,10
m_276450__18755804__14203984__18957688,CCCC1CCCC1C(=O)NCCN2CCN(CC2)C3=NC=NC4=C3C=CS4,6.213265109445457,6.241409848919703,6.18512036997121,0.05628947894849379,0.3333333333333333,False,0.2747252747252747,0.3274021352313167,9
m_276450__18755804__27790108__28201464,O=C(NCCN1CCN(CC1)C2=NC=NC3=C2NC=C3)C4CCCC5=CC=NN45,6.213194158697215,6.1608764070059925,6.2655119103884385,0.10463550338244598,0.32222222222222224,False,0.202020202020202,0.232620320855615,11
s_22__24035806__16762640,CC1=NC2=CC=C(C=C2C(=O)N1CC(=O)N3CCN(CC3)C4=NC=NC5=C4C=CS5)O,6.213150423449668,6.086619088630307,6.339681758269029,0.25306266963872126,0.28125,False,0.2577319587628865,0.2763532763532763,11
m_276450__18955116__14206930__28201464,CN1CCCCC1C(=O)N2CCC3(CC2)CCN(CC3)C4=NC=NC5=C4NC=C5,6.212638814741851,6.208233314188739,6.217044315294963,0.008811001106224126,0.23333333333333334,False,0.1649484536082474,0.245674740484429,12
m_276450__14193098__27791496__14155830,O=C(NCCC1CCN(CC1)C2=NC=NC3=C2N=CS3)C4CCCC5=C4C=CS5,6.211643216670764,6.0475384921506725,6.375747941190854,0.32820944904018123,0.24731182795698925,False,0.1782178217821782,0.2136986301369863,11
m_276450__27869470__14206714__14214582,CN1CCCC[C@H]1C(=O)N2CC[C@H](C2)N3CCN(CC3)C4=NC=NC5=C4SC=C5,6.211548475219858,6.344147362059937,6.078949588379778,0.26519777368015873,0.2391304347826087,False,0.2210526315789473,0.2809364548494983,11
s_22__17793186__21389038,O=C(CC1=CC2=CC=CC=C2C=C1O)N3CCN(CC3)C4=CC=CC5=C4C=NN5,6.211308278619759,6.494874595444218,5.9277419617953,0.5671326336489173,0.36486486486486486,False,0.2247191011235955,0.2222222222222222,12
m_276450__18755804__27794386__18955122,O=C(NCCN1CCN(CC1)C2=NC=NC3=C2N=CN3)C4CCCN5C4=NC=C5,6.209534570091051,6.2120402119967615,6.20702892818534,0.00501128381142113,0.29213483146067415,False,0.18,0.2018072289156626,10
m_276450__27869470__14200248__28201464,CN1CCOCC1C(=O)N2CC[C@H](C2)N3CCN(CC3)C4=NC=NC5=C4NC=C5,6.208780653229528,6.24002726130293,6.177534045156127,0.06249321614680259,0.23655913978494625,False,0.145631067961165,0.2508038585209003,12
s_527__24395882__24335920,CCCCC1=NC(=C(C(=O)N1)CC(=O)N2CCN(CC2)C3=NC=NC4=C3C=CS4)C,6.208322098421091,6.141391493472326,6.275252703369855,0.13386120989752914,0.3023255813953488,False,0.3296703296703296,0.6415770609318996,5
m_276450__18755804__27798240__14155830,CCC1=NC=CN=C1C(=O)NCCN2CCN(CC2)C3=NC=NC4=C3N=CS4,6.2079238107911605,6.05233657061526,6.363511050967061,0.3111744803518004,0.32142857142857145,False,0.2127659574468085,0.2028985507246377,12
s_22__21018866__7786096,O=C(NC1=CN=C2CCCCN2C1=O)C3CCN(CC3)C4=CN=CC5=NN=NN45,6.207685973479898,6.391341865610254,6.024030081349542,0.3673117842607123,0.2127659574468085,False,0.1979166666666666,0.3792048929663608,10
m_276450__14192934__27781052__18251492,O=C(NC1CCN(CC1)C2=NC=NC3=C2C=CN3)C4=CC5=C(C=C4F)NCCC5,6.207663043821606,6.261194380487019,6.154131707156194,0.10706267333082575,0.22916666666666666,False,0.1442307692307692,0.1930835734870317,12
m_276450__27869474__14202374__18957688,O=C(CC1=CCOCC1)N2CC[C@@H](C2)N3CCN(CC3)C4=NC=NC5=C4C=CS5,6.207644210560644,6.235352381311585,6.179936039809703,0.055416341501882016,0.2268041237113402,False,0.2291666666666666,0.3536977491961415,11
s_22__11825898__6663460,CC1=C(C(=NC2=CC=CC=C12)O)C(=O)N3CCN(CC3)C4=CC=CC5=C4C=CN5,6.20740543720429,6.215618898382684,6.199191976025897,0.016426922356786555,0.3493975903614458,False,0.2234042553191489,0.2059800664451827,11
s_527__14793136__6671842,CC1=C(C(=O)OC2=CC=CC=C12)C(=O)N3CCN(CC3)C4=CC=CC5=C4C=CS5,6.207193075428964,6.423529528106069,5.990856622751858,0.4326729053542113,0.410958904109589,True,0.430379746835443,0.3780068728522336,11
m_276450__18755804__14207032__18941674,O=C(NCCN1CCN(CC1)C2=NC=NN3C2=CC=C3)C4=NNC5=C4CCCC5,6.207025596983266,6.26121700704536,6.152834186921172,0.10838282012418787,0.3333333333333333,False,0.1530612244897959,0.2154255319148936,12
m_276450__27869470__14206930__28201464,CN1CCCCC1C(=O)N2CC[C@H](C2)N3CCN(CC3)C4=NC=NC5=C4NC=C5,6.206201174635034,6.275722436620352,6.136679912649714,0.13904252397063832,0.24175824175824176,False,0.1717171717171717,0.2662116040955631,11
m_276450__27869474__18957698__28201464,CN1CCCC[C@@H]1C(=O)N2CC[C@@H](C2)N3CCN(CC3)C4=NC=NC5=C4NC=C5,6.206201174635034,6.275722436620352,6.136679912649714,0.13904252397063832,0.24175824175824176,False,0.1717171717171717,0.2662116040955631,11
m_276450__27869470__18957698__28201464,CN1CCCC[C@@H]1C(=O)N2CC[C@H](C2)N3CCN(CC3)C4=NC=NC5=C4NC=C5,6.206201174635034,6.275722436620352,6.136679912649714,0.13904252397063832,0.24175824175824176,False,0.1717171717171717,0.2662116040955631,11
s_27__16803670__210463,N#CC1=CC2=C(CCCC2)N=C1NCC3CCN(CC3)C4=NC=NC5=C4C=CN5,6.205456245954338,6.244320265127445,6.166592226781229,0.07772803834621644,0.2222222222222222,False,0.116504854368932,0.1928374655647383,11
m_276450__18755804__14203920__14214378,O=C(NCCN1CCN(CC1)C2=NC=NC3=C2CCC3)C4CCCN5C4=CC=N5,6.205186962421751,6.151428363600822,6.25894556124268,0.10751719764185808,0.3132530120481928,False,0.1836734693877551,0.2058047493403693,12
s_2430__22522772__12304852,CC1=C(C=NC2=CC=CC=C12)NC(=O)N3CCN(CC3)C4=CC=CC5=C4C=CN5,6.204643736263936,6.242998959547819,6.166288512980053,0.07671044656776616,0.34177215189873417,False,0.2282608695652173,0.2112676056338028,11
m_276450__18755804__14202060__18941674,O=C(NCCN1CCN(CC1)C2=NC=NN3C2=CC=C3)C4CCCC5=C4NN=C5,6.204540954898471,6.361291750393029,6.047790159403913,0.3135015909891159,0.30434782608695654,False,0.125,0.2352941176470588,12
m_276450__18755804__27786920__28201854,CCN1CCOCC1CC(=O)NCCN2CCN(CC2)C3=NC=NC4=C3SC=N4,6.204252267665392,6.212798393579881,6.195706141750905,0.017092251828976224,0.275,False,0.2,0.2145110410094637,12
m_276450__18755804__27784696__18251492,[N-]=[N+]=N[C@H]1CCCC[C@H]1C(=O)NCCN2CCN(CC2)C3=NC=NC4=C3C=CN4,6.204069672432153,6.315770838568008,6.0923685062963,0.22340233227170803,0.3258426966292135,False,0.2040816326530612,0.2320819112627986,9
m_276450__27869474__14200694__18957688,CC1=NN=CC=C1C(=O)N2CC[C@@H](C2)N3CCN(CC3)C4=NC=NC5=C4C=CS5,6.2035546292363115,6.250965726968818,6.1561435315038056,0.0948221954650128,0.23157894736842105,False,0.2268041237113402,0.2912912912912913,12
m_276450__14193134__14200278__18957688,CN(CCC1CCN(CC1)C2=NC=NC3=C2C=CS3)C(=O)C4=NC=CC=C4O,6.2031271113085085,6.201740238621743,6.204513983995274,0.0027737453735312556,0.2391304347826087,False,0.2234042553191489,0.2646153846153846,12
m_276450__18755804__14201254__28202336,O=C(NCCN1CCN(CC1)C2=NC=NN3C2=NC=C3)C4=C5CCCCC5=CO4,6.202820485002665,6.207618134437617,6.198022835567714,0.009595298869903068,0.3181818181818182,False,0.1546391752577319,0.1837837837837838,12
s_22__16803922__9598826,O=C(NCC1CCN(CC1)C2=NC=NC3=C2C=CN3)C(=CC4CCCCC4)F,6.2027609345335915,6.209818588514309,6.195703280552875,0.014115307961433565,0.2727272727272727,False,0.1530612244897959,0.2440677966101695,11
s_527__24395882__9703978,CC1=NC2=CC=CC=C2C(=O)N1CC(=O)N3CCN(CC3)C4=NC=NC5=C4C=CS5,6.202719353289774,6.053480224140615,6.351958482438935,0.29847825829831987,0.3181818181818182,False,0.2717391304347826,0.2831858407079646,10
s_22__28465444__216519,C=C1C2=CC=CC=C2C(=O)N1CC(=O)N3CCN(CC3)C4=CC=CC5=C4OC=C5,6.202313830687237,6.334793557552269,6.069834103822206,0.2649594537300626,0.30864197530864196,False,0.2087912087912088,0.2326388888888889,12
s_270004__9417640__24720298,C#CCOC1=CC(=C(C(=C1)C)CN2CCN(CC2)C3=CN=CC4=NC=NN34)C,6.201999565760062,6.1676259573471315,6.236373174172993,0.06874721682586138,0.24324324324324326,False,0.1188118811881188,0.1479289940828402,12
m_276450__18755804__27812084__18251492,CNC1=CN=CC=C1C(=O)NCCN2CCN(CC2)C3=NC=NC4=C3C=CN4,6.201542934237409,6.161727828629845,6.2413580398449735,0.07963021121512881,0.3611111111111111,False,0.2083333333333333,0.1821192052980132,12
m_276450__18755804__14205410__28201534,O=C(NCCN1CCN(CC1)C2=NC=NC3=C2OC=C3)C4=C5CCOCC5=CO4,6.201407260308539,6.156575064534251,6.246239456082826,0.08966439154857486,0.3563218390804598,False,0.1938775510204081,0.1908396946564885,12
m_276450__18755804__28193008__14155830,O=C(NCCN1CCN(CC1)C2=NC=NC3=C2N=CS3)C4=NNC5=C4NCCC5,6.200526002610223,6.163186762993311,6.2378652422271355,0.07467847923382465,0.3,False,0.21875,0.2348284960422163,12
m_276450__18755804__14200608__14155830,O=C(CN1CCCCC1=O)NCCN2CCN(CC2)C3=NC=NC4=C3N=CS4,6.200089528990422,6.151963127370207,6.2482159306106375,0.0962528032404304,0.28735632183908044,False,0.2527472527472527,0.2626262626262626,10
m_276450__18755804__14203366__28201534,O=C(NCCN1CCN(CC1)C2=NC=NC3=C2OC=C3)C4CCCC5=NC=CN45,6.200030629558794,6.200573715380437,6.199487543737152,0.001086171643285283,0.33707865168539325,False,0.2244897959183673,0.2366197183098591,12
m_276450__18755804__27783692__18251492,O=C(NCCN1CCN(CC1)C2=NC=NC3=C2C=CN3)C4CCCC5=CN=CN45,6.199170571843867,6.225817470375364,6.172523673312371,0.05329379706299253,0.32222222222222224,False,0.2142857142857142,0.2305475504322766,12
m_276450__27869474__27813428__14155830,O=C(C=C1CCOCC1)N2CC[C@@H](C2)N3CCN(CC3)C4=NC=NC5=C4N=CS5,6.198642932051825,6.153736858484411,6.243549005619238,0.08981214713482721,0.17721518987341772,False,0.173469387755102,0.2834890965732087,12
m_276450__18755804__14205232__28201464,CCN1CCCCC1C(=O)NCCN2CCN(CC2)C3=NC=NC4=C3NC=C4,6.198396857612961,6.166608196370554,6.230185518855367,0.06357732248481351,0.3181818181818182,False,0.2105263157894736,0.2508710801393728,10
m_276450__18755804__14206022__28201854,O=C(CN1CCOCC1=O)NCCN2CCN(CC2)C3=NC=NC4=C3SC=N4,6.198307326118856,6.195360531549367,6.201254120688345,0.005893589138977973,0.2808988764044944,False,0.1979166666666666,0.1791530944625407,12
s_22__18967540__309126,O=C(CN1C(=O)C2=CC=CC=C2N=C1S)N3CCC(CC3)C4=CC=CC5=CN=CC=C45,6.198302665710343,6.270113024775638,6.126492306645048,0.14362071813058996,0.26666666666666666,False,0.125,0.2365930599369085,12
m_276450__14193098__14202322__18957688,COC1=NC=CC=C1C(=O)NCCC2CCN(CC2)C3=NC=NC4=C3C=CS4,6.197723212933585,6.128675299225319,6.266771126641852,0.13809582741653337,0.3116883116883117,False,0.2164948453608247,0.2477611940298507,12
s_527__24395882__156271,O=C(CN1C(=O)C2=CC=CC=C2C1=O)N3CCN(CC3)C4=NC=NC5=C4C=CS5,6.19763360692512,6.205241609347633,6.190025604502607,0.015216004845025388,0.2839506172839506,False,0.2619047619047619,0.2636655948553054,12
m_276450__18955116__14206714__14214582,CN1CCCC[C@H]1C(=O)N2CCC3(CC2)CCN(CC3)C4=NC=NC5=C4SC=C5,6.1960753083315225,6.2784326293723876,6.113717987290657,0.16471464208173092,0.23333333333333334,False,0.2150537634408602,0.2619047619047619,12
m_276450__18755804__27801074__28201338,CCCN1CCC[C@H]1C(=O)NCCN2CCN(CC2)C3=NC=NC4=C3C=NN4,6.195929813511013,6.216903613367233,6.174956013654792,0.041947599712441,0.3103448275862069,False,0.2083333333333333,0.2357142857142857,11
s_22__15608426__26978044,O=C(C1=C(C2=C(C=C1Br)OCCO2)Cl)N3CCN(CC3)C4=C5C=CN=C5NC=N4,6.1953475626290295,5.990769571903365,6.399925553354695,0.40915598145133014,0.21739130434782608,False,0.1037735849056603,0.2026666666666666,12
m_276450__14193098__27791730__18957688,O=C(NCCC1CCN(CC1)C2=NC=NC3=C2C=CS3)C4=C5CCOCC5=NN4,6.195342353976994,6.164348756228457,6.226335951725531,0.06198719549707388,0.2736842105263158,False,0.2222222222222222,0.2453333333333333,12
s_2430__22523656__17793198,CC1=NC2=CC=CC=C2C=C1NC(=O)N3CCN(CC3)C4=CC=CC5=C4C=NN5,6.194848433734192,6.3805921418888865,6.009104725579497,0.37148741630938975,0.3717948717948718,False,0.2282608695652173,0.2154882154882154,11
m_44__30207906__30194356,O=C1NC2CCCCC2CC1NCC3CCN(CC3)C4=NC=NC5=C4C=CN5,6.19438930359097,6.3389284214347335,6.049850185747208,0.28907823568752544,0.20430107526881722,False,0.1530612244897959,0.2332155477031802,12
m_276450__18755804__14204930__18251492,O=C(NCCN1CCN(CC1)C2=NC=NC3=C2C=CN3)C4=C5CCCCC5=NO4,6.194026230198096,6.151961603408867,6.236090856987326,0.08412925357845946,0.3488372093023256,False,0.2473118279569892,0.1941489361702127,11
s_2430__12100718__17793198,CSC1=NC2=CC=CC=C2C(=C1NC(=O)N3CCN(CC3)C4=CC=CC5=C4C=NN5)C,6.193874065729865,6.353831998935346,6.033916132524386,0.3199158664109598,0.33707865168539325,False,0.2244897959183673,0.225,12
m_276450__27869474__27797300__28201854,O=C(C1=C(CCCC1)Cl)N2CC[C@@H](C2)N3CCN(CC3)C4=NC=NC5=C4SC=N5,6.193424952231522,6.263974046320475,6.12287585814257,0.14109818817790476,0.20689655172413793,False,0.231578947368421,0.2879256965944272,10
m_276450__18755804__27801074__14214378,CCCN1CCC[C@H]1C(=O)NCCN2CCN(CC2)C3=NC=NC4=C3CCC4,6.192417360606623,6.159684136037584,6.225150585175662,0.06546644913807764,0.2926829268292683,False,0.1789473684210526,0.2214983713355048,12
m_276450__18755804__18937568__18251492,O=C(NCCN1CCN(CC1)C2=NC=NC3=C2C=CN3)C4CCCCC45CCC5,6.191858120359999,6.306835918250997,6.076880322469,0.22995559578199742,0.32558139534883723,False,0.202127659574468,0.223826714801444,10
m_276450__18755804__14201874__14155830,CCC1=CC=CC=C1C(=O)NCCN2CCN(CC2)C3=NC=NC4=C3N=CS4,6.19135858863863,5.93099488413443,6.451722293142831,0.5207274090084013,0.4393939393939394,True,0.2258064516129032,0.2105263157894736,12
m_276450__18755804__27783116__28201854,O=C(NCCN1CCN(CC1)C2=NC=NC3=C2SC=N3)C4CCOCC45CCC5,6.19129141719954,6.273351217171291,6.109231617227791,0.16411959994349967,0.3176470588235294,False,0.202020202020202,0.2243589743589743,12
s_2430__27548240__17793198,CC1=CC2=C(C=C1NC(=O)N3CCN(CC3)C4=CC=CC5=C4C=NN5)OCCO2,6.1912685947808335,6.359920053241226,6.0226171363204415,0.33730291692078485,0.3,False,0.2333333333333333,0.2131147540983606,10
m_276450__18755804__27791730__18251492,O=C(NCCN1CCN(CC1)C2=NC=NC3=C2C=CN3)C4=C5CCOCC5=NN4,6.1904203276238,6.164764718203526,6.2160759370440735,0.05131121884054757,0.3448275862068966,False,0.2164948453608247,0.1810810810810811,12
m_276450__18755804__14203920__28201338,O=C(NCCN1CCN(CC1)C2=NC=NC3=C2C=NN3)C4CCCN5C4=CC=N5,6.190302539175187,6.190833819579262,6.189771258771112,0.001062560808150259,0.3181818181818182,False,0.1919191919191919,0.2121212121212121,11
m_276450__27870786__27786920__18251492,CCN1CCOCC1CC(=O)NCC(C)N2CCN(CC2)C3=NC=NC4=C3C=CN4,6.1898139822074505,6.273609301750266,6.106018662664636,0.16759063908563032,0.24175824175824176,False,0.1538461538461538,0.2203947368421052,12
m_276450__18755804__14204648__18955122,O=C(NCCN1CCN(CC1)C2=NC=NC3=C2N=CN3)C4CCCC5N4CCC5,6.189566538734923,6.191607742346003,6.1875253351238415,0.004082407222161244,0.28735632183908044,False,0.202127659574468,0.2241992882562277,11
m_276450__14193098__14202060__18957688,O=C(NCCC1CCN(CC1)C2=NC=NC3=C2C=CS3)C4CCCC5=C4NN=C5,6.188810208475993,6.247868612392788,6.1297518045591985,0.11811680783358902,0.2631578947368421,False,0.2268041237113402,0.2737752161383285,11
s_2430__22529678__9417634,O=C(NC1=CN=C2C=CC=CN2C1=O)N3CCN(CC3)C4=CN=CC5=NC=NN45,6.188664999004558,6.153345982513118,6.223984015496,0.07063803298288196,0.24444444444444444,False,0.1,0.2559366754617414,12
m_276450__18755804__14201254__28201464,O=C(NCCN1CCN(CC1)C2=NC=NC3=C2NC=C3)C4=C5CCCCC5=CO4,6.188582119408638,6.12647352762348,6.250690711193796,0.12421718357031608,0.36046511627906974,False,0.2234042553191489,0.2121212121212121,11
s_22__15608426__326448,O=C(CCN1C(=O)C2=CC=CC=C2N=C1S)N3CCN(CC3)C4=C5C=CN=C5NC=N4,6.188393588585136,6.070882835372961,6.305904341797311,0.23502150642435016,0.2903225806451613,False,0.1470588235294117,0.2486033519553072,12
m_276450__27869470__27798274__28202336,O=C([C@@H]1CCCC[C@H]1O)N2CC[C@H](C2)N3CCN(CC3)C4=NC=NN5C4=NC=C5,6.18803298058761,6.206559364868328,6.169506596306892,0.03705276856143591,0.18085106382978725,False,0.0891089108910891,0.2233333333333333,12
m_276450__27869474__27808288__28202336,O=C(C1CCCCC1O)N2CC[C@@H](C2)N3CCN(CC3)C4=NC=NN5C4=NC=C5,6.18803298058761,6.206559364868328,6.169506596306892,0.03705276856143591,0.18085106382978725,False,0.0891089108910891,0.2233333333333333,12
s_2230__21458684__16949512,CC1=C(C(=O)N2CCCCC2=N1)CCN3CCN(CC3)C(=O)C4=CC=NN4C,6.187897350101995,6.5786956039231965,5.797099096280794,0.7815965076424023,0.5211267605633803,True,0.4657534246575342,0.5763358778625954,6
s_270004__23850852__12905998,COCC1=C(C=C(C(=C1C)CNC2CCN(CC2)C3=C4C=C(SC4=NC=N3)C)C)C,6.187825247464314,6.179725066524939,6.195925428403688,0.016200361878749625,0.2,False,0.1372549019607843,0.2218934911242603,10
m_276450__14193098__27801120__18941674,CN1CCCCC1CC(=O)NCCC2CCN(CC2)C3=NC=NN4C3=CC=C4,6.187338433128609,6.2572867762231645,6.117390090034053,0.1398966861891111,0.27472527472527475,False,0.1067961165048543,0.2138157894736842,12
m_276450__14193098__27810598__18957688,CNC1=NC=CC=C1C(=O)NCCC2CCN(CC2)C3=NC=NC4=C3C=CS4,6.18614659672945,6.101562650521848,6.270730542937051,0.16916789241520291,0.28888888888888886,False,0.21875,0.2623456790123457,12
s_2430__22522772__26861752,CC1=C(C=NC2=CC=CC=C12)NC(=O)N3CCN(CC3)C4=CC=CC5=C4N=CN5,6.185785341233755,6.126942211658494,6.244628470809017,0.11768625915052322,0.32098765432098764,False,0.2,0.2086092715231788,12
m_276450__18755804__27809982__28204226,CCCN1CCCCC1C(=O)NCCN2CCN(CC2)C3=C4N=C(SC4=NC=N3)N,6.18537445890095,6.269343498052667,6.1014054197492325,0.16793807830343432,0.2857142857142857,False,0.2,0.2628205128205128,10
m_276450__18755804__27794386__14214378,O=C(NCCN1CCN(CC1)C2=NC=NC3=C2CCC3)C4CCCN5C4=NC=C5,6.1853431032048505,6.229004967416071,6.14168123899363,0.08732372842244018,0.2988505747126437,False,0.1836734693877551,0.2,11
m_276450__18755804__27782064__28201464,CO[C@H]1CCCC[C@H]1C(=O)NCCN2CCN(CC2)C3=NC=NC4=C3NC=C4,6.184562696388806,6.114644252881196,6.2544811398964155,0.13983688701521935,0.3218390804597701,False,0.1979166666666666,0.2417218543046357,10
s_22__28465444__117017,O=C(CC1=CC2=C(C=C1Br)OCCO2)N3CCN(CC3)C4=CC=CC5=C4OC=C5,6.184170863062167,6.135765114572975,6.232576611551358,0.09681149697838265,0.25882352941176473,False,0.1956521739130435,0.2253968253968254,10
s_2430__12100718__26861752,CSC1=NC2=CC=CC=C2C(=C1NC(=O)N3CCN(CC3)C4=CC=CC5=C4N=CN5)C,6.183111245448807,6.135050585554576,6.2311719053430386,0.0961213197884625,0.31868131868131866,False,0.2,0.2177914110429447,12
s_11__24395822__115783,CC1=NC2=NC=NN2C(=C1CC(=O)N3CCN(CC3)C4=NC=NC5=C4C=CS5)C,6.183068133009735,6.106316506050719,6.25981975996875,0.1535032539180312,0.2840909090909091,False,0.2795698924731182,0.2591549295774648,9
m_276450__27869470__27785454__28202336,CC1=C(COCC1)C(=O)N2CC[C@H](C2)N3CCN(CC3)C4=NC=NN5C4=NC=C5,6.181854365742529,6.181461636375795,6.182247095109264,0.0007854587334685803,0.17204301075268819,False,0.14,0.2649842271293375,12
m_276450__14193098__14204648__28201464,O=C(NCCC1CCN(CC1)C2=NC=NC3=C2NC=C3)C4CCCC5N4CCC5,6.181818912484843,6.094520221791557,6.269117603178128,0.17459738138657155,0.26373626373626374,False,0.1649484536082474,0.2423208191126279,12
s_2708__23827838__8281686,O=C(NCC1CCN(CC1)C2=NC=NC3=C2C=CN3)N4CCCCC4CCO,6.181312842561686,6.18521642478482,6.177409260338552,0.007807164446267834,0.2696629213483146,False,0.1616161616161616,0.1851851851851851,11
s_2708__23827838__28470762,O=C(NCC1CCN(CC1)C2=NC=NC3=C2C=CN3)N4CCCC[C@H]4CCO,6.181312842561686,6.18521642478482,6.177409260338552,0.007807164446267834,0.2696629213483146,False,0.1616161616161616,0.1851851851851851,11
s_2708__23827838__28771988,O=C(NCC1CCN(CC1)C2=NC=NC3=C2C=CN3)N4CCCC[C@@H]4CCO,6.181312842561686,6.18521642478482,6.177409260338552,0.007807164446267834,0.2696629213483146,False,0.1616161616161616,0.1851851851851851,11
s_2430__15148972__24395850,O=C(NC1=CC2=C(C=C1Cl)OCCC2)N3CCN(CC3)C4=NC=NC5=C4C=CS5,6.181143662579616,6.131910524794781,6.23037680036445,0.09846627556966858,0.23404255319148937,False,0.2142857142857142,0.2527472527472527,10
s_22__3225174__4555110,O=C1NC2=C(C=C1C(=O)NC3CCN(CC3)C4=C5N=CN=C5N=CN4)CCCC2,6.181093699634685,6.217639856392775,6.144547542876596,0.07309231351617829,0.1978021978021978,False,0.1089108910891089,0.2387640449438202,12
m_276450__18755804__14206022__18251492,O=C(CN1CCOCC1=O)NCCN2CCN(CC2)C3=NC=NC4=C3C=CN4,6.180878852825254,6.186797527652607,6.1749601779978995,0.01183734965470773,0.3218390804597701,False,0.1894736842105263,0.1764705882352941,11
s_22__28465444__130878,CC1=NC2=NC=NN2C(=C1CC(=O)N3CCN(CC3)C4=CC=CC5=C4OC=C5)C,6.179583900394329,6.218089010452276,6.141078790336381,0.07701022011589576,0.2727272727272727,False,0.2553191489361702,0.2272727272727272,9
s_11__24395822__14868728,O=C(CN1N=CC2=C(C1=O)CCCC2)N3CCN(CC3)C4=NC=NC5=C4C=CS5,6.178996536263211,6.238079112789235,6.119913959737187,0.11816515305204778,0.24719101123595505,False,0.3068181818181818,0.3268698060941828,9
m_276450__14192936__27809982__18957688,CCCN1CCCCC1C(=O)NCC2CCN(CC2)C3=NC=NC4=C3C=CS4,6.178908191833522,6.2530229153473025,6.104793468319742,0.14822944702756047,0.26666666666666666,False,0.2340425531914893,0.3368794326241134,10
s_527__9417630__9703978,CC1=NC2=CC=CC=C2C(=O)N1CC(=O)N3CCN(CC3)C4=CN=CC5=NC=NN45,6.178701411040951,5.971783458620925,6.385619363460977,0.4138359048400524,0.3146067415730337,False,0.15,0.1943661971830985,12
m_276450__18755804__14201254__18251492,O=C(NCCN1CCN(CC1)C2=NC=NC3=C2C=CN3)C4=C5CCCCC5=CO4,6.178135787161644,6.1985104365120005,6.1577611378112875,0.04074929870071298,0.36470588235294116,False,0.2365591397849462,0.1949152542372881,10
s_270004__23850852__24721074,CC1=CC2=C(N=CN=C2S1)N3CCC(CC3)NCC4=C(C5=C(C=C4)OCCO5)C,6.1778688991834265,6.130273007125019,6.225464791241834,0.09519178411681573,0.18556701030927836,False,0.145631067961165,0.2288135593220339,11
m_276450__18755804__27784696__14155830,[N-]=[N+]=N[C@H]1CCCC[C@H]1C(=O)NCCN2CCN(CC2)C3=NC=NC4=C3N=CS4,6.177536387566226,6.246082106076508,6.108990669055945,0.1370914370205627,0.2857142857142857,False,0.202020202020202,0.2571428571428571,9
s_2430__27548240__14793140,CC1=CC2=C(C=C1NC(=O)N3CCN(CC3)C4=CC=CC5=C4C=CS5)OCCO2,6.176938266446573,6.391681875299229,5.962194657593917,0.4294872177053115,0.43243243243243246,True,0.382716049382716,0.3321299638989169,8
m_276450__27871502__27784696__14155830,C[C@@H](CN1CCN(CC1)C2=NC=NC3=C2N=CS3)NC(=O)[C@H]4CCCC[C@H]4N=[N+]=[N-],6.175624350990637,6.24552736838025,6.105721333601022,0.1398060347792276,0.21212121212121213,False,0.1941747572815534,0.2571428571428571,10
m_276450__14193098__14204022__18251492,O=C(NCCC1CCN(CC1)C2=NC=NC3=C2C=CN3)C4=NOC5=C4CCCC5,6.175564362968318,6.028153058097066,6.32297566783957,0.2948226097425035,0.2717391304347826,False,0.1919191919191919,0.1865284974093264,12
s_2230__12121556__9780156,CC1=C(C(=O)N2C=CC=CC2=N1)CCN3CCN(CC3)C(=O)C4=CC=CN4C,6.175481341028967,6.3682832901319655,5.982679391925969,0.3856038982059964,0.42105263157894735,True,0.2857142857142857,0.4383116883116883,10
m_276450__14193098__27801120__28201338,CN1CCCCC1CC(=O)NCCC2CCN(CC2)C3=NC=NC4=C3C=NN4,6.175284887470262,6.204634478999756,6.145935295940769,0.05869918305898647,0.2808988764044944,False,0.1717171717171717,0.1986062717770035,12
s_11__22183562__22136346,CC1=NC2=CC=CC=C2C(=O)N1CC(=O)N3CC=C(CC3)C4=CC=NC5=C4C=CN5,6.174162650973434,6.051893231909226,6.296432070037643,0.2445388381284168,0.2708333333333333,False,0.173076923076923,0.2514450867052023,12
s_22__2303350__309126,O=C(CN1C(=O)C2=CC=CC=C2N=C1S)N3CCC(CC3)C4=CC=CC5=CC=CC=C45,6.173873150536849,6.2440163789072205,6.103729922166479,0.1402864567407418,0.2891566265060241,False,0.134020618556701,0.25,12
s_2430__740638__28470156,O=C(NC1=CC2=C(C=C1Cl)OCCO2)N3CCN(CC3)C4=CC=CC5=C4OC=C5,6.173768090139868,6.129615704651125,6.21792047562861,0.08830477097748446,0.27380952380952384,False,0.1935483870967742,0.2071197411003236,11
m_276450__27869470__27782246__18251492,CC1CCOCC1C(=O)N2CC[C@H](C2)N3CCN(CC3)C4=NC=NC5=C4C=CN5,6.173344824453114,6.099735774838427,6.2469538740678,0.1472180992293728,0.21875,False,0.1568627450980392,0.2474916387959866,11
s_2708__23827838__10860874,COCC1CCCCN1C(=O)NCC2CCN(CC2)C3=NC=NC4=C3C=CN4,6.173012574734717,6.151871884182712,6.194153265286721,0.04228138110400881,0.25882352941176473,False,0.17,0.1791530944625407,10
m_276450__18755804__14207032__28204286,O=C(NCCN1CCN(CC1)C2=NC=CC3=CN=CN23)C4=NNC5=C4CCCC5,6.1727473962533,6.153967841591111,6.191526950915489,0.03755910932437789,0.2987012987012987,False,0.1546391752577319,0.1634349030470914,12
m_276450__27869474__27782246__28201534,CC1CCOCC1C(=O)N2CC[C@@H](C2)N3CCN(CC3)C4=NC=NC5=C4OC=C5,6.172699925008659,6.068187126145906,6.277212723871411,0.2090255977255051,0.20833333333333334,False,0.1470588235294117,0.2681388012618296,12
m_276450__27869470__14206930__18941674,CN1CCCCC1C(=O)N2CC[C@H](C2)N3CCN(CC3)C4=NC=NN5C4=CC=C5,6.1726164868796385,6.361751148517522,5.983481825241755,0.37826932327576657,0.22580645161290322,False,0.1078431372549019,0.2631578947368421,11
m_276450__27869470__18957698__18941674,CN1CCCC[C@@H]1C(=O)N2CC[C@H](C2)N3CCN(CC3)C4=NC=NN5C4=CC=C5,6.1726164868796385,6.361751148517522,5.983481825241755,0.37826932327576657,0.22580645161290322,False,0.1078431372549019,0.2631578947368421,11
s_22__15608426__309126,O=C(CN1C(=O)C2=CC=CC=C2N=C1S)N3CCN(CC3)C4=C5C=CN=C5NC=N4,6.172605914046649,6.025702175004549,6.3195096530887485,0.29380747808419905,0.2826086956521739,False,0.1262135922330097,0.2275280898876404,12
s_11__26248004__54867,CC1=NC2=CC=CC=C2C(=C1CC(=O)N3CCN(CC3)C4=CC=CC5=CN=CC=C45)C,6.172489205483547,6.283057354733999,6.061921056233096,0.22113629850090266,0.358974358974359,False,0.1789473684210526,0.2167832167832167,10
s_527__5635386__9703978,CC1=NC2=CC=CC=C2C(=O)N1CC(=O)N3CCN(CC3)C4=NC=NC5=C4SC=C5,6.172256903082278,6.053596522659447,6.290917283505109,0.23732076084566156,0.3146067415730337,False,0.2446808510638297,0.2406876790830945,12
s_11__22183562__3392752,CC1=C(C(=O)N2N=CC=C2N1)CC(=O)N3CC=C(CC3)C4=CC=NC5=C4C=CN5,6.171212075827061,6.18305879173009,6.15936535992403,0.023693431806059984,0.20618556701030927,False,0.1904761904761904,0.2506203473945409,11
m_276450__27869470__14200074__28201534,O=C(CC1=CCCCC1)N2CC[C@H](C2)N3CCN(CC3)C4=NC=NC5=C4OC=C5,6.170874439803676,6.164450326125572,6.17729855348178,0.012848227356207609,0.21875,False,0.1717171717171717,0.2857142857142857,12
m_276450__18755804__27784696__18937598,CCC1=C(N=CN=C1N2CCN(CC2)CCNC(=O)[C@H]3CCCC[C@H]3N=[N+]=[N-])Cl,6.170696462675513,6.31173601821958,6.029656907131446,0.28207911108813466,0.2826086956521739,False,0.1782178217821782,0.2354948805460751,12
s_11__22183562__54031,O=C(CN1C(=O)C2CCCCC2C1=O)N3CC=C(CC3)C4=CC=NC5=C4C=CN5,6.170388518537365,6.221851052688981,6.11892598438575,0.10292506830323145,0.22340425531914893,False,0.1515151515151515,0.2524916943521594,11
s_2430__22522772__17793198,CC1=C(C=NC2=CC=CC=C12)NC(=O)N3CCN(CC3)C4=CC=CC5=C4C=NN5,6.170321414916049,6.332242460018311,6.008400369813786,0.3238420902045256,0.358974358974359,False,0.2258064516129032,0.2135593220338983,12
s_22__24035806__26978044,O=C(C1=C(C2=C(C=C1Br)OCCO2)Cl)N3CCN(CC3)C4=NC=NC5=C4C=CS5,6.169621963631938,6.113263123915768,6.225980803348108,0.11271767943233968,0.21518987341772153,False,0.2061855670103092,0.2472826086956521,11
s_11__25843324__26276036,O=C(CC1=CC2=CC=CC=C2C=C1Cl)N3CCN(CC3)C4=CC=CC5=C4C=NN5,6.1693421871883825,6.4375085874469855,5.9011757869297785,0.536332800517207,0.36,False,0.2247191011235955,0.2267657992565055,12
s_527__5635386__3392756,CC1=C(C(=O)N2N=CC=C2N1)CC(=O)N3CCN(CC3)C4=NC=NC5=C4SC=C5,6.169259021834041,6.171109256548394,6.167408787119687,0.003700469428706832,0.23655913978494625,False,0.2631578947368421,0.2871536523929471,11
m_276450__18755804__14202058__28201534,O=C(NCCN1CCN(CC1)C2=NC=NC3=C2OC=C3)C4CCCC5=C4C=NN5,6.168325775985959,6.188007569106908,6.1486439828650115,0.03936358624189662,0.31868131868131866,False,0.2,0.25,12
s_527__24395882__210149,C=C1C2=CC=CC=C2C(=O)N1CC(=O)N3CCN(CC3)C4=NC=NC5=C4C=CS5,6.167997632995279,6.252689060066643,6.083306205923914,0.16938285414272958,0.27906976744186046,False,0.2444444444444444,0.2654320987654321,12
s_22__13968870__21389038,O=C(CC1=CC2=CC=CC=C2C=C1O)N3CCN(CC3)C4=CC=CC5=C4N=CN5,6.167392062334786,6.203220575862453,6.131563548807118,0.07165702705533494,0.3116883116883117,False,0.1978021978021978,0.2132867132867132,12
m_276450__18755804__18783872__28201854,O=C(NCCN1CCN(CC1)C2=NC=NC3=C2SC=N3)C4CCCN5C4=NN=C5,6.166876375156242,6.305738264743153,6.028014485569332,0.2777237791738205,0.2717391304347826,False,0.202020202020202,0.2094972067039106,11
m_276450__14193098__14204648__14214582,O=C(NCCC1CCN(CC1)C2=NC=NC3=C2SC=C3)C4CCCC5N4CCC5,6.166599490685286,6.161478656146128,6.171720325224444,0.010241669078316029,0.26373626373626374,False,0.2127659574468085,0.2583892617449664,12
m_276450__18755804__14206410__28201338,O=C(NCCN1CCN(CC1)C2=NC=NC3=C2C=NN3)C4=C5CCCCN5C=C4,6.165659332564191,6.091290506831863,6.24002815829652,0.148737651464657,0.36904761904761907,False,0.2340425531914893,0.1781914893617021,10
m_276450__18755804__27797252__18251492,O=C(NCCN1CCN(CC1)C2=C3C=CNC3=NC=N2)C4CN5CCCN4CC5,6.16512032052805,6.241882699490633,6.088357941565468,0.1535247579251653,0.3372093023255814,False,0.217391304347826,0.2028469750889679,11
s_527__18364004__156526,O=C(CN1C(=O)C2CCCCC2C1=O)N3CCN(CC3)C4=CN=CC5=NN=NN45,6.165095321333901,6.268208464363127,6.061982178304675,0.2062262860584525,0.1978021978021978,False,0.1063829787234042,0.2051282051282051,12
m_276450__18955116__14206714__18251492,CN1CCCC[C@H]1C(=O)N2CCC3(CC2)CCN(CC3)C4=NC=NC5=C4C=CN5,6.165037424210594,6.224376461224411,6.105698387196776,0.11867807402763475,0.24719101123595505,False,0.1770833333333333,0.225,11
m_276450__18955116__14206930__18251492,CN1CCCCC1C(=O)N2CCC3(CC2)CCN(CC3)C4=NC=NC5=C4C=CN5,6.165037424210594,6.224376461224411,6.105698387196776,0.11867807402763475,0.24719101123595505,False,0.1770833333333333,0.225,11
s_240690__7402370__16766576,NC1=CC2=C(C=C1C(=O)NC3CCN(CC3)C4=C5N=CN=C5N=CN4)CCCC2,6.1649870666237625,6.144318120732999,6.185656012514525,0.04133789178152636,0.22093023255813954,False,0.1176470588235294,0.2085714285714285,12
m_276450__27869470__14206714__28201534,CN1CCCC[C@H]1C(=O)N2CC[C@H](C2)N3CCN(CC3)C4=NC=NC5=C4OC=C5,6.164378249015359,6.2211919094899075,6.107564588540811,0.11362732094909678,0.2391304347826087,False,0.1717171717171717,0.2682119205298013,11
m_276450__27869470__27785808__18957688,O=C([C@H]1CCCC[C@H]1O)N2CC[C@H](C2)N3CCN(CC3)C4=NC=NC5=C4C=CS5,6.164250048616875,6.2365049024302435,6.0919951948035065,0.14450970762673698,0.2391304347826087,False,0.2234042553191489,0.335593220338983,9
m_276450__27869470__14200236__28202336,CC1=C(CCCO1)C(=O)N2CC[C@H](C2)N3CCN(CC3)C4=NC=NN5C4=NC=C5,6.164122973989318,6.147390443265719,6.180855504712919,0.03346506144719985,0.1702127659574468,False,0.15,0.2530487804878049,12
m_276450__27870786__27784696__28201534,CC(CNC(=O)[C@H]1CCCC[C@H]1N=[N+]=[N-])N2CCN(CC2)C3=NC=NC4=C3OC=C4,6.1640955203365415,6.219432750099436,6.108758290573646,0.11067445952579025,0.23469387755102042,False,0.160377358490566,0.2653721682847896,11
s_22__28465444__309126,O=C(CN1C(=O)C2=CC=CC=C2N=C1S)N3CCN(CC3)C4=CC=CC5=C4OC=C5,6.163814446549415,6.214817348055661,6.112811545043168,0.10200580301249307,0.3855421686746988,False,0.2105263157894736,0.2373417721518987,11
m_276450__27869474__14200248__18251492,CN1CCOCC1C(=O)N2CC[C@@H](C2)N3CCN(CC3)C4=NC=NC5=C4C=CN5,6.163611217728165,6.24013827812133,6.087084157334999,0.15305412078633118,0.24731182795698925,False,0.1568627450980392,0.2350993377483443,11
m_276450__18755804__20152074__14214582,O=C(NCCN1CCN(CC1)C2=NC=NC3=C2SC=C3)C4CCCC5=C4N=CN5,6.16343769928128,6.2361907160543355,6.0906846825082255,0.14550603354611003,0.31868131868131866,False,0.25,0.2478632478632478,10
s_11__22168874__3392752,CC1=C(C(=O)N2N=CC=C2N1)CC(=O)N3CCN(CC3)C4=C5C=CN=C5NC=N4,6.162827476921607,6.050252173724245,6.275402780118969,0.22515060639472395,0.21505376344086022,False,0.1386138613861386,0.2688442211055276,10
m_2708__23827838__16902468,C#CCC1COCCN1C(=O)NCC2CCN(CC2)C3=NC=NC4=C3C=CN4,6.162673597471898,6.171558720847876,6.1537884740959194,0.017770246751956265,0.24468085106382978,False,0.1333333333333333,0.1847133757961783,12
m_276450__27869474__14206714__18251492,CN1CCCC[C@H]1C(=O)N2CC[C@@H](C2)N3CCN(CC3)C4=NC=NC5=C4C=CN5,6.161804452200034,6.278729001494864,6.044879902905205,0.2338490985896593,0.25274725274725274,False,0.1836734693877551,0.2464788732394366,10
m_276450__27869474__14206930__18251492,CN1CCCCC1C(=O)N2CC[C@@H](C2)N3CCN(CC3)C4=NC=NC5=C4C=CN5,6.161804452200034,6.278729001494864,6.044879902905205,0.2338490985896593,0.25274725274725274,False,0.1836734693877551,0.2464788732394366,10
m_276450__18755804__14204648__28201338,O=C(NCCN1CCN(CC1)C2=NC=NC3=C2C=NN3)C4CCCC5N4CCC5,6.161033025640178,6.248347782382877,6.073718268897478,0.17462951348539857,0.313953488372093,False,0.2150537634408602,0.2359154929577464,11
m_276450__27869470__14200248__18941674,CN1CCOCC1C(=O)N2CC[C@H](C2)N3CCN(CC3)C4=NC=NN5C4=CC=C5,6.160922728664843,6.3172806688600405,6.004564788469647,0.31271588039039333,0.22105263157894736,False,0.0849056603773584,0.253125,12
m_276450__18755804__27788104__18251492,O=C(C=C1CN2CCC1CC2)NCCN3CCN(CC3)C4=C5C=CNC5=NC=N4,6.160526671527029,6.180997366114717,6.14005597693934,0.040941389175376486,0.3372093023255814,False,0.1914893617021276,0.259515570934256,12
m_276450__27869470__27794768__28201854,O=C(C1=C(CCOC1)Cl)N2CC[C@H](C2)N3CCN(CC3)C4=NC=NC5=C4SC=N5,6.159763511413413,6.243602415405304,6.075924607421521,0.1676778079837833,0.18478260869565216,False,0.2,0.2831325301204819,11
s_11__25823018__14916382,O=C(NC1=CC2=C(CCCC2)N=C1Cl)C3CCN(CC3)C4=CN=CC5=NN=NN45,6.159605009183764,6.321270779231518,5.99793923913601,0.32333154009550746,0.18888888888888888,False,0.1111111111111111,0.1974358974358974,12
s_2430__737976__28470156,O=C(NC1=CC2=C(C=C1Br)OCCO2)N3CCN(CC3)C4=CC=CC5=C4OC=C5,6.159597154344292,6.090491530127949,6.228702778560635,0.13821124843268606,0.26436781609195403,False,0.1935483870967742,0.2161290322580645,11
m_276450__18755804__14206022__28201534,O=C(CN1CCOCC1=O)NCCN2CCN(CC2)C3=NC=NC4=C3OC=C4,6.159381765793376,6.077314707243626,6.241448824343126,0.16413411709950054,0.3218390804597701,False,0.1770833333333333,0.2,12
m_276450__18755804__27809982__14214556,CCCN1CCCCC1C(=O)NCCN2CCN(CC2)C3=C4C(=NOC4=NC=N3)C,6.159254096212793,6.145611432775893,6.172896759649694,0.02728532687380092,0.27586206896551724,False,0.202020202020202,0.2290322580645161,11
m_276450__14193098__27809982__28201854,CCCN1CCCCC1C(=O)NCCC2CCN(CC2)C3=NC=NC4=C3SC=N4,6.159199037469104,6.241534393397954,6.076863681540256,0.16467071185769822,0.23404255319148937,False,0.18,0.223728813559322,11
m_276450__18755804__27783116__18941674,O=C(NCCN1CCN(CC1)C2=NC=NN3C2=CC=C3)C4CCOCC45CCC5,6.157926590943321,6.279702701707006,6.036150480179636,0.24355222152737,0.3372093023255814,False,0.1153846153846153,0.240506329113924,12
s_27__16803670__116566,CCN1C(=O)NC(=O)C(=C1N)NCC2CCN(CC2)C3=NC=NC4=C3C=CN4,6.156870653866692,6.268001824411438,6.045739483321947,0.2222623410894906,0.20212765957446807,False,0.1553398058252427,0.24,11
m_276450__14192936__27815196__18957688,C/C(=C\C1=CC=CC=C1)/C(=O)NCC2CCN(CC2)C3=NC=NC4=C3C=CS4,6.156421153275165,6.079978618457652,6.232863688092679,0.15288506963502702,0.2840909090909091,False,0.2444444444444444,0.3531468531468531,12
m_276450__14193098__14203690__14155830,O=C(NCCC1CCN(CC1)C2=NC=NC3=C2N=CS3)C4=CSC5=C4CCCC5,6.155708997572537,6.048210118712326,6.263207876432748,0.21499775772042184,0.25,False,0.1919191919191919,0.2131578947368421,12
m_276450__18755804__14206022__14214582,O=C(CN1CCOCC1=O)NCCN2CCN(CC2)C3=NC=NC4=C3SC=C4,6.155333589997488,6.178742331868092,6.131924848126883,0.046817483741208754,0.3181818181818182,False,0.2258064516129032,0.2098360655737705,12
m_276450__14193098__27784696__14214422,CC1=CC2=C(N=CN=C2S1)N3CCC(CC3)CCNC(=O)[C@H]4CCCC[C@H]4N=[N+]=[N-],6.155260604846356,6.1759922732933195,6.134528936399392,0.04146333689392723,0.23711340206185566,False,0.173076923076923,0.2707006369426751,10
m_276450__27869470__27785454__18957688,CC1=C(COCC1)C(=O)N2CC[C@H](C2)N3CCN(CC3)C4=NC=NC5=C4C=CS5,6.155208443998104,6.204254704952469,6.10616218304374,0.09809252190872897,0.23076923076923078,False,0.2795698924731182,0.3587301587301587,9
s_2430__22529536__5635394,O=C(NC1=CN=C2CCCCN2C1=O)N3CCN(CC3)C4=NC=NC5=C4SC=C5,6.154170232079145,6.268807937543678,6.039532526614612,0.22927541092906623,0.3103448275862069,False,0.3448275862068966,0.4342507645259938,8
m_276450__27869474__14200074__18251492,O=C(CC1=CCCCC1)N2CC[C@@H](C2)N3CCN(CC3)C4=NC=NC5=C4C=CN5,6.153853627680375,6.2217895615481495,6.0859176938126,0.13587186773554993,0.23157894736842105,False,0.1836734693877551,0.265993265993266,11
s_22__28465444__300168,CC1=NC2=CC=CC=C2C(=C1CC(=O)N3CCN(CC3)C4=CC=CC5=C4OC=C5)C,6.153843382295804,6.120147456450434,6.187539308141173,0.06739185169073902,0.3614457831325301,False,0.1979166666666666,0.218954248366013,10
m_276450__18755804__27784696__28204284,[N-]=[N+]=N[C@H]1CCCC[C@H]1C(=O)NCCN2CCN(CC2)C3=NC=NC4=CC=NN34,6.153549497342281,6.241978491571517,6.065120503113044,0.17685798845847334,0.28888888888888886,False,0.1153846153846153,0.1862745098039215,11
m_276450__18755804__14206084__18941674,COC1CCCCC1C(=O)NCCN2CCN(CC2)C3=NC=NN4C3=CC=C4,6.15316988364745,6.21151359124004,6.09482617605486,0.11668741518518022,0.3333333333333333,False,0.1287128712871287,0.2443729903536977,10
m_276450__18755804__27786072__18941674,O=C(NCCN1CCN(CC1)C2=NC=NN3C2=CC=C3)C4=COC5=C4CCCC5,6.152893786985542,6.1592203060461905,6.146567267924894,0.01265303812129659,0.3466666666666667,False,0.1515151515151515,0.2020997375328084,12
m_276450__18955116__27781992__18251492,O=C(C1CCCCC1F)N2CCC3(CC2)CCN(CC3)C4=NC=NC5=C4C=CN5,6.152739734810319,6.167263033887048,6.1382164357335895,0.029046598153458447,0.2222222222222222,False,0.1546391752577319,0.1881533101045296,11
s_2430__11680994__22577650,O=C1NC2=C(C=C1NC(=O)N3CCN(CC3)C4=C5C=CN=C5NC=N4)CCCC2,6.152077750577332,6.0356407932303195,6.268514707924344,0.2328739146940242,0.20430107526881722,False,0.1111111111111111,0.273224043715847,10
m_276450__18755804__14205232__18941674,CCN1CCCCC1C(=O)NCCN2CCN(CC2)C3=NC=NN4C3=CC=C4,6.1518775329975295,6.2612726197489,6.042482446246158,0.2187901735027422,0.3157894736842105,False,0.14,0.2483221476510067,10
m_276450__18755804__14206410__28204286,O=C(NCCN1CCN(CC1)C2=NC=CC3=CN=CN23)C4=C5CCCCN5C=C4,6.151600958416798,6.079536867173948,6.2236650496596475,0.1441281824856997,0.3333333333333333,False,0.1530612244897959,0.1474530831099195,10
s_11__22183562__115783,CC1=NC2=NC=NN2C(=C1CC(=O)N3CC=C(CC3)C4=CC=NC5=C4C=CN5)C,6.150942982494989,6.085419559425704,6.216466405564273,0.13104684613856943,0.21875,False,0.1792452830188679,0.2194444444444444,11
m_276450__27869474__27799140__18957688,CC1=CC=NN=C1C(=O)N2CC[C@@H](C2)N3CCN(CC3)C4=NC=NC5=C4C=CS5,6.1507640499448435,6.204056122740264,6.097471977149424,0.10658414559083962,0.2222222222222222,False,0.2268041237113402,0.2967359050445103,12
m_276450__14193134__18957698__28201464,CN(CCC1CCN(CC1)C2=NC=NC3=C2NC=C3)C(=O)[C@H]4CCCCN4C,6.15069642307281,6.227859536194922,6.073533309950697,0.15432622624422443,0.25,False,0.1666666666666666,0.245674740484429,11
m_276450__18955116__18957698__28204286,CN1CCCC[C@@H]1C(=O)N2CCC3(CC2)CCN(CC3)C4=NC=CC5=CN=CN45,6.150599640209229,6.185769691921311,6.115429588497148,0.0703401034241633,0.19767441860465115,False,0.1122448979591836,0.1899641577060931,12
m_276450__18755804__14205410__28204286,O=C(NCCN1CCN(CC1)C2=NC=CC3=CN=CN23)C4=C5CCOCC5=CO4,6.15059900513535,6.183869482363543,6.117328527907155,0.06654095445638841,0.2839506172839506,False,0.1262135922330097,0.1473684210526315,12
s_240690__24674464__12227856,CC(C(=O)NCC1CCN(CC1)C2=NC=NC3=C2C=CN3)N4CCNCC4=O,6.1503907419147685,6.248797429807139,6.051984054022398,0.19681337578474078,0.24731182795698925,False,0.1470588235294117,0.225,12
m_276450__18755804__14206410__18955122,O=C(NCCN1CCN(CC1)C2=NC=NC3=C2N=CN3)C4=C5CCCCN5C=C4,6.150131422585426,6.027163247587665,6.273099597583188,0.24593634999552272,0.3424657534246575,False,0.2210526315789473,0.1742627345844504,10
s_11__22168874__115783,CC1=NC2=NC=NN2C(=C1CC(=O)N3CCN(CC3)C4=C5C=CN=C5NC=N4)C,6.149671890831643,5.94908871587339,6.350255065789895,0.40116634991650546,0.22826086956521738,False,0.1287128712871287,0.2096317280453258,10
s_273910__29019122__25421822,CC1=C(C(=O)N2C=CC=CC2=N1)CCN3C=C(N=N3)C4=CC=CC5=NC=CN45,6.149290237326907,6.3650264281179405,5.933554046535875,0.4314723815820658,0.2967032967032967,False,0.2150537634408602,0.3181818181818182,11
s_2430__22523656__26861752,CC1=NC2=CC=CC=C2C=C1NC(=O)N3CCN(CC3)C4=CC=CC5=C4N=CN5,6.148092259609868,6.102628981921731,6.193555537298006,0.09092655537627525,0.32098765432098764,False,0.202127659574468,0.2105263157894736,11
m_276450__18755804__27783116__28201534,O=C(NCCN1CCN(CC1)C2=NC=NC3=C2OC=C3)C4CCOCC45CCC5,6.148084855921338,6.165041964813003,6.131127747029674,0.03391421778332937,0.32558139534883723,False,0.1818181818181818,0.2452229299363057,12
m_276450__27869474__27781304__28201464,CC1SCCCC1C(=O)N2CC[C@@H](C2)N3CCN(CC3)C4=NC=NC5=C4NC=C5,6.148057318366291,6.203639913909662,6.092474722822922,0.11116519108673995,0.21052631578947367,False,0.1666666666666666,0.2515923566878981,12
s_22__28465444__28465996,CC1=C(C(=O)C2=CC=CN=C2N1)C(=O)N3CCN(CC3)C4=CC=CC5=C4OC=C5,6.148054801105195,6.166642816590429,6.129466785619961,0.03717603097046762,0.28888888888888886,False,0.231578947368421,0.2959770114942529,11
m_276450__14193134__14200248__28201464,CN(CCC1CCN(CC1)C2=NC=NC3=C2NC=C3)C(=O)C4COCCN4C,6.147570189100169,6.199576949450307,6.095563428750031,0.10401352070027592,0.24210526315789474,False,0.14,0.2402597402597402,12
s_22__13035022__6663460,CC1=C(C(=NC2=CC=CC=C12)O)C(=O)N3CCC(CC3)C4=CC=CC5=C4C=CN5,6.147490656748735,6.106918772864143,6.188062540633328,0.08114376776918508,0.2804878048780488,False,0.1470588235294117,0.1699346405228758,12
m_276450__27870786__27786920__14155830,CCN1CCOCC1CC(=O)NCC(C)N2CCN(CC2)C3=NC=NC4=C3N=CS4,6.1471770526449205,6.213266659693904,6.081087445595938,0.13217921409796585,0.22826086956521738,False,0.1619047619047619,0.2492307692307692,12
m_276450__18755804__14205232__14155830,CCN1CCCCC1C(=O)NCCN2CCN(CC2)C3=NC=NC4=C3N=CS4,6.147124318583188,6.178273793417721,6.115974843748656,0.06229894966906446,0.2894736842105263,False,0.231578947368421,0.2566666666666666,9
m_2430__22529536__22576782,O=C(NC1=CN=C2CCCCN2C1=O)N3CC=C(CC3)C4=CC=NC5=C4C=CN5,6.146978619861291,6.290547337768243,6.003409901954339,0.2871374358139036,0.22580645161290322,False,0.2474226804123711,0.3757396449704142,8
m_276450__18755804__27790956__28204284,CO[C@H]1CCCC[C@@H]1C(=O)NCCN2CCN(CC2)C3=NC=NC4=CC=NN34,6.146875207242246,6.124792487038644,6.168957927445848,0.044165440407203604,0.32,False,0.1287128712871287,0.1821192052980132,11
m_276450__18755804__14206084__28204284,COC1CCCCC1C(=O)NCCN2CCN(CC2)C3=NC=NC4=CC=NN34,6.146875207242246,6.124792487038644,6.168957927445848,0.044165440407203604,0.32,False,0.1287128712871287,0.1821192052980132,11
s_2708__23827838__8750846,CCCC1CCCCN1C(=O)NCC2CCN(CC2)C3=NC=NC4=C3C=CN4,6.1468364826529465,6.142933705242042,6.150739260063851,0.007805554821809224,0.25274725274725274,False,0.173469387755102,0.1881533101045296,10
m_276450__18755804__27786920__28204226,CCN1CCOCC1CC(=O)NCCN2CCN(CC2)C3=C4N=C(SC4=NC=N3)N,6.146825080847171,6.215727116312118,6.077923045382224,0.137804070929894,0.2736842105263158,False,0.173076923076923,0.2373887240356083,12
s_2230__21458684__9780156,CC1=C(C(=O)N2C=CC=CC2=N1)CCN3CCN(CC3)C(=O)C4=CC=NN4C,6.146305408882441,6.342543123273034,5.950067694491847,0.3924754287811867,0.3924050632911392,False,0.2790697674418604,0.435064935064935,10
m_276450__27869474__27798274__28201464,O=C([C@@H]1CCCC[C@H]1O)N2CC[C@@H](C2)N3CCN(CC3)C4=NC=NC5=C4NC=C5,6.146186868330836,6.1407975825190295,6.151576154142642,0.01077857162361262,0.21978021978021978,False,0.15,0.2558139534883721,11
m_276450__27869470__27808288__28201464,O=C(C1CCCCC1O)N2CC[C@H](C2)N3CCN(CC3)C4=NC=NC5=C4NC=C5,6.146186868330836,6.1407975825190295,6.151576154142642,0.01077857162361262,0.21978021978021978,False,0.15,0.2558139534883721,11
m_276450__18755804__14204930__14155830,O=C(NCCN1CCN(CC1)C2=NC=NC3=C2N=CS3)C4=C5CCCCC5=NO4,6.145744219091986,6.0761970791548405,6.215291359029131,0.1390942798742909,0.3068181818181818,False,0.2446808510638297,0.2151898734177215,11
m_276450__27869470__27795172__28201464,CC1CCCC=C1C(=O)N2CC[C@H](C2)N3CCN(CC3)C4=NC=NC5=C4NC=C5,6.145345167175757,6.15809832620592,6.1325920081455925,0.025506318060327438,0.21052631578947367,False,0.18,0.3019480519480519,12
m_276450__14193134__14199800__18957688,CN(CCC1CCN(CC1)C2=NC=NC3=C2C=CS3)C(=O)C4=CC=CC=C4F,6.145318831903985,6.239421708819888,6.0512159549880815,0.1882057538318067,0.2558139534883721,False,0.2282608695652173,0.2631578947368421,12
m_276450__14193098__14204748__18957688,O=C(NCCC1CCN(CC1)C2=NC=NC3=C2C=CS3)C4=NOC5=C4COCC5,6.145248912811677,6.105885981635787,6.184611843987569,0.07872586235178236,0.2631578947368421,False,0.2222222222222222,0.2474747474747475,12
m_276450__18755804__14201692__28202336,CCC1CCCCC1C(=O)NCCN2CCN(CC2)C3=NC=NN4C3=NC=C4,6.1446157181292635,6.1970991825837265,6.092132253674801,0.1049669289089259,0.29545454545454547,False,0.1326530612244898,0.2020905923344947,11
m_276450__27869474__27781992__28204284,O=C(C1CCCCC1F)N2CC[C@@H](C2)N3CCN(CC3)C4=NC=NC5=CC=NN45,6.144333716267293,6.210853432646614,6.077813999887972,0.1330394327586415,0.19736842105263158,False,0.087378640776699,0.1901639344262295,12
m_276450__14193098__14204022__14155830,O=C(NCCC1CCN(CC1)C2=NC=NC3=C2N=CS3)C4=NOC5=C4CCCC5,6.142901851509488,6.006988045214905,6.278815657804071,0.2718276125891652,0.24468085106382978,False,0.19,0.205955334987593,12
m_276450__14193098__27781330__18957688,O=C(C[C@H]1CCCC[C@H]1F)NCCC2CCN(CC2)C3=NC=NC4=C3C=CS4,6.142746274001601,6.119956822769149,6.165535725234052,0.045578902464902704,0.25274725274725274,False,0.2105263157894736,0.289198606271777,11
s_2430__27548240__22575770,CC1=CC2=C(C=C1NC(=O)N3CCN(CC3)C4=CC=NC5=C4SC=C5)OCCO2,6.142706736299516,5.938858465748704,6.346555006850327,0.4076965411016227,0.27586206896551724,False,0.2234042553191489,0.2363636363636363,11
m_276450__14192936__14205148__18957688,CC(C(=O)NCC1CCN(CC1)C2=NC=NC3=C2C=CS3)N4CCCCC4=O,6.142022185805328,6.276094275213208,6.007950096397448,0.2681441788157599,0.25,False,0.2580645161290322,0.3333333333333333,10
m_276450__18755804__27810886__14214582,O=C(NCCN1CCN(CC1)C2=NC=NC3=C2SC=C3)C4=C5CCCCC5=CS4,6.141984133225078,6.122578998093564,6.161389268356592,0.038810270263027746,0.35294117647058826,False,0.2777777777777778,0.2069892473118279,11
m_276450__18755804__27782584__28204286,O=C(CC1CCCNC1=O)NCCN2CCN(CC2)C3=NC=CC4=CN=CN34,6.141619007575613,6.2133518641502645,6.069886151000962,0.14346571314930223,0.2625,False,0.12,0.2218181818181818,12
s_22__24035806__28465996,CC1=C(C(=O)C2=CC=CN=C2N1)C(=O)N3CCN(CC3)C4=NC=NC5=C4C=CS5,6.1415858785259125,6.124533940381173,6.158637816670651,0.03410387628947742,0.25274725274725274,False,0.2717391304347826,0.3234501347708894,11
m_276450__18955116__27808288__18957688,O=C(C1CCCCC1O)N2CCC3(CC2)CCN(CC3)C4=NC=NC5=C4C=CS5,6.1412507139979144,6.172311892226693,6.110189535769135,0.06212235645755815,0.23333333333333334,False,0.217391304347826,0.2827586206896552,10
s_2430__22529536__9417634,O=C(NC1=CN=C2CCCCN2C1=O)N3CCN(CC3)C4=CN=CC5=NC=NN45,6.141221169835976,6.190210899261222,6.092231440410729,0.0979794588504932,0.23863636363636365,False,0.2087912087912088,0.3630952380952381,8
m_276450__18755804__14204648__14214378,O=C(NCCN1CCN(CC1)C2=NC=NC3=C2CCC3)C4CCCC5N4CCC5,6.14094696294152,6.190407808375267,6.091486117507774,0.0989216908674928,0.2962962962962963,False,0.1868131868131868,0.2204472843450479,12
s_11__22168874__14868728,O=C(CN1N=CC2=C(C1=O)CCCC2)N3CCN(CC3)C4=C5C=CN=C5NC=N4,6.1392369469296915,6.079305967136801,6.199167926722582,0.11986195958578172,0.21739130434782608,False,0.1443298969072164,0.2655826558265582,10
s_22__15608426__24335918,CCCCC1=NC(=C(C(=O)N1)CC(=O)N2CCN(CC2)C3=C4C=CN=C4NC=N3)C,6.139188327590973,5.975417639669381,6.302959015512565,0.3275413758431842,0.23333333333333334,False,0.1717171717171717,0.5413793103448276,6
m_276450__14192934__27783490__18941674,NC1=C(C=CC2=C1CCCC2)C(=O)NC3CCN(CC3)C4=NC=NN5C4=CC=C5,6.139030593824549,6.130225512972036,6.147835674677062,0.017610161705026606,0.22727272727272727,False,0.1132075471698113,0.2084507042253521,12
m_276450__14192934__27808476__18957688,CC1=CC2=C(C=C1C(=O)NC3CCN(CC3)C4=NC=NC5=C4C=CS5)OCCO2,6.13888546345614,6.016236235327825,6.261534691584456,0.24529845625663071,0.2391304347826087,False,0.2105263157894736,0.2521739130434782,11
s_2430__27548240__26861752,CC1=CC2=C(C=C1NC(=O)N3CCN(CC3)C4=CC=CC5=C4N=CN5)OCCO2,6.138304214402927,6.105237926817358,6.171370501988497,0.0661325751711388,0.25,False,0.2065217391304347,0.2044025157232704,10
m_276450__27869470__14206930__14155830,CN1CCCCC1C(=O)N2CC[C@H](C2)N3CCN(CC3)C4=NC=NC5=C4N=CS5,6.1382652827715045,6.262385205650328,6.014145359892681,0.2482398457576469,0.20430107526881722,False,0.1938775510204081,0.2721311475409836,10
s_527__9417630__156526,O=C(CN1C(=O)C2CCCCC2C1=O)N3CCN(CC3)C4=CN=CC5=NC=NN45,6.138160840797104,6.157978104767221,6.1183435768269865,0.03963452794023414,0.1978021978021978,False,0.1063829787234042,0.2207792207792207,11
m_276450__18755804__18937568__28201534,O=C(NCCN1CCN(CC1)C2=NC=NC3=C2OC=C3)C4CCCCC45CCC5,6.1380246050082405,6.163634510292688,6.112414699723793,0.05121981056889524,0.3218390804597701,False,0.1875,0.2508474576271186,11
s_22__17793186__6663460,CC1=C(C(=NC2=CC=CC=C12)O)C(=O)N3CCN(CC3)C4=CC=CC5=C4C=NN5,6.137617443042652,6.292290277913341,5.982944608171964,0.30934566974137656,0.3614457831325301,False,0.2210526315789473,0.211038961038961,12
m_276450__14193098__27809982__28201538,CCCN1CCCCC1C(=O)NCCC2CCN(CC2)C3=C4SC=CC4=NC(=N3)C,6.137460716665876,6.224676910890358,6.050244522441394,0.17443238844896403,0.24210526315789474,False,0.1683168316831683,0.261437908496732,12
s_22__29610718__59515,O=C(CN1C(=O)C2CCCCC2C1=O)N3CCN(CC3)C4=NC=NC5=C4C=NN5,6.137427543456422,6.220462134399789,6.054392952513054,0.16606918188673436,0.25882352941176473,False,0.1847826086956521,0.25,11
m_276450__18755804__27809982__28201852,CCCN1CCCCC1C(=O)NCCN2CCN(CC2)C3=C4C(=NC=N3)C=CN4C,6.137210835760847,6.192041969919523,6.082379701602171,0.10966226831735248,0.3333333333333333,False,0.2040816326530612,0.2524916943521594,11
s_2430__11680994__5635394,O=C1NC2=C(C=C1NC(=O)N3CCN(CC3)C4=NC=NC5=C4SC=C5)CCCC2,6.137091158083811,6.1543275921899045,6.119854723977717,0.034472868212187535,0.24444444444444444,False,0.2258064516129032,0.3002754820936639,11
s_11__22180642__23852128,C=C(CN1CCOCC1)C(=O)NCC2CCN(CC2)C3=NC=NC4=C3C=CN4,6.136268306105622,6.092442206277711,6.1800944059335325,0.08765219965582194,0.2727272727272727,False,0.1515151515151515,0.2142857142857142,12
m_276450__27869470__14200130__18957688,CC1=CC=NC=C1C(=O)N2CC[C@H](C2)N3CCN(CC3)C4=NC=NC5=C4C=CS5,6.135609513263692,6.13821974511918,6.132999281408202,0.005220463710977619,0.24210526315789474,False,0.2268041237113402,0.2752293577981651,12
m_276450__18755804__27781330__28201338,O=C(C[C@H]1CCCC[C@H]1F)NCCN2CCN(CC2)C3=NC=NC4=C3C=NN4,6.135421050068478,6.185454284312697,6.08538781582426,0.10006646848843737,0.313953488372093,False,0.1979166666666666,0.2264808362369338,12
m_276450__27869474__14206714__28204284,CN1CCCC[C@H]1C(=O)N2CC[C@@H](C2)N3CCN(CC3)C4=NC=NC5=CC=NN45,6.135089403229307,6.268700316557792,6.00147848990082,0.26722182665697236,0.18947368421052632,False,0.1078431372549019,0.1993243243243243,12
m_276450__27869474__14206930__28204284,CN1CCCCC1C(=O)N2CC[C@@H](C2)N3CCN(CC3)C4=NC=NC5=CC=NN45,6.135089403229307,6.268700316557792,6.00147848990082,0.26722182665697236,0.18947368421052632,False,0.1078431372549019,0.1993243243243243,12
m_276450__27869470__27794768__18251492,O=C(C1=C(CCOC1)Cl)N2CC[C@H](C2)N3CCN(CC3)C4=NC=NC5=C4C=CN5,6.134930734343239,6.178249403015391,6.091612065671089,0.08663733734430235,0.21649484536082475,False,0.19,0.2888888888888888,10
m_276450__18755804__14200608__18955122,O=C(CN1CCCCC1=O)NCCN2CCN(CC2)C3=NC=NC4=C3N=CN4,6.134730801566465,6.095814684546738,6.173646918586192,0.0778322340394535,0.29069767441860467,False,0.2282608695652173,0.2246376811594203,11
m_276450__27869474__14199970__18957688,CC1=NC=NC=C1C(=O)N2CC[C@@H](C2)N3CCN(CC3)C4=NC=NC5=C4C=CS5,6.134415714333985,6.150747081775201,6.118084346892769,0.03266273488243154,0.25806451612903225,False,0.21875,0.286624203821656,12
m_276450__27871500__27784696__28204284,C[C@H](CN1CCN(CC1)C2=NC=NC3=CC=NN23)NC(=O)[C@H]4CCCC[C@H]4N=[N+]=[N-],6.133712197889329,6.242639319214653,6.0247850765640045,0.2178542426506489,0.2079207920792079,False,0.1111111111111111,0.1862745098039215,12
m_276450__14193098__27812084__18957688,CNC1=CN=CC=C1C(=O)NCCC2CCN(CC2)C3=NC=NC4=C3C=CS4,6.133614711235333,6.109998415505732,6.157231006964936,0.047232591459203555,0.2717391304347826,False,0.2142857142857142,0.268370607028754,12
m_276450__14193098__19429448__28201464,O=C(NCCC1CCN(CC1)C2=NC=NC3=C2NC=C3)C4=C5CCCCC5=CN4,6.133586865323663,6.0499868892152175,6.217186841432107,0.16719995221688944,0.28888888888888886,False,0.1717171717171717,0.1967213114754098,12
m_276450__27869470__14200236__18957688,CC1=C(CCCO1)C(=O)N2CC[C@H](C2)N3CCN(CC3)C4=NC=NC5=C4C=CS5,6.132982897243021,6.173804311936867,6.092161482549176,0.0816428293876914,0.2268041237113402,False,0.2903225806451613,0.3549382716049383,9
m_276450__18755804__27788104__14155830,O=C(C=C1CN2CCC1CC2)NCCN3CCN(CC3)C4=C5N=CSC5=NC=N4,6.132336429284441,6.104844992497968,6.159827866070914,0.0549828735729454,0.29545454545454547,False,0.2,0.2806451612903226,12
m_276450__14193098__14204648__18251492,O=C(NCCC1CCN(CC1)C2=NC=NC3=C2C=CN3)C4CCCC5N4CCC5,6.132314720871479,6.13370110628828,6.130928335454679,0.002772770833600724,0.25555555555555554,False,0.1770833333333333,0.2218309859154929,11
m_276450__14192936__27809982__28201464,CCCN1CCCCC1C(=O)NCC2CCN(CC2)C3=NC=NC4=C3NC=C4,6.132103231530798,6.16092848791867,6.103277975142926,0.05765051277574429,0.2777777777777778,False,0.1616161616161616,0.2569444444444444,12
m_282512__24308046__24203602,CC1=C(C(=O)N2CCCCC2=N1)CCN3C=C(N=N3)C4=CC=CC=C4CCN,6.130663285339747,6.595145777790433,5.666180792889061,0.9289649849013726,0.4358974358974359,True,0.4268292682926829,0.4320987654320987,9
m_276450__27869470__27782132__18957688,O=C(CC1CSCCO1)N2CC[C@H](C2)N3CCN(CC3)C4=NC=NC5=C4C=CS5,6.1306255665559934,6.183811379670811,6.077439753441176,0.10637162622963459,0.21505376344086022,False,0.202020202020202,0.3134796238244514,12
m_276450__18755804__27784860__18251492,O=C(C[C@H]1CCCC[C@@H]1O)NCCN2CCN(CC2)C3=NC=NC4=C3C=CN4,6.130247660937091,6.1871618413565495,6.073333480517632,0.11382836083891767,0.32941176470588235,False,0.2,0.2245614035087719,11
m_276450__14193134__27785808__28202336,CN(CCC1CCN(CC1)C2=NC=NN3C2=NC=C3)C(=O)[C@H]4CCCC[C@H]4O,6.129868720905902,6.152826857013095,6.10691058479871,0.04591627221438532,0.22093023255813954,False,0.101010101010101,0.1836734693877551,12
s_207__26103914__30159554,CC1=CC2=C(N=CN=C2S1)N3CCC(CC3)NCC4=NC5=C(C=C4Cl)OCCO5,6.129761816909088,6.164840430784754,6.094683203033423,0.0701572277513316,0.1919191919191919,False,0.1333333333333333,0.2154963680387409,12
s_11__22183562__14868728,O=C(CN1N=CC2=C(C1=O)CCCC2)N3CC=C(CC3)C4=CC=NC5=C4C=CN5,6.129348850012249,6.189631541130427,6.0690661588940715,0.12056538223635549,0.19767441860465115,False,0.1881188118811881,0.2356164383561644,11
m_276450__18755804__14206084__28201534,COC1CCCCC1C(=O)NCCN2CCN(CC2)C3=NC=NC4=C3OC=C4,6.1286168928060345,6.060155851717397,6.197077933894672,0.13692208217727497,0.3218390804597701,False,0.1979166666666666,0.2524271844660194,10
s_527__9417630__24335920,CCCCC1=NC(=C(C(=O)N1)CC(=O)N2CCN(CC2)C3=CN=CC4=NC=NN34)C,6.128483659387699,6.063663884054282,6.193303434721115,0.12963955066683308,0.22448979591836735,False,0.1717171717171717,0.5168918918918919,7
m_276450__14193098__14207032__18251492,O=C(NCCC1CCN(CC1)C2=NC=NC3=C2C=CN3)C4=NNC5=C4CCCC5,6.128333792826165,6.154337978620489,6.102329607031842,0.052008371588646796,0.28888888888888886,False,0.1938775510204081,0.195054945054945,12
s_2430__22529536__18364008,O=C(NC1=CN=C2CCCCN2C1=O)N3CCN(CC3)C4=CN=CC5=NN=NN45,6.127870012054446,6.2463877252033315,6.00935229890556,0.23703542629777186,0.23595505617977527,False,0.2065217391304347,0.35,9
s_207__26103832__28667332,C1=NC2=NC=NC2=C(N1)N3CCC(CC3)NCC4=CC=C5CCCOC5=N4,6.126922144621146,6.0514131416389825,6.202431147603309,0.15101800596432646,0.18478260869565216,False,0.0943396226415094,0.1662468513853904,12
s_22__24035806__309126,O=C(CN1C(=O)C2=CC=CC=C2N=C1S)N3CCN(CC3)C4=NC=NC5=C4C=CS5,6.126370756992285,6.15309062075376,6.099650893230811,0.053439727522949454,0.313953488372093,False,0.2446808510638297,0.2795389048991354,11
m_276450__27871500__27809982__28204286,CCCN1CCCCC1C(=O)N[C@H](C)CN2CCN(CC2)C3=NC=CC4=CN=CN34,6.125874792950116,6.305496366709655,5.946253219190577,0.35924314751907804,0.2268041237113402,False,0.1238095238095238,0.1913357400722021,11
m_276450__14193134__27785454__18957688,CC1=C(COCC1)C(=O)N(C)CCC2CCN(CC2)C3=NC=NC4=C3C=CS4,6.125826010744227,6.129354316103206,6.122297705385247,0.007056610717959266,0.23076923076923078,False,0.2747252747252747,0.3279220779220779,9
m_276450__18755804__27784696__28201452,CN1C=NC2=NC=NC(=C12)N3CCN(CC3)CCNC(=O)[C@H]4CCCC[C@H]4N=[N+]=[N-],6.125670152601282,6.242666030887386,6.008674274315179,0.23399175657220717,0.2826086956521739,False,0.1862745098039215,0.2149837133550488,11
m_276450__27871500__27784696__18955122,C[C@H](CN1CCN(CC1)C2=NC=NC3=C2N=CN3)NC(=O)[C@H]4CCCC[C@H]4N=[N+]=[N-],6.12557018206105,6.2000209666709525,6.051119397451148,0.14890156921980413,0.21428571428571427,False,0.173076923076923,0.2226027397260274,11
s_22__29610718__3392754,CC1=C(C(=O)N2N=CC=C2N1)CC(=O)N3CCN(CC3)C4=NC=NC5=C4C=NN5,6.125163655263762,6.143980210023348,6.106347100504177,0.03763310951917109,0.24731182795698925,False,0.2142857142857142,0.2605263157894736,11
s_22__24029748__300168,CC1=NC2=CC=CC=C2C(=C1CC(=O)N3CCN(CC3)C4=CC=NC5=CC=CC=C45)C,6.124930178659744,5.963830485818911,6.286029871500577,0.3221993856816656,0.39473684210526316,False,0.1630434782608695,0.2179930795847751,11
m_276450__18755804__27791440__28201854,CCC1=C(CCCO1)C(=O)NCCN2CCN(CC2)C3=NC=NC4=C3SC=N4,6.124718576913449,6.083195280000202,6.166241873826697,0.08304659382649504,0.3157894736842105,False,0.2395833333333333,0.2433234421364985,10
s_2430__11680994__22576782,O=C1NC2=C(C=C1NC(=O)N3CC=C(CC3)C4=CC=NC5=C4C=CN5)CCCC2,6.123899959498759,6.208405769040254,6.039394149957266,0.16901161908298779,0.18681318681318682,False,0.145631067961165,0.2364130434782608,11
s_527__18364004__24335920,CCCCC1=NC(=C(C(=O)N1)CC(=O)N2CCN(CC2)C3=CN=CC4=NN=NN34)C,6.123834294380363,6.151492118455326,6.096176470305401,0.05531564814992507,0.22448979591836735,False,0.1717171717171717,0.4966666666666666,8
m_276450__14193098__14205908__18955122,CCCN1CCCC1C(=O)NCCC2CCN(CC2)C3=NC=NC4=C3N=CN4,6.123781878675793,6.135302545240352,6.1122612121112345,0.02304133312911727,0.24705882352941178,False,0.1485148514851485,0.217391304347826,12
s_11__22179816__14868728,O=C(CN1N=CC2=C(C1=O)CCCC2)N3CCN(CC3)C4=CN=CC5=NN=NN45,6.122984268653312,6.2394253267630635,6.00654321054356,0.2328821162195034,0.189873417721519,False,0.1473684210526315,0.2175066312997347,12
s_11__22183562__22272842,CC1=NC2=NC=CC=C2C=C1CC(=O)N3CC=C(CC3)C4=CC=NC5=C4C=CN5,6.12295588729941,6.089997842941666,6.155913931657153,0.06591608871548704,0.25301204819277107,False,0.1442307692307692,0.208955223880597,12
m_276450__18755804__18783872__18251492,O=C(NCCN1CCN(CC1)C2=NC=NC3=C2C=CN3)C4CCCN5C4=NN=C5,6.122491093621048,6.285244705556627,5.959737481685469,0.32550722387115805,0.3111111111111111,False,0.2040816326530612,0.2063953488372093,10
s_11__22183562__117015,O=C(CC1=CC2=C(C=C1Br)OCCO2)N3CC=C(CC3)C4=CC=NC5=C4C=CN5,6.122372328607103,6.027008773829804,6.217735883384401,0.19072710955459726,0.2268041237113402,False,0.1333333333333333,0.2051282051282051,12
m_276450__14193134__14202220__28202336,CC1CCCCC1C(=O)N(C)CCC2CCN(CC2)C3=NC=NN4C3=NC=C4,6.121574309150615,6.148011740970782,6.0951368773304475,0.052874863640334446,0.2235294117647059,False,0.1020408163265306,0.181184668989547,12
m_276450__18755804__27782786__18251492,O=C(NCCN1CCN(CC1)C2=NC=NC3=C2C=CN3)C4CCCN5C4CCC5,6.121230449420332,6.158106191596259,6.084354707244405,0.0737514843518543,0.3493975903614458,False,0.2043010752688172,0.231833910034602,11
m_276450__14193098__14204648__18941674,O=C(NCCC1CCN(CC1)C2=NC=NN3C2=CC=C3)C4CCCC5N4CCC5,6.120452233468225,6.179515086830634,6.061389380105817,0.11812570672481648,0.25,False,0.1089108910891089,0.2409240924092409,12
m_276450__14192936__14204274__18957688,CC(CN1CCOCC1)C(=O)NCC2CCN(CC2)C3=NC=NC4=C3C=CS4,6.120029655678845,6.064770309556712,6.175289001800977,0.11051869224426536,0.26373626373626374,False,0.2234042553191489,0.2847457627118644,11
m_276450__14193098__14206410__14214582,O=C(NCCC1CCN(CC1)C2=NC=NC3=C2SC=C3)C4=C5CCCCN5C=C4,6.119965347942314,6.096395577027713,6.143535118856915,0.047139541829202436,0.2967032967032967,False,0.2164948453608247,0.206266318537859,11
m_2430__27548240__12909442,CC1=CC2=C(C=C1NC(=O)N3CCN(CC3)C4=CC=CC5=C4NC=C5)OCCO2,6.119689473167175,6.135746690417891,6.103632255916459,0.03211443450143214,0.25609756097560976,False,0.2065217391304347,0.2072368421052631,10
m_276450__27869470__27795172__18251492,CC1CCCC=C1C(=O)N2CC[C@H](C2)N3CCN(CC3)C4=NC=NC5=C4C=CN5,6.118921563932872,6.159930221240001,6.077912906625745,0.08201731461425599,0.22105263157894736,False,0.1919191919191919,0.2885906040268456,11
m_276450__27869470__14206930__28201338,CN1CCCCC1C(=O)N2CC[C@H](C2)N3CCN(CC3)C4=NC=NC5=C4C=NN5,6.1187318107135,6.262933675097511,5.974529946329491,0.2884037287680199,0.25555555555555554,False,0.1818181818181818,0.2482517482517482,11
m_276450__27869470__14206714__28201338,CN1CCCC[C@H]1C(=O)N2CC[C@H](C2)N3CCN(CC3)C4=NC=NC5=C4C=NN5,6.1187318107135,6.262933675097511,5.974529946329491,0.2884037287680199,0.25555555555555554,False,0.1818181818181818,0.2482517482517482,11
m_276450__14193098__14205232__14214582,CCN1CCCCC1C(=O)NCCC2CCN(CC2)C3=NC=NC4=C3SC=C4,6.118495978737673,6.116303725599925,6.1206882318754205,0.004384506275495248,0.2608695652173913,False,0.2083333333333333,0.2619047619047619,11
m_276450__18955116__27785808__28201464,O=C([C@H]1CCCC[C@H]1O)N2CCC3(CC2)CCN(CC3)C4=NC=NC5=C4NC=C5,6.117414723852445,6.0720446830637425,6.162784764641148,0.09074008157740554,0.2111111111111111,False,0.1428571428571428,0.2053872053872054,12
m_276450__18955116__27784680__28201464,O=C([C@H]1CCCC[C@@H]1O)N2CCC3(CC2)CCN(CC3)C4=NC=NC5=C4NC=C5,6.117414723852445,6.0720446830637425,6.162784764641148,0.09074008157740554,0.2111111111111111,False,0.1428571428571428,0.2053872053872054,12
s_22__13968870__6663460,CC1=C(C(=NC2=CC=CC=C12)O)C(=O)N3CCN(CC3)C4=CC=CC5=C4N=CN5,6.1170139540534105,6.054393681094322,6.179634227012498,0.12524054591817535,0.3411764705882353,False,0.1958762886597938,0.2012578616352201,12
m_276450__14193134__14199810__18957688,CC1=CC=CC=C1C(=O)N(C)CCC2CCN(CC2)C3=NC=NC4=C3C=CS4,6.116899216613135,6.073581273046069,6.1602171601802,0.08663588713413084,0.25882352941176473,False,0.2307692307692307,0.2727272727272727,12
s_270004__24159482__24720298,C#CCOC1=CC(=C(C(=C1)C)CN2CC=C(CC2)C3=CC=NC4=C3C=CN4)C,6.116477347244633,6.125863084480605,6.107091610008661,0.018771474471943606,0.2345679012345679,False,0.1442307692307692,0.1768292682926829,12
m_276450__18755804__14206410__14214378,O=C(NCCN1CCN(CC1)C2=NC=NC3=C2CCC3)C4=C5CCCCN5C=C4,6.116422565657721,6.021096865084324,6.211748266231117,0.19065140114679302,0.35714285714285715,False,0.2150537634408602,0.1701570680628272,11
s_527__632946__155628,CC1=NC2=CC=CC=C2C(=C1CC(=O)N3CCN(CC3)C4=C(C(=CC=C4)F)C#N)C,6.115839121753355,6.310777190896078,5.920901052610633,0.38987613828544543,0.3333333333333333,False,0.1717171717171717,0.2072368421052631,12
m_276450__18755804__14201254__28201534,O=C(NCCN1CCN(CC1)C2=NC=NC3=C2OC=C3)C4=C5CCCCC5=CO4,6.115742875239846,6.083676933619172,6.147808816860521,0.06413188324134911,0.36904761904761907,False,0.2234042553191489,0.2119565217391304,11
m_276450__14192936__27805394__18957688,O=C(NCC1CCN(CC1)C2=NC=NC3=C2C=CS3)[C@@H](O)CC4CCCCC4,6.115561447909979,6.179308203623238,6.05181469219672,0.12749351142651832,0.27586206896551724,False,0.217391304347826,0.2901023890784983,11
m_276450__18955116__27785454__14214582,CC1=C(COCC1)C(=O)N2CCC3(CC2)CCN(CC3)C4=NC=NC5=C4SC=C5,6.115176864290433,6.027075594077846,6.20327813450302,0.17620254042517391,0.20652173913043478,False,0.2527472527472527,0.2830188679245283,12
m_276450__27869470__14202374__18251492,O=C(CC1=CCOCC1)N2CC[C@H](C2)N3CCN(CC3)C4=NC=NC5=C4C=CN5,6.114861028202656,6.152896287345677,6.076825769059634,0.07607051828604305,0.23958333333333334,False,0.1683168316831683,0.2703583061889251,12
m_276450__18755804__27781330__28201534,O=C(C[C@H]1CCCC[C@H]1F)NCCN2CCN(CC2)C3=NC=NC4=C3OC=C4,6.1147621189889145,6.121092163467546,6.108432074510283,0.012660088957263227,0.3218390804597701,False,0.1855670103092783,0.2524916943521594,12
s_271302__25409304__11953826,C1=NC2=NC=NC2=C(N1)N3CCC(CC3)NCC4=CC=C5CCNCC5=C4,6.114566718042978,6.186814005077465,6.042319431008491,0.1444945740689736,0.19148936170212766,False,0.0980392156862745,0.1656626506024096,11
m_276450__14193098__14203920__28201534,O=C(NCCC1CCN(CC1)C2=NC=NC3=C2OC=C3)C4CCCN5C4=CC=N5,6.114128195996725,6.025960464588375,6.202295927405074,0.17633546281669865,0.2608695652173913,False,0.145631067961165,0.2133333333333333,12
s_11__22180642__25986832,CC(OC1CCOCC1)C(=O)NCC2CCN(CC2)C3=NC=NC4=C3C=CN4,6.113634716723966,6.097907110623559,6.129362322824372,0.03145521220081271,0.26373626373626374,False,0.1530612244897959,0.1879194630872483,12
m_276450__18755804__14203984__18251492,CCCC1CCCC1C(=O)NCCN2CCN(CC2)C3=NC=NC4=C3C=CN4,6.113534873452771,6.192102900078568,6.034966846826973,0.15713605325159552,0.3372093023255814,False,0.2105263157894736,0.223826714801444,10
s_2708__23827838__26983152,COC[C@H]1COCCN1C(=O)NCC2CCN(CC2)C3=NC=NC4=C3C=CN4,6.112946593852863,6.101083494558724,6.124809693147001,0.023726198588277292,0.24210526315789474,False,0.1470588235294117,0.1854304635761589,11
s_2708__23827838__26983118,COC[C@@H]1COCCN1C(=O)NCC2CCN(CC2)C3=NC=NC4=C3C=CN4,6.112946593852863,6.101083494558724,6.124809693147001,0.023726198588277292,0.24210526315789474,False,0.1470588235294117,0.1854304635761589,11
s_2708__23827838__13270320,COCC1COCCN1C(=O)NCC2CCN(CC2)C3=NC=NC4=C3C=CN4,6.112946593852863,6.101083494558724,6.124809693147001,0.023726198588277292,0.24210526315789474,False,0.1470588235294117,0.1854304635761589,11
s_2708__23827838__17523228,COCC1C=CCCN1C(=O)NCC2CCN(CC2)C3=NC=NC4=C3C=CN4,6.112816921138252,6.137658382092639,6.087975460183866,0.0496829219087731,0.24468085106382978,False,0.1442307692307692,0.2282958199356913,12
m_276450__14193098__14204648__28201534,O=C(NCCC1CCN(CC1)C2=NC=NC3=C2OC=C3)C4CCCC5N4CCC5,6.112708157893943,6.045683699582389,6.179732616205497,0.13404891662310803,0.26373626373626374,False,0.1632653061224489,0.2442244224422442,12
s_2430__27548240__13035038,CC1=CC2=C(C=C1NC(=O)N3CCC(CC3)C4=CC=CC5=C4C=CN5)OCCO2,6.112170733298758,6.185164340476279,6.0391771261212375,0.14598721435504114,0.29069767441860467,False,0.1546391752577319,0.2,10
m_276450__27869474__27782246__28204286,CC1CCOCC1C(=O)N2CC[C@@H](C2)N3CCN(CC3)C4=NC=CC5=CN=CN45,6.111628946145078,6.070841530538035,6.152416361752122,0.08157483121408671,0.17073170731707318,False,0.0849056603773584,0.2080536912751678,12
m_276450__14193134__14202220__28201854,CC1CCCCC1C(=O)N(C)CCC2CCN(CC2)C3=NC=NC4=C3SC=N4,6.111250641406299,6.150852829637239,6.071648453175359,0.07920437646188017,0.21176470588235294,False,0.1770833333333333,0.1938775510204081,11
s_207__26103914__27080120,CC1=CC2=C(N=CN=C2S1)N3CCC(CC3)NCC4=CC5=C(C=C4C)OCCO5,6.111181279539817,6.04562968134356,6.176732877736075,0.1311031963925151,0.18085106382978725,False,0.14,0.2285714285714285,10
m_276450__27869470__14200248__28201338,CN1CCOCC1C(=O)N2CC[C@H](C2)N3CCN(CC3)C4=NC=NC5=C4C=NN5,6.111025976650004,6.227581633437549,5.994470319862459,0.2331113135750904,0.25,False,0.1553398058252427,0.2352941176470588,12
m_276450__18755804__14206122__14214582,CC1CCCCC1CC(=O)NCCN2CCN(CC2)C3=NC=NC4=C3SC=C4,6.110594693308161,6.153686950575024,6.067502436041298,0.08618451453372522,0.32558139534883723,False,0.25,0.2671232876712329,12
s_2430__11680994__9417634,O=C1NC2=C(C=C1NC(=O)N3CCN(CC3)C4=CN=CC5=NC=NN45)CCCC2,6.110344907001544,6.124917183451783,6.095772630551306,0.029144552900477017,0.2,False,0.1111111111111111,0.2439024390243902,11
m_276450__14193134__27813120__18957688,CN(CCC1CCN(CC1)C2=NC=NC3=C2C=CS3)C(=O)C4=CN=CN=C4N,6.110191590670011,6.1765702750529705,6.043812906287052,0.13275736876591893,0.24210526315789474,False,0.2105263157894736,0.2691029900332226,12
s_11__28469268__124847,CC1=NC2=CC=CC=C2C(=C1C(=O)N3CCN(CC3)C4=CC=CC5=C4OC=C5)C,6.109592810988161,5.984743730081659,6.234441891894664,0.2496981618130052,0.35802469135802467,False,0.202127659574468,0.1974110032362459,11
m_276450__14192934__27783770__28204284,CC1=NC2=C(C=C1C(=O)NC3CCN(CC3)C4=NC=NC5=CC=NN45)CCCN2,6.1094564748619575,6.051037715257451,6.167875234466465,0.11683751920901475,0.23711340206185566,False,0.1181818181818181,0.2036553524804177,12
m_2430__26895818__26862452,CC1=NC2=CC=CC=C2C(=C1NC(=O)N3CCN(CC3)C4=CC=CC5=CN=CC=C45)C,6.109443572466725,6.185042847127766,6.033844297805684,0.151198549322082,0.358974358974359,False,0.1770833333333333,0.2112676056338028,11
m_276450__27869474__27785808__14214582,O=C([C@H]1CCCC[C@H]1O)N2CC[C@@H](C2)N3CCN(CC3)C4=NC=NC5=C4SC=C5,6.109366711082798,6.207574928692329,6.011158493473266,0.1964164352190636,0.22826086956521738,False,0.1979166666666666,0.2777777777777778,11
m_276450__14193134__18957698__18941674,CN(CCC1CCN(CC1)C2=NC=NN3C2=CC=C3)C(=O)[C@H]4CCCCN4C,6.109186763617361,6.326883911426841,5.891489615807881,0.43539429561896004,0.2441860465116279,False,0.1111111111111111,0.2441471571906354,11
m_276450__27869474__27797300__14155830,O=C(C1=C(CCCC1)Cl)N2CC[C@@H](C2)N3CCN(CC3)C4=NC=NC5=C4N=CS5,6.1085829757556755,6.178739270298174,6.038426681213176,0.14031258908499833,0.19318181818181818,False,0.231578947368421,0.3098159509202454,9
s_2430__26894868__28470156,O=C(NC1=C(C2=C(C=C1)OCCO2)Cl)N3CCN(CC3)C4=CC=CC5=C4OC=C5,6.108346745042171,6.220405663576951,5.996287826507391,0.22411783706956,0.25609756097560976,False,0.1894736842105263,0.2071197411003236,11
s_2430__740638__24395850,O=C(NC1=CC2=C(C=C1Cl)OCCO2)N3CCN(CC3)C4=NC=NC5=C4C=CS5,6.108227567156075,6.037856568962097,6.178598565350054,0.14074199638795726,0.24175824175824176,False,0.2150537634408602,0.2608695652173913,11
m_276450__18755804__14202058__28204286,O=C(NCCN1CCN(CC1)C2=NC=CC3=CN=CN23)C4CCCC5=C4C=NN5,6.107712721318153,6.229472112535433,5.985953330100872,0.2435187824345606,0.2696629213483146,False,0.125,0.1873111782477341,12
m_276450__14193098__14204354__18957688,CCC1=CN=CC=C1C(=O)NCCC2CCN(CC2)C3=NC=NC4=C3C=CS4,6.107387591251887,6.032257312383606,6.182517870120168,0.1502605577365621,0.27472527472527475,False,0.2142857142857142,0.2626582278481013,12
s_22__3225174__7552496,O=C(NC1CCN(CC1)C2=C3N=CN=C3N=CN2)C4=CC5=C(C=C4O)CCCC5,6.107117146865781,6.139771988142659,6.074462305588904,0.06530968255375491,0.1956521739130435,False,0.1176470588235294,0.1944444444444444,12
s_11__22179816__3392752,CC1=C(C(=O)N2N=CC=C2N1)CC(=O)N3CCN(CC3)C4=CN=CC5=NN=NN45,6.106984193670993,6.199352701975125,6.014615685366859,0.18473701660826602,0.21649484536082475,False,0.14,0.2462686567164179,12
s_11__22180642__26251500,CCCN1CCCCC1C(=O)NCC2CCN(CC2)C3=NC=NC4=C3C=CN4,6.106646500570809,6.207776524984466,6.005516476157154,0.20226004882731186,0.2696629213483146,False,0.173469387755102,0.2365591397849462,11
m_276450__14193134__27798274__28201854,CN(CCC1CCN(CC1)C2=NC=NC3=C2SC=N3)C(=O)[C@@H]4CCCC[C@H]4O,6.10562307110335,6.158403893586739,6.052842248619962,0.10556164496677667,0.20930232558139536,False,0.1752577319587628,0.1926910299003322,11
s_271302__25409304__15423092,C1=NC2=NC=NC2=C(N1)N3CCC(CC3)NCC4=CC=C5CNCCC5=C4,6.105395846254259,6.2209964019851,5.989795290523419,0.2312011114616812,0.1827956989247312,False,0.0980392156862745,0.1676646706586826,11
s_11__24395822__22272842,CC1=NC2=NC=CC=C2C=C1CC(=O)N3CCN(CC3)C4=NC=NC5=C4C=CS5,6.1051022354131845,6.105346861916933,6.104857608909437,0.0004892530074966928,0.2808988764044944,False,0.2391304347826087,0.2507204610951009,10
m_276450__14193098__14206084__14214582,COC1CCCCC1C(=O)NCCC2CCN(CC2)C3=NC=NC4=C3SC=C4,6.104081548716778,6.050107919084782,6.158055178348772,0.10794725926399007,0.26373626373626374,False,0.1958762886597938,0.2312703583061889,11
s_2430__737976__24395850,O=C(NC1=CC2=C(C=C1Br)OCCO2)N3CCN(CC3)C4=NC=NC5=C4C=CS5,6.10323414031897,5.99469588801488,6.21177239262306,0.21707650460817973,0.24175824175824176,False,0.2150537634408602,0.2682215743440233,11
s_270004__23845418__24173844,C1=NC2=NC=NC2=C(N1)N3CCC(CC3)NCC4=CC=C5CCCOC5=C4,6.103007850653669,6.108935533456432,6.097080167850907,0.011855365605525137,0.1797752808988764,False,0.1057692307692307,0.1690140845070422,11
s_11__22169690__14868728,O=C(CN1N=CC2=C(C1=O)CCCC2)N3CCN(CC3)C4=CN=CC5=NC=NN45,6.10289906126943,6.12874331492708,6.0770548076117805,0.0516885073152995,0.19230769230769232,False,0.1489361702127659,0.2299465240641711,11
m_276450__14193098__14200608__28201464,O=C(CN1CCCCC1=O)NCCC2CCN(CC2)C3=NC=NC4=C3NC=C4,6.102318214401059,6.065018911715633,6.139617517086485,0.07459860537085206,0.2608695652173913,False,0.1752577319587628,0.2422145328719723,12
s_527__9417630__3392756,CC1=C(C(=O)N2N=CC=C2N1)CC(=O)N3CCN(CC3)C4=CN=CC5=NC=NN45,6.102198285672191,6.096071993171725,6.108324578172657,0.012252585000932292,0.21875,False,0.1414141414141414,0.2620865139949109,11
m_276450__27869470__14200074__28201338,O=C(CC1=CCCCC1)N2CC[C@H](C2)N3CCN(CC3)C4=NC=NC5=C4C=NN5,6.101815544613027,6.21429524923073,5.989335839995323,0.22495940923540747,0.23157894736842105,False,0.1818181818181818,0.2675585284280936,12
s_11__22180642__23815154,C=C(CN1CCCCC1)C(=O)NCC2CCN(CC2)C3=NC=NC4=C3C=CN4,6.101689231723722,6.087342009616479,6.116036453830966,0.02869444421448719,0.27906976744186046,False,0.1894736842105263,0.2310469314079422,11
m_276450__18755804__27784696__28204286,[N-]=[N+]=N[C@H]1CCCC[C@H]1C(=O)NCCN2CCN(CC2)C3=NC=CC4=CN=CN34,6.101560785533902,6.233545297832162,5.969576273235642,0.26396902459651983,0.2717391304347826,False,0.1153846153846153,0.1877133105802047,10
m_276450__18755804__14205232__18955122,CCN1CCCCC1C(=O)NCCN2CCN(CC2)C3=NC=NC4=C3N=CN4,6.101010808711562,6.126460565355947,6.075561052067177,0.05089951328876996,0.29333333333333333,False,0.2083333333333333,0.2202166064981949,10
s_270004__23845418__16621826,C1=NC2=NC=NC2=C(N1)N3CCC(CC3)NCC4=CN=C5CCOCC5=C4,6.100606870307516,6.219560668636815,5.981653071978217,0.23790759665859795,0.16326530612244897,False,0.0841121495327102,0.1457800511508951,10
m_276450__18755804__14204356__28201534,CCN1CCOCC1C(=O)NCCN2CCN(CC2)C3=NC=NC4=C3OC=C4,6.100478957422165,6.048561033866038,6.1523968809782925,0.10383584711225424,0.3146067415730337,False,0.1836734693877551,0.2285714285714285,11
m_276450__18755804__27782064__18955122,CO[C@H]1CCCC[C@H]1C(=O)NCCN2CCN(CC2)C3=NC=NC4=C3N=CN4,6.100014259079614,6.073897772121516,6.1261307460377115,0.052232973916195746,0.3108108108108108,False,0.1958762886597938,0.2164948453608247,10
s_22__3225174__16783538,NC1=NC2=C(C=C1C(=O)NC3CCN(CC3)C4=C5N=CN=C5N=CN4)CCCC2,6.099983035720518,6.154487677393872,6.045478394047163,0.10900928334670912,0.2111111111111111,False,0.1121495327102803,0.181592039800995,11
s_2708__23827838__13432756,O=C(NCC1CCN(CC1)C2=NC=NC3=C2C=CN3)N4CCOCC4CCO,6.0999505686728055,6.139916850413207,6.059984286932404,0.0799325634808028,0.2608695652173913,False,0.1359223300970873,0.1832797427652733,12
m_276450__14193134__27782246__28201464,CC1CCOCC1C(=O)N(C)CCC2CCN(CC2)C3=NC=NC4=C3NC=C4,6.099742625048172,6.039059621146664,6.160425628949681,0.12136600780301698,0.21649484536082475,False,0.1386138613861386,0.2211221122112211,12
s_2430__11680994__18364008,O=C1NC2=C(C=C1NC(=O)N3CCN(CC3)C4=CN=CC5=NN=NN45)CCCC2,6.09961033092844,6.21957277239767,5.979647889459212,0.2399248829384577,0.2,False,0.1111111111111111,0.2351351351351351,12
m_276450__14192934__27783490__28201534,NC1=C(C=CC2=C1CCCC2)C(=O)NC3CCN(CC3)C4=NC=NC5=C4OC=C5,6.099305478649223,6.007556059549248,6.191054897749196,0.18349883819994783,0.23655913978494625,False,0.145631067961165,0.2050561797752809,12
m_276450__14193098__27794386__28204284,O=C(NCCC1CCN(CC1)C2=NC=NC3=CC=NN23)C4CCCN5C4=NC=C5,6.099279280227361,6.103694727452845,6.094863833001878,0.008830894450966298,0.23863636363636365,False,0.0857142857142857,0.1569767441860465,12
m_276450__27869470__14200394__18957688,CC1=CN=CC=C1C(=O)N2CC[C@H](C2)N3CCN(CC3)C4=NC=NC5=C4C=CS5,6.099217945407478,6.118964663752607,6.079471227062348,0.0394934366902584,0.24210526315789474,False,0.2268041237113402,0.2888888888888888,12
m_276450__18755804__27809982__28201608,CCCN1CCCCC1C(=O)NCCN2CCN(CC2)C3=C(C(=NC=N3)CC)Cl,6.099029101998969,6.163752305183974,6.034305898813965,0.12944640637000848,0.3023255813953488,False,0.1855670103092783,0.231578947368421,12
m_276450__18755804__27784860__18941674,O=C(C[C@H]1CCCC[C@@H]1O)NCCN2CCN(CC2)C3=NC=NN4C3=CC=C4,6.098712858901042,6.201193504889377,5.996232212912705,0.20496129197667212,0.3103448275862069,False,0.1188118811881188,0.2426229508196721,12
m_276450__14193134__14206714__18251492,CN(CCC1CCN(CC1)C2=NC=NC3=C2C=CN3)C(=O)[C@@H]4CCCCN4C,6.098672541723333,6.226555615245204,5.9707894682014615,0.2557661470437429,0.25274725274725274,False,0.1789473684210526,0.225,10
m_276450__14193134__27785454__28201464,CC1=C(COCC1)C(=O)N(C)CCC2CCN(CC2)C3=NC=NC4=C3NC=C4,6.098404698026274,6.057017280609006,6.13979211544354,0.08277483483453363,0.21978021978021978,False,0.1958762886597938,0.2651757188498402,11
s_22__3225174__21057206,NC1=C(C=CC2=C1CCCC2)C(=O)NC3CCN(CC3)C4=C5N=CN=C5N=CN4,6.098367328273287,6.0411796117637335,6.155555044782842,0.11437543301910846,0.21348314606741572,False,0.1142857142857142,0.2114285714285714,12
s_22__28465444__21203144,CC1=NC2=NC=CC=C2C=C1CC(=O)N3CCN(CC3)C4=CC=CC5=C4OC=C5,6.098183417077099,6.142741361661413,6.053625472492786,0.08911588916862723,0.2696629213483146,False,0.2,0.2136222910216718,10
m_276450__14193098__14200630__18251492,O=C(CN1CCCNC1=O)NCCC2CCN(CC2)C3=NC=NC4=C3C=CN4,6.098132165273569,6.002087676444177,6.194176654102962,0.19208897765878508,0.25274725274725274,False,0.1530612244897959,0.2121212121212121,12
s_11__5635366__117015,O=C(CC1=CC2=C(C=C1Br)OCCO2)N3CCN(CC3)C4=NC=NC5=C4SC=C5,6.097296637768923,5.96507788035248,6.229515395185366,0.2644375148328866,0.23333333333333334,False,0.1914893617021276,0.2188365650969529,12
m_276450__18755804__14204356__14155830,CCN1CCOCC1C(=O)NCCN2CCN(CC2)C3=NC=NC4=C3N=CS4,6.096704683613733,6.076597801478068,6.116811565749397,0.0402137642713285,0.28735632183908044,False,0.2040816326530612,0.2302839116719243,10
s_22__15608426__28465996,CC1=C(C(=O)C2=CC=CN=C2N1)C(=O)N3CCN(CC3)C4=C5C=CN=C5NC=N4,6.096262471167293,6.004696084187101,6.187828858147484,0.1831327739603834,0.2564102564102564,False,0.1568627450980392,0.2746666666666666,12
m_276450__27869474__14200248__28204286,CN1CCOCC1C(=O)N2CC[C@@H](C2)N3CCN(CC3)C4=NC=CC5=CN=CN45,6.096255779104219,6.212920286787746,5.979591271420691,0.23332901536705464,0.18181818181818182,False,0.0849056603773584,0.1920529801324503,12
m_276450__27869470__14200236__28201464,CC1=C(CCCO1)C(=O)N2CC[C@H](C2)N3CCN(CC3)C4=NC=NC5=C4NC=C5,6.09589446769278,6.0821068029022065,6.109682132483354,0.027575329581147834,0.20618556701030927,False,0.2121212121212121,0.2818181818181818,11
s_2430__15423922__24395850,O=C(NC1=CC2=CC=CC=C2N=C1Cl)N3CCN(CC3)C4=NC=NC5=C4C=CS5,6.095791634080636,6.105066644546252,6.0865166236150205,0.01855002093123126,0.3023255813953488,False,0.2234042553191489,0.2628398791540785,12
m_276450__14193134__27782246__18941674,CC1CCOCC1C(=O)N(C)CCC2CCN(CC2)C3=NC=NN4C3=CC=C4,6.095330526144998,6.118161586651524,6.072499465638473,0.04566212101305123,0.2247191011235955,False,0.0865384615384615,0.22508038585209,12
m_276450__27869474__27798274__18941674,O=C([C@@H]1CCCC[C@H]1O)N2CC[C@@H](C2)N3CCN(CC3)C4=NC=NN5C4=CC=C5,6.095047240805621,6.223528311061966,5.966566170549275,0.25696214051269095,0.20430107526881722,False,0.087378640776699,0.2580645161290322,11
m_276450__27869474__27808288__18941674,O=C(C1CCCCC1O)N2CC[C@@H](C2)N3CCN(CC3)C4=NC=NN5C4=CC=C5,6.095047240805621,6.223528311061966,5.966566170549275,0.25696214051269095,0.20430107526881722,False,0.087378640776699,0.2580645161290322,11
m_276450__27869470__27785808__18941674,O=C([C@H]1CCCC[C@H]1O)N2CC[C@H](C2)N3CCN(CC3)C4=NC=NN5C4=CC=C5,6.095047240805621,6.223528311061966,5.966566170549275,0.25696214051269095,0.20430107526881722,False,0.087378640776699,0.2580645161290322,11
m_276450__27869470__27784680__18941674,O=C([C@H]1CCCC[C@@H]1O)N2CC[C@H](C2)N3CCN(CC3)C4=NC=NN5C4=CC=C5,6.095047240805621,6.223528311061966,5.966566170549275,0.25696214051269095,0.20430107526881722,False,0.087378640776699,0.2580645161290322,11
m_276450__14192934__27783490__28201338,NC1=C(C=CC2=C1CCCC2)C(=O)NC3CCN(CC3)C4=NC=NC5=C4C=NN5,6.094676129154961,6.088397262737575,6.100954995572347,0.012557732834771684,0.25274725274725274,False,0.1568627450980392,0.1994134897360703,12
m_276450__18955116__14206930__28201338,CN1CCCCC1C(=O)N2CCC3(CC2)CCN(CC3)C4=NC=NC5=C4C=NN5,6.094304158776906,6.203987449317986,5.984620868235826,0.21936658108216012,0.25,False,0.1752577319587628,0.2313167259786477,12
s_11__22180642__26281288,CC(C(=O)NCC1CCN(CC1)C2=NC=NC3=C2C=CN3)N4CCOCC4=O,6.09421084606368,6.23229716435145,5.95612452777591,0.2761726365755397,0.24468085106382978,False,0.1470588235294117,0.2286689419795221,12
s_22__29610718__14868730,O=C(CN1N=CC2=C(C1=O)CCCC2)N3CCN(CC3)C4=NC=NC5=C4C=NN5,6.094178764006916,6.197665443209688,5.990692084804144,0.20697335840554398,0.24444444444444444,False,0.2234042553191489,0.2506963788300835,11
m_276450__18755804__27809982__28201644,CCCN1CCCCC1C(=O)NCCN2CCN(CC2)C3=NC(=CC=N3)COC,6.093333574920765,6.047746731159128,6.138920418682402,0.09117368752327426,0.3116883116883117,False,0.17,0.1927272727272727,12
s_2708__23827838__23910674,CN(CC1CCCSC1)C(=O)NCC2CCN(CC2)C3=NC=NC4=C3C=CN4,6.093293277590838,6.130566530493577,6.056020024688101,0.07454650580547639,0.24468085106382978,False,0.1683168316831683,0.19,12
m_276450__14192936__27789818__28201338,O=C(NCC1CCN(CC1)C2=NC=NC3=C2C=NN3)C(=CC4CCCCC4)F,6.092998840858584,6.206485923046706,5.979511758670461,0.2269741643762453,0.2727272727272727,False,0.1515151515151515,0.2491582491582491,12
m_276450__18755804__20152074__18941674,O=C(NCCN1CCN(CC1)C2=NC=NN3C2=CC=C3)C4CCCC5=C4N=CN5,6.09270826677702,6.25489713846691,5.9305193950871296,0.3243777433797801,0.30434782608695654,False,0.125,0.2296918767507002,10
s_270004__23845418__15096536,COC1=NC(=C(C(=C1Cl)C)CNC2CCN(CC2)C3=C4N=CN=C4N=CN3)C,6.0922797800742,6.156834711639204,6.027724848509195,0.12910986313000894,0.20212765957446807,False,0.072072072072072,0.1724137931034483,12
m_276450__14193134__14200248__18251492,CN(CCC1CCN(CC1)C2=NC=NC3=C2C=CN3)C(=O)C4COCCN4C,6.092218311484624,6.192349512194538,5.99208711077471,0.20026240141982843,0.24468085106382978,False,0.1515151515151515,0.2240802675585284,11
s_2430__15423922__28470156,O=C(NC1=CC2=CC=CC=C2N=C1Cl)N3CCN(CC3)C4=CC=CC5=C4OC=C5,6.092063472208869,6.111830212437933,6.0722967319798045,0.03953348045812888,0.3333333333333333,False,0.1875,0.2026578073089701,12
m_276450__27869470__27795172__18941674,CC1CCCC=C1C(=O)N2CC[C@H](C2)N3CCN(CC3)C4=NC=NN5C4=CC=C5,6.0920597454611745,6.239703280488984,5.944416210433365,0.2952870700556183,0.1958762886597938,False,0.116504854368932,0.2987421383647798,12
m_276450__27869474__27795172__28201534,CC1CCCC=C1C(=O)N2CC[C@@H](C2)N3CCN(CC3)C4=NC=NC5=C4OC=C5,6.091925628220702,6.108016372961565,6.07583488347984,0.032181489481724945,0.20833333333333334,False,0.18,0.3079365079365079,12
m_276450__14193134__14200008__18957688,CN(CCC1CCN(CC1)C2=NC=NC3=C2C=CS3)C(=O)C=C4CCCCC4,6.091498684078601,6.164638784297269,6.018358583859933,0.14628020043733603,0.24175824175824176,False,0.2613636363636363,0.3310104529616725,10
m_276450__18755804__18783872__14155830,O=C(NCCN1CCN(CC1)C2=NC=NC3=C2N=CS3)C4CCCN5C4=NN=C5,6.091381602576911,6.216168243266349,5.966594961887474,0.2495732813788747,0.2717391304347826,False,0.202020202020202,0.2305555555555555,10
m_276450__14193098__18937568__28201854,O=C(NCCC1CCN(CC1)C2=NC=NC3=C2SC=N3)C4CCCCC45CCC5,6.091219481931068,6.164271369408911,6.018167594453226,0.1461037749556846,0.22988505747126436,False,0.1616161616161616,0.1938775510204081,12
m_276450__18755804__14202058__18955122,O=C(NCCN1CCN(CC1)C2=NC=NC3=C2N=CN3)C4CCCC5=C4C=NN5,6.091134847592858,6.168549108403149,6.0137205867825685,0.1548285216205807,0.28888888888888886,False,0.19,0.2181818181818181,12
m_276450__14193098__27809982__14214578,CCCN1CCCCC1C(=O)NCCC2CCN(CC2)C3=CC(=NC4=NC=NN34)C,6.09000887359754,6.086297091124772,6.0937206560703086,0.007423564945536754,0.24731182795698925,False,0.125,0.22508038585209,12
m_276450__18755804__18937568__28201338,O=C(NCCN1CCN(CC1)C2=NC=NC3=C2C=NN3)C4CCCCC45CCC5,6.0890294228464095,6.232867192567701,5.945191653125118,0.2876755394425832,0.313953488372093,False,0.2,0.225,11
m_276450__14193134__14200008__28201854,CN(CCC1CCN(CC1)C2=NC=NC3=C2SC=N3)C(=O)C=C4CCCCC4,6.08843580280271,6.157960849742753,6.0189107558626675,0.13905009388008516,0.22093023255813954,False,0.2043010752688172,0.2408026755852843,12
m_276450__27869474__18957698__28204286,CN1CCCC[C@@H]1C(=O)N2CC[C@@H](C2)N3CCN(CC3)C4=NC=CC5=CN=CN45,6.08815749550271,6.249888213097041,5.926426777908379,0.323461435188662,0.19101123595505617,False,0.1078431372549019,0.2014134275618374,11
m_276450__27869470__18957698__28204286,CN1CCCC[C@@H]1C(=O)N2CC[C@H](C2)N3CCN(CC3)C4=NC=CC5=CN=CN45,6.08815749550271,6.249888213097041,5.926426777908379,0.323461435188662,0.19101123595505617,False,0.1078431372549019,0.2014134275618374,11
m_276450__27869470__27798274__18251492,O=C([C@@H]1CCCC[C@H]1O)N2CC[C@H](C2)N3CCN(CC3)C4=NC=NC5=C4C=CN5,6.087502233121884,6.1432185465354845,6.031785919708284,0.11143262682720056,0.23076923076923078,False,0.1616161616161616,0.2405498281786941,10
m_276450__27869474__27784680__18251492,O=C([C@H]1CCCC[C@@H]1O)N2CC[C@@H](C2)N3CCN(CC3)C4=NC=NC5=C4C=CN5,6.087502233121884,6.1432185465354845,6.031785919708284,0.11143262682720056,0.23076923076923078,False,0.1616161616161616,0.2405498281786941,10
m_276450__27869470__27785808__18251492,O=C([C@H]1CCCC[C@H]1O)N2CC[C@H](C2)N3CCN(CC3)C4=NC=NC5=C4C=CN5,6.087502233121884,6.1432185465354845,6.031785919708284,0.11143262682720056,0.23076923076923078,False,0.1616161616161616,0.2405498281786941,10
m_276450__18755804__27790108__18955122,O=C(NCCN1CCN(CC1)C2=NC=NC3=C2N=CN3)C4CCCC5=CC=NN45,6.086838108125832,6.099722751260912,6.073953464990751,0.02576928627016084,0.3,False,0.19,0.2082191780821917,11
m_276450__18755804__27782786__18941674,O=C(NCCN1CCN(CC1)C2=NC=NN3C2=CC=C3)C4CCCN5C4CCC5,6.086752867237363,6.179310120365101,5.994195614109625,0.1851145062554762,0.32941176470588235,False,0.1212121212121212,0.2491909385113268,12
s_2708__23827838__13824384,CN(CC1CCSCC1)C(=O)NCC2CCN(CC2)C3=NC=NC4=C3C=CN4,6.086088590315118,6.076421208950179,6.095755971680058,0.019334762729878996,0.25555555555555554,False,0.1632653061224489,0.1877133105802047,12
m_276450__14193272__27784696__14214582,[N-]=[N+]=N[C@H]1CCCC[C@H]1C(=O)NCCC2CCN(C2)C3=NC=NC4=C3SC=C4,6.086013996674264,6.14516060171233,6.026867391636198,0.11829321007613203,0.23711340206185566,False,0.1862745098039215,0.2483660130718954,12
m_276450__14193098__27794386__14214378,O=C(NCCC1CCN(CC1)C2=NC=NC3=C2CCC3)C4CCCN5C4=NC=C5,6.085186861582944,6.173225443435902,5.997148279729987,0.17607716370591486,0.25274725274725274,False,0.1386138613861386,0.1797752808988764,12
m_276450__14193134__14200248__18941674,CN(CCC1CCN(CC1)C2=NC=NN3C2=CC=C3)C(=O)C4COCCN4C,6.0842429969326215,6.286044601139439,5.882441392725805,0.4036032084136343,0.23595505617977527,False,0.087378640776699,0.2436708860759493,12
s_11__22168874__22272842,CC1=NC2=NC=CC=C2C=C1CC(=O)N3CCN(CC3)C4=C5C=CN=C5NC=N4,6.083701346151106,5.950893243947634,6.216509448354577,0.26561620440694256,0.24444444444444444,False,0.1262135922330097,0.2011494252873563,11
m_276450__27869470__27815118__18251492,O=C(CN1CCCCC1)N2CC[C@H](C2)N3CCN(CC3)C4=NC=NC5=C4C=CN5,6.083554869674043,6.163615135386547,6.003494603961539,0.16012053142500804,0.25842696629213485,False,0.2043010752688172,0.2338129496402877,12
m_276450__27869474__14202374__14155830,O=C(CC1=CCOCC1)N2CC[C@@H](C2)N3CCN(CC3)C4=NC=NC5=C4N=CS5,6.083551897550403,6.137442094359641,6.029661700741165,0.10778039361847647,0.19387755102040816,False,0.1782178217821782,0.2896341463414634,12
m_276450__27869474__14200236__14214582,CC1=C(CCCO1)C(=O)N2CC[C@@H](C2)N3CCN(CC3)C4=NC=NC5=C4SC=C5,6.083239731161349,6.1423091791149655,6.024170283207732,0.11813889590723381,0.20408163265306123,False,0.2631578947368421,0.2985074626865671,11
m_276450__14193098__27782584__18251492,O=C(CC1CCCNC1=O)NCCC2CCN(CC2)C3=NC=NC4=C3C=CN4,6.083217470730725,6.087121560409297,6.079313381052153,0.007808179357144063,0.25,False,0.1530612244897959,0.2194244604316546,12
m_276450__14193098__27784696__28201464,[N-]=[N+]=N[C@H]1CCCC[C@H]1C(=O)NCCC2CCN(CC2)C3=NC=NC4=C3NC=C4,6.08309327091219,6.101542395583576,6.064644146240804,0.03689824934277208,0.2553191489361702,False,0.145631067961165,0.2211221122112211,11
m_276450__14193364__14206714__18957688,CCN(CC1CCN(CC1)C2=NC=NC3=C2C=CS3)C(=O)[C@@H]4CCCCN4C,6.082387135117196,6.194032859912432,5.970741410321961,0.2232914495904712,0.25274725274725274,False,0.2340425531914893,0.3368794326241134,10
s_270004__23844396__12905998,CCOC1=CC=CC(=N1)N2CCC(CC2)NCC3=C(C(=C(C=C3C)C)COC)C,6.081934811443441,6.044134334593547,6.1197352882933345,0.07560095369978725,0.21686746987951808,False,0.101010101010101,0.1757188498402556,12
m_276450__18755804__27784696__14214378,[N-]=[N+]=N[C@H]1CCCC[C@H]1C(=O)NCCN2CCN(CC2)C3=NC=NC4=C3CCC4,6.080545500808512,6.19528360963397,5.965807391983053,0.22947621765091686,0.29213483146067415,False,0.173469387755102,0.2184615384615384,11
m_276450__14193134__18957698__28204284,CN(CCC1CCN(CC1)C2=NC=NC3=CC=NN23)C(=O)[C@H]4CCCCN4C,6.080349570863758,6.232318162405231,5.928380979322286,0.3039371830829447,0.23255813953488372,False,0.1111111111111111,0.1903114186851211,12
s_22__28465444__20854020,O=C1OC2=CC=CC=C2C=C1CC(=O)N3CCN(CC3)C4=CC=CC5=C4OC=C5,6.080246412580875,6.119782972748609,6.040709852413141,0.07907312033546798,0.32432432432432434,False,0.2111111111111111,0.2929936305732484,12
m_276450__27869474__27797300__14214378,O=C(C1=C(CCCC1)Cl)N2CC[C@@H](C2)N3CCN(CC3)C4=NC=NC5=C4CCC5,6.079687989388069,6.200189573573133,5.959186405203005,0.2410031683701277,0.19767441860465115,False,0.1914893617021276,0.2648809523809524,11
s_240690__7402370__20642414,CC1=NC2=C(C=C1C(=O)NC3CCN(CC3)C4=C5N=CN=C5N=CN4)CCCN2,6.079254354330615,6.021842407506885,6.136666301154346,0.11482389364746126,0.21739130434782608,False,0.1192660550458715,0.2097186700767263,11
s_27__16803670__10971420,C1=CC2=C(N1)N=CN=C2N3CCC(CC3)CNC4=NC=C5CCCCC5=N4,6.07855550593168,6.220395782336944,5.936715229526416,0.2836805528105275,0.20930232558139536,False,0.1224489795918367,0.1722054380664652,11
m_276450__14192936__14205148__28201464,CC(C(=O)NCC1CCN(CC1)C2=NC=NC3=C2NC=C3)N4CCCCC4=O,6.0782967357421,6.179006883581299,5.977586587902902,0.20142029567839703,0.25806451612903225,False,0.1836734693877551,0.2569444444444444,12
m_276450__18755804__14200608__14214378,O=C(CN1CCCCC1=O)NCCN2CCN(CC2)C3=NC=NC4=C3CCC4,6.078184177448512,6.077744421600195,6.0786239332968295,0.0008795116966346939,0.2976190476190476,False,0.2111111111111111,0.2207792207792207,12
m_276450__14193098__27786920__18957688,CCN1CCOCC1CC(=O)NCCC2CCN(CC2)C3=NC=NC4=C3C=CS4,6.078175312814562,6.120533226724165,6.035817398904959,0.08471582781920617,0.23711340206185566,False,0.2,0.2792207792207792,11
m_276450__27869470__14200074__28204286,O=C(CC1=CCCCC1)N2CC[C@H](C2)N3CCN(CC3)C4=NC=CC5=CN=CN45,6.076872730494193,6.188003077319423,5.965742383668964,0.2222606936504592,0.1702127659574468,False,0.1078431372549019,0.2289562289562289,12
m_276450__14193272__27786920__18957688,CCN1CCOCC1CC(=O)NCCC2CCN(C2)C3=NC=NC4=C3C=CS4,6.076494964698196,6.104254751426569,6.0487351779698235,0.05551957345674552,0.23404255319148937,False,0.196078431372549,0.2912621359223301,12
m_276450__18755804__14205338__18955122,O=C(NCCN1CCN(CC1)C2=NC=NC3=C2N=CN3)C4CCCCC4C5CC5,6.076469574007696,6.120945846193206,6.031993301822187,0.0889525443710193,0.3058823529411765,False,0.1894736842105263,0.213768115942029,11
s_527__10706244__9703978,CC1=NC2=CC=CC=C2C(=O)N1CC(=O)N3CCC(CC3)C4=CC=NC5=CC=CC=C45,6.075952018005255,5.9262779859447114,6.2256260500658,0.29934806412108816,0.29069767441860467,False,0.14,0.2387096774193548,12
m_276450__27869470__14199844__18251492,O=C(CC1CCCCC1)N2CC[C@H](C2)N3CCN(CC3)C4=NC=NC5=C4C=CN5,6.075628468269414,6.161526677657632,5.989730258881198,0.1717964187764336,0.24719101123595505,False,0.1666666666666666,0.2402826855123674,12
m_276450__14193134__27788928__18957688,CN(CCC1CCN(CC1)C2=NC=NC3=C2C=CS3)C(=O)CC4CCCSC4,6.074797389413602,6.199302442595665,5.950292336231539,0.24901010636412657,0.2247191011235955,False,0.2258064516129032,0.2842809364548495,12
s_270004__23845418__16664914,FC1=C(C=CC2=C1OCCO2)CNC3CCN(CC3)C4=C5N=CN=C5N=CN4,6.074770136991852,6.151443765986469,5.998096507997233,0.15334725798923632,0.19047619047619047,False,0.0849056603773584,0.180281690140845,12
m_276450__27869470__14206930__14214378,CN1CCCCC1C(=O)N2CC[C@H](C2)N3CCN(CC3)C4=NC=NC5=C4CCC5,6.0741382352901585,6.214800680934406,5.933475789645912,0.28132489128849425,0.2087912087912088,False,0.1546391752577319,0.2317460317460317,12
s_270004__23845418__7454720,C1=NC2=NC=NC2=C(N1)N3CCC(CC3)NCC4=CC=C5OCCOC5=C4,6.073916783714002,6.120362277927542,6.027471289500461,0.09289098842708121,0.2345679012345679,False,0.1,0.1804733727810651,12
s_22__26976960__300168,COCC1=CC=CC(=C1)N2CCN(CC2)C(=O)CC3=C(C4=CC=CC=C4N=C3C)C,6.072496828000283,5.989758270539255,6.15523538546131,0.16547711492205508,0.32558139534883723,False,0.1428571428571428,0.217391304347826,12
s_270004__23845418__16661294,COCCN1N=C(C(=C1C)CNC2CCN(CC2)C3=C4N=CN=C4N=CN3)C,6.072037404705135,6.1467811469544875,5.9972936624557835,0.14948748449870397,0.19318181818181818,False,0.0849056603773584,0.1638888888888889,11
s_11__24395822__27839484,O=C(CC1=CC2=CC=CC=C2N=C1Cl)N3CCN(CC3)C4=NC=NC5=C4C=CS5,6.07201043578552,6.060271716196635,6.083749155374405,0.023477439177770343,0.2988505747126437,False,0.2258064516129032,0.2558823529411764,11
m_276450__18955116__27808288__18941674,O=C(C1CCCCC1O)N2CCC3(CC2)CCN(CC3)C4=NC=NN5C4=CC=C5,6.071731786969556,6.159478375392083,5.983985198547028,0.1754931768450545,0.1978021978021978,False,0.0909090909090909,0.2098360655737705,12
m_276450__18955116__27785808__18941674,O=C([C@H]1CCCC[C@H]1O)N2CCC3(CC2)CCN(CC3)C4=NC=NN5C4=CC=C5,6.071731786969556,6.159478375392083,5.983985198547028,0.1754931768450545,0.1978021978021978,False,0.0909090909090909,0.2098360655737705,12
m_276450__18755804__20152074__28204284,O=C(NCCN1CCN(CC1)C2=NC=NC3=CC=NN23)C4CCCC5=C4N=CN5,6.071118607988932,6.167785755680462,5.974451460297404,0.19333429538305769,0.2988505747126437,False,0.1262135922330097,0.1747851002865329,11
m_276450__18755804__27791440__18941674,CCC1=C(CCCO1)C(=O)NCCN2CCN(CC2)C3=NC=NN4C3=CC=C4,6.070089088841229,6.076183438583903,6.063994739098554,0.012188699485348842,0.34210526315789475,False,0.1485148514851485,0.2633136094674556,10
s_271302__25707162__25926038,CCOC1=CC=CC(=N1)N2CCC(CC2)NCC3=C(C4=C(C=C3)CNCC4)C,6.069690154385012,6.1308129538539795,6.008567354916044,0.12224559893793518,0.2247191011235955,False,0.0980392156862745,0.175,12
m_276450__14193134__18985948__18957688,CN(CCC1CCN(CC1)C2=NC=NC3=C2C=CS3)C(=O)C4=CC=CN=C4O,6.0696293904145495,6.109908552346588,6.02935022848251,0.08055832386407769,0.23863636363636365,False,0.2234042553191489,0.2546583850931677,12
m_276450__27869470__14202220__18941674,CC1CCCCC1C(=O)N2CC[C@H](C2)N3CCN(CC3)C4=NC=NN5C4=CC=C5,6.069087206669678,6.207254698915305,5.930919714424053,0.2763349844912524,0.20481927710843373,False,0.0980392156862745,0.2574257425742574,11
m_276450__14193098__27784776__28201464,O=CN1CCOCC1C(=O)NCCC2CCN(CC2)C3=NC=NC4=C3NC=C4,6.068668964210687,6.040300261776737,6.097037666644636,0.056737404867898356,0.2553191489361702,False,0.1262135922330097,0.247588424437299,12
m_276450__14193364__18957698__28201854,CCN(CC1CCN(CC1)C2=NC=NC3=C2SC=N3)C(=O)[C@H]4CCCCN4C,6.068546191919742,6.1946190283899485,5.942473355449534,0.2521456729404141,0.22826086956521738,False,0.1818181818181818,0.238095238095238,12
s_2708__29308224__17547888,CCC(NC(=O)NCCC1=C(N=C2C=CC=CN2C1=O)C)C3=CC=CC4=C3NC=C4,6.068291304493072,6.139278547879146,5.997304061106998,0.1419744867721473,0.2553191489361702,False,0.2376237623762376,0.4049079754601227,11
m_276450__18755804__27791440__28201338,CCC1=C(CCCO1)C(=O)NCCN2CCN(CC2)C3=NC=NC4=C3C=NN4,6.067303647341954,6.076473480622464,6.058133814061445,0.01833966656101893,0.3372093023255814,False,0.2291666666666666,0.2445820433436532,10
s_240690__24674464__24777242,CC(OC1CCNCC1)C(=O)NCC2CCN(CC2)C3=NC=NC4=C3C=CN4,6.0669262582882855,6.093912344563845,6.0399401720127255,0.05397217255111908,0.25274725274725274,False,0.15,0.1946308724832214,12
m_276450__14193134__14206714__28201534,CN(CCC1CCN(CC1)C2=NC=NC3=C2OC=C3)C(=O)[C@@H]4CCCCN4C,6.066922335207895,6.183931760527244,5.949912909888545,0.23401885063869887,0.25,False,0.1666666666666666,0.2474916387959866,11
m_276450__18755804__28192490__18941674,CCCCN1CCCCC1C(=O)NCCN2CCN(CC2)C3=NC=NN4C3=CC=C4,6.066882665087086,6.266968999335026,5.866796330839147,0.4001726684958786,0.3076923076923077,False,0.1386138613861386,0.2550335570469799,11
m_276450__18755804__14203984__28204284,CCCC1CCCC1C(=O)NCCN2CCN(CC2)C3=NC=NC4=CC=NN34,6.06679090813736,6.119088635951684,6.014493180323036,0.10459545562864747,0.313953488372093,False,0.1287128712871287,0.1758620689655172,12
m_276450__14193134__14200074__28201464,CN(CCC1CCN(CC1)C2=NC=NC3=C2NC=C3)C(=O)CC4=CCCCC4,6.066531336181992,6.113132004339523,6.019930668024461,0.09320133631506167,0.21649484536082475,False,0.1752577319587628,0.2417218543046357,12
m_276450__27869474__14202220__18251492,CC1CCCCC1C(=O)N2CC[C@@H](C2)N3CCN(CC3)C4=NC=NC5=C4C=CN5,6.065693809951311,6.123474063058515,6.007913556844107,0.11556050621440761,0.23076923076923078,False,0.173469387755102,0.2402826855123674,10
m_276450__14193272__27809982__14155830,CCCN1CCCCC1C(=O)NCCC2CCN(C2)C3=NC=NC4=C3N=CS4,6.065595817175174,6.1435267753494855,5.987664859000862,0.15586191634862345,0.21649484536082475,False,0.1764705882352941,0.264026402640264,11
m_276450__27869470__27784680__14155830,O=C([C@H]1CCCC[C@@H]1O)N2CC[C@H](C2)N3CCN(CC3)C4=NC=NC5=C4N=CS5,6.064810865102714,6.127187710547756,6.002434019657674,0.12475369089008215,0.1827956989247312,False,0.1717171717171717,0.266025641025641,10
m_276450__18955116__27808288__18251492,O=C(C1CCCCC1O)N2CCC3(CC2)CCN(CC3)C4=NC=NC5=C4C=CN5,6.0636737229924496,6.0849628014762205,6.0423846445086795,0.04257815696754097,0.2247191011235955,False,0.1546391752577319,0.1881533101045296,11
m_276450__18955116__27784680__18251492,O=C([C@H]1CCCC[C@@H]1O)N2CCC3(CC2)CCN(CC3)C4=NC=NC5=C4C=CN5,6.0636737229924496,6.0849628014762205,6.0423846445086795,0.04257815696754097,0.2247191011235955,False,0.1546391752577319,0.1881533101045296,11
s_22__29610718__130878,CC1=NC2=NC=NN2C(=C1CC(=O)N3CCN(CC3)C4=NC=NC5=C4C=NN5)C,6.063612535486126,6.054537341930179,6.072687729042071,0.018150387111892208,0.25555555555555554,False,0.202020202020202,0.1914893617021276,11
s_2430__26894868__24395850,O=C(NC1=C(C2=C(C=C1)OCCO2)Cl)N3CCN(CC3)C4=NC=NC5=C4C=CS5,6.06341655125072,6.117833736701941,6.008999365799498,0.10883437090244374,0.23076923076923078,False,0.21875,0.2616279069767442,11
m_276450__27870212__27809982__28201338,CCCN1CCCCC1C(=O)NCC(=O)N2CCN(CC2)C3=NC=NC4=C3C=NN4,6.063398470126134,6.24257078899955,5.884226151252718,0.358344637746832,0.2608695652173913,False,0.1782178217821782,0.2350877192982456,12
m_276450__14193098__27790956__18251492,CO[C@H]1CCCC[C@@H]1C(=O)NCCC2CCN(CC2)C3=NC=NC4=C3C=CN4,6.062518982461705,6.0329440934102045,6.092093871513205,0.05914977810300037,0.26666666666666666,False,0.1616161616161616,0.1898305084745762,10
s_527__9417630__155628,CC1=NC2=CC=CC=C2C(=C1CC(=O)N3CCN(CC3)C4=CN=CC5=NC=NN45)C,6.060757128794554,5.9456613521159065,6.175852905473201,0.2301915533572947,0.2717391304347826,False,0.1262135922330097,0.1675977653631284,12
m_276450__18755804__14205386__14214582,CCCCN1CCOCC1C(=O)NCCN2CCN(CC2)C3=NC=NC4=C3SC=C4,6.05983174161165,6.163745748902127,5.955917734321174,0.20782801458095257,0.31521739130434784,False,0.2371134020618556,0.2547770700636942,12
m_276450__27869470__27785808__28204284,O=C([C@H]1CCCC[C@H]1O)N2CC[C@H](C2)N3CCN(CC3)C4=NC=NC5=CC=NN45,6.0587643497352275,6.128397063872238,5.989131635598216,0.13926542827402155,0.18181818181818182,False,0.087378640776699,0.195364238410596,12
m_276450__27869474__27808288__28204284,O=C(C1CCCCC1O)N2CC[C@@H](C2)N3CCN(CC3)C4=NC=NC5=CC=NN45,6.0587643497352275,6.128397063872238,5.989131635598216,0.13926542827402155,0.18181818181818182,False,0.087378640776699,0.195364238410596,12
s_2708__23827838__11986992,CN(CC1=CCCOC1)C(=O)NCC2CCN(CC2)C3=NC=NC4=C3C=CN4,6.058142187795095,6.047345138813226,6.068939236776965,0.02159409796373879,0.23958333333333334,False,0.1442307692307692,0.2133757961783439,11
s_527__24395882__155628,CC1=NC2=CC=CC=C2C(=C1CC(=O)N3CCN(CC3)C4=NC=NC5=C4C=CS5)C,6.058036448589826,6.020087358803186,6.095985538376466,0.07589817957328027,0.313953488372093,False,0.2340425531914893,0.257396449704142,10
m_276450__14193098__27781330__18251492,O=C(C[C@H]1CCCC[C@H]1F)NCCC2CCN(CC2)C3=NC=NC4=C3C=CN4,6.057685620829503,6.065767944513743,6.0496032971452625,0.016164647368480445,0.25555555555555554,False,0.1515151515151515,0.1929824561403508,12
s_11__22180642__3048300,CC(C(=O)NCC1CCN(CC1)C2=NC=NC3=C2C=CN3)N4CCCCC4=O,6.057399960183799,6.221801692418918,5.892998227948681,0.3288034644702371,0.25,False,0.1958762886597938,0.2365591397849462,11
s_22__24035806__21389038,O=C(CC1=CC2=CC=CC=C2C=C1O)N3CCN(CC3)C4=NC=NC5=C4C=CS5,6.056939301274586,6.000566343238549,6.1133122593106215,0.11274591607207274,0.2823529411764706,False,0.2359550561797752,0.2718446601941747,12
m_276450__18755804__27782064__14214378,CO[C@H]1CCCC[C@H]1C(=O)NCCN2CCN(CC2)C3=NC=NC4=C3CCC4,6.056836623188259,6.068476356994182,6.0451968893823365,0.02327946761184574,0.3150684931506849,False,0.1789473684210526,0.2136222910216718,11
m_276450__18755804__27790956__14214378,CO[C@H]1CCCC[C@@H]1C(=O)NCCN2CCN(CC2)C3=NC=NC4=C3CCC4,6.056836623188259,6.068476356994182,6.0451968893823365,0.02327946761184574,0.3150684931506849,False,0.1789473684210526,0.2136222910216718,11
m_276450__14192936__27800512__28201464,CC(OC1CCCCC1)C(=O)NCC2CCN(CC2)C3=NC=NC4=C3NC=C4,6.056588211821321,6.052031199150259,6.061145224492384,0.009114025342124243,0.26373626373626374,False,0.1515151515151515,0.202572347266881,12
m_276450__27869474__14200248__18955122,CN1CCOCC1C(=O)N2CC[C@@H](C2)N3CCN(CC3)C4=NC=NC5=C4N=CN5,6.05648773047144,6.127282055562955,5.985693405379925,0.14158865018303057,0.2127659574468085,False,0.1442307692307692,0.2244224422442244,12
s_11__24395822__28469502,O=C(CC1=CC2=CC=CC=C2N=C1Br)N3CCN(CC3)C4=NC=NC5=C4C=CS5,6.056436138948363,6.04301065620918,6.069861621687545,0.026850965478365296,0.2988505747126437,False,0.2258064516129032,0.2580645161290322,11
m_276450__14193098__14206022__18957688,O=C(CN1CCOCC1=O)NCCC2CCN(CC2)C3=NC=NC4=C3C=CS4,6.056382248114824,6.1040364704932255,6.0087280257364215,0.095308444756804,0.24468085106382978,False,0.1958762886597938,0.2962962962962963,11
m_276450__27869470__14206714__18955122,CN1CCCC[C@H]1C(=O)N2CC[C@H](C2)N3CCN(CC3)C4=NC=NC5=C4N=CN5,6.05630803216852,6.158803005503975,5.953813058833064,0.20498994667091086,0.21739130434782608,False,0.17,0.2367491166077738,11
s_207__26103832__26940310,BrC1=C(C=CC2=C1OCCO2)CNC3CCN(CC3)C4=C5N=CN=C5N=CN4,6.055720049660225,6.059606585841836,6.051833513478614,0.007773072363222333,0.16470588235294117,False,0.0849056603773584,0.1820728291316526,12
m_276450__27869470__14202220__28201534,CC1CCCCC1C(=O)N2CC[C@H](C2)N3CCN(CC3)C4=NC=NC5=C4OC=C5,6.055561416029585,6.067550250364128,6.043572581695042,0.023977668669086682,0.21739130434782608,False,0.1616161616161616,0.2624584717607973,11
m_276450__27869470__27785808__14214378,O=C([C@H]1CCCC[C@H]1O)N2CC[C@H](C2)N3CCN(CC3)C4=NC=NC5=C4CCC5,6.054951629962252,6.175309071182882,5.934594188741621,0.24071488244126105,0.1978021978021978,False,0.1326530612244898,0.2267080745341615,12
s_11__22180642__9600240,O=C(NCC1CCN(CC1)C2=NC=NC3=C2C=CN3)C(F)CC4CCCCC4,6.054683871970852,6.121401110838111,5.987966633103593,0.133434477734518,0.26136363636363635,False,0.15625,0.1951219512195122,12
m_276450__14193272__27784696__14155830,[N-]=[N+]=N[C@H]1CCCC[C@H]1C(=O)NCCC2CCN(C2)C3=NC=NC4=C3N=CS4,6.053267638680284,6.102917655114564,6.0036176222460025,0.0993000328685616,0.21428571428571427,False,0.1523809523809524,0.2373417721518987,11
m_276450__14193134__27781992__14155830,CN(CCC1CCN(CC1)C2=NC=NC3=C2N=CS3)C(=O)C4CCCCC4F,6.0508857766302455,6.132488198609313,5.969283354651177,0.16320484395813661,0.20689655172413793,False,0.1752577319587628,0.2161290322580645,10
s_11__22180642__26276016,CC(CN1CCOCC1)C(=O)NCC2CCN(CC2)C3=NC=NC4=C3C=CN4,6.0504383543109235,6.035919582124998,6.064957126496849,0.029037544371851354,0.26666666666666666,False,0.1632653061224489,0.1917808219178082,12
m_276450__18755804__27809982__14214378,CCCN1CCCCC1C(=O)NCCN2CCN(CC2)C3=NC=NC4=C3CCC4,6.050166200290472,6.13523806024196,5.965094340338984,0.17014371990297583,0.2891566265060241,False,0.1894736842105263,0.2233009708737864,11
m_276450__14193364__14200074__18957688,CCN(CC1CCN(CC1)C2=NC=NC3=C2C=CS3)C(=O)CC4=CCCCC4,6.049979535979384,6.1007746571965225,5.999184414762246,0.10159024243427606,0.2268041237113402,False,0.2446808510638297,0.3276450511945392,11
m_276450__18755804__27786920__28204286,CCN1CCOCC1CC(=O)NCCN2CCN(CC2)C3=NC=CC4=CN=CN34,6.0492260691203805,6.113833423329613,5.984618714911148,0.1292147084184645,0.2839506172839506,False,0.1142857142857142,0.1677631578947368,12
s_11__22180642__22537104,[N-]=[N+]=N[C@H]1CCCC[C@H]1C(=O)NCC2CCN(CC2)C3=NC=NC4=C3C=CN4,6.048808332185839,6.153158478000395,5.944458186371282,0.2087002916291132,0.26666666666666666,False,0.1584158415841584,0.2089041095890411,11
m_276450__14193098__27784696__18251492,[N-]=[N+]=N[C@H]1CCCC[C@H]1C(=O)NCCC2CCN(CC2)C3=NC=NC4=C3C=CN4,6.048651552966165,6.144837385171508,5.952465720760822,0.1923716644106861,0.25806451612903225,False,0.1568627450980392,0.2013651877133105,10
m_276450__27869470__27798274__28201338,O=C([C@@H]1CCCC[C@H]1O)N2CC[C@H](C2)N3CCN(CC3)C4=NC=NC5=C4C=NN5,6.04863752820236,6.135045048850143,5.962230007554577,0.17281504129556602,0.23333333333333334,False,0.16,0.2431506849315068,11
m_276450__27869470__27785808__28201338,O=C([C@H]1CCCC[C@H]1O)N2CC[C@H](C2)N3CCN(CC3)C4=NC=NC5=C4C=NN5,6.04863752820236,6.135045048850143,5.962230007554577,0.17281504129556602,0.23333333333333334,False,0.16,0.2431506849315068,11
m_276450__27869470__27784680__28201338,O=C([C@H]1CCCC[C@@H]1O)N2CC[C@H](C2)N3CCN(CC3)C4=NC=NC5=C4C=NN5,6.04863752820236,6.135045048850143,5.962230007554577,0.17281504129556602,0.23333333333333334,False,0.16,0.2431506849315068,11
s_270004__23845418__15505518,ClC1=NC2=C(C=C1CNC3CCN(CC3)C4=C5N=CN=C5N=CN4)COCC2,6.048249270984399,6.158449379856983,5.938049162111814,0.22040021774516916,0.17045454545454544,False,0.0925925925925925,0.1515892420537897,10
m_276450__14193364__27795172__18957688,CCN(CC1CCN(CC1)C2=NC=NC3=C2C=CS3)C(=O)C4=CCCCC4C,6.048021150980896,6.060165145666627,6.0358771562951645,0.02428798937146226,0.21875,False,0.2421052631578947,0.3527397260273973,11
m_276450__14193134__27785808__28201464,CN(CCC1CCN(CC1)C2=NC=NC3=C2NC=C3)C(=O)[C@H]4CCCC[C@H]4O,6.047871036480586,6.067607338163815,6.028134734797358,0.03947260336645719,0.22580645161290322,False,0.1530612244897959,0.2053872053872054,11
m_276450__14193134__27810424__18251492,CC1=C(SCCO1)C(=O)N(C)CCC2CCN(CC2)C3=NC=NC4=C3C=CN4,6.047107927229314,6.020913037663493,6.0733028167951355,0.052389779131642555,0.21978021978021978,False,0.1919191919191919,0.2269938650306748,11
s_270004__23845418__10429812,C1=NC2=NC=NC2=C(N1)N3CCC(CC3)NCC4=CC=C5CCCCC5=C4,6.046674705908991,6.123954335246686,5.969395076571297,0.15455925867538856,0.20224719101123595,False,0.1122448979591836,0.1777108433734939,10
m_276450__18755804__14201692__28204284,CCC1CCCCC1C(=O)NCCN2CCN(CC2)C3=NC=NC4=CC=NN34,6.0462591513395765,6.099520535516474,5.992997767162678,0.1065227683537957,0.3023255813953488,False,0.13,0.1758620689655172,11
s_240690__24674464__19727282,CC(CC1CCNCC1)C(=O)NCC2CCN(CC2)C3=NC=NC4=C3C=CN4,6.046139709143027,6.041529606326098,6.050749811959957,0.009220205633858392,0.25842696629213485,False,0.1649484536082474,0.2072727272727272,12
s_240690__24674464__27704116,C[C@@H](CC1CCNCC1)C(=O)NCC2CCN(CC2)C3=NC=NC4=C3C=CN4,6.046139709143027,6.041529606326098,6.050749811959957,0.009220205633858392,0.25842696629213485,False,0.1649484536082474,0.2072727272727272,12
s_240690__24674464__27322302,C[C@H](CC1CCNCC1)C(=O)NCC2CCN(CC2)C3=NC=NC4=C3C=CN4,6.046139709143027,6.041529606326098,6.050749811959957,0.009220205633858392,0.25842696629213485,False,0.1649484536082474,0.2072727272727272,12
s_11__22183562__54867,CC1=NC2=CC=CC=C2C(=C1CC(=O)N3CC=C(CC3)C4=CC=NC5=C4C=CN5)C,6.045707330966883,6.002910788335123,6.088503873598643,0.08559308526352005,0.23655913978494625,False,0.1401869158878504,0.2184615384615384,12
m_276450__14193134__14202374__18957688,CN(CCC1CCN(CC1)C2=NC=NC3=C2C=CS3)C(=O)CC4=CCOCC4,6.044431255966011,6.115841727409323,5.9730207845227,0.1428209428866225,0.21505376344086022,False,0.2340425531914893,0.3104575163398693,11
m_276450__14193098__27784776__14214582,O=CN1CCOCC1C(=O)NCCC2CCN(CC2)C3=NC=NC4=C3SC=C4,6.043824154877866,6.108038483172623,5.9796098265831095,0.12842865658951386,0.25263157894736843,False,0.17,0.2563291139240506,12
m_276450__18955116__27784680__28204286,O=C([C@H]1CCCC[C@@H]1O)N2CCC3(CC2)CCN(CC3)C4=NC=CC5=CN=CN45,6.043163336626322,6.039328881880053,6.046997791372592,0.007668909492538845,0.18421052631578946,False,0.0909090909090909,0.1533101045296167,12
m_276450__18955116__27798274__28204286,O=C([C@@H]1CCCC[C@H]1O)N2CCC3(CC2)CCN(CC3)C4=NC=CC5=CN=CN45,6.043163336626322,6.039328881880053,6.046997791372592,0.007668909492538845,0.18421052631578946,False,0.0909090909090909,0.1533101045296167,12
s_22__28465444__21389038,O=C(CC1=CC2=CC=CC=C2C=C1O)N3CCN(CC3)C4=CC=CC5=C4OC=C5,6.043000780694132,6.044561203966225,6.041440357422038,0.0031208465441867617,0.2916666666666667,False,0.2,0.2250922509225092,12
m_276450__14193098__27786072__18251492,O=C(NCCC1CCN(CC1)C2=NC=NC3=C2C=CN3)C4=COC5=C4CCCC5,6.042707841333145,6.046342811339903,6.039072871326388,0.007269940013514997,0.2857142857142857,False,0.1818181818181818,0.1912568306010929,12
m_276450__14193134__14202220__28201464,CC1CCCCC1C(=O)N(C)CCC2CCN(CC2)C3=NC=NC4=C3NC=C4,6.041092936274516,6.059491708990188,6.022694163558843,0.0367975454313445,0.22826086956521738,False,0.1546391752577319,0.2110726643598615,11
s_27__16803670__14643966,CC1=NC2=CC=CN=C2N=C1NCC3CCN(CC3)C4=NC=NC5=C4C=CN5,6.040838386155206,6.210428647641232,5.871248124669181,0.33918052297205037,0.2441860465116279,False,0.13,0.1834862385321101,12
m_276450__14193098__18937568__14214582,O=C(NCCC1CCN(CC1)C2=NC=NC3=C2SC=C3)C4CCCCC45CCC5,6.04030599968727,6.1462783484109496,5.934333650963591,0.21194469744735844,0.26373626373626374,False,0.1875,0.2320819112627986,12
m_276450__27869474__27794768__18955122,O=C(C1=C(CCOC1)Cl)N2CC[C@@H](C2)N3CCN(CC3)C4=NC=NC5=C4N=CN5,6.040207037084033,6.072865442000764,6.007548632167302,0.06531680983346178,0.18478260869565216,False,0.1764705882352941,0.2793650793650793,11
m_276450__14193098__14200608__18941674,O=C(CN1CCCCC1=O)NCCC2CCN(CC2)C3=NC=NN4C3=CC=C4,6.040107926926979,6.153606410192672,5.926609443661286,0.22699696653138535,0.24731182795698925,False,0.12,0.2408026755852843,12
s_11__5635366__22272842,CC1=NC2=NC=CC=C2C=C1CC(=O)N3CCN(CC3)C4=NC=NC5=C4SC=C5,6.039892145733974,6.048169337698072,6.031614953769877,0.016554383928195193,0.26666666666666666,False,0.2127659574468085,0.2078651685393258,12
s_270004__23845418__13907236,C1=NC2=NC=NC2=C(N1)N3CCC(CC3)NCC4=CC=C5COCCC5=C4,6.039486295221949,6.1528320011566935,5.926140589287205,0.2266914118694885,0.17708333333333334,False,0.0970873786407767,0.1657142857142857,11
s_2430__26895820__5635394,O=C(NC1=CC2=C(CCCC2)N=C1Cl)N3CCN(CC3)C4=NC=NC5=C4SC=C5,6.0392226216466085,6.1313622258798075,5.947083017413409,0.1842792084663989,0.25555555555555554,False,0.1958762886597938,0.2035175879396984,10
s_527__5635386__155628,CC1=NC2=CC=CC=C2C(=C1CC(=O)N3CCN(CC3)C4=NC=NC5=C4SC=C5)C,6.038718894951279,6.015116906312899,6.062320883589658,0.047203977276758735,0.313953488372093,False,0.2083333333333333,0.2132564841498559,12
m_276450__14193134__27785454__18251492,CC1=C(COCC1)C(=O)N(C)CCC2CCN(CC2)C3=NC=NC4=C3C=CN4,6.038715897775549,6.039875417915614,6.037556377635483,0.0023190402801311905,0.23595505617977527,False,0.2083333333333333,0.2532894736842105,10
m_276450__14193134__18957698__28201338,CN(CCC1CCN(CC1)C2=NC=NC3=C2C=NN3)C(=O)[C@H]4CCCCN4C,6.038674165620642,6.219533336244572,5.857814994996712,0.36171834124785995,0.25274725274725274,False,0.1770833333333333,0.2313167259786477,11
s_527__9192286__155628,CC1=NC2=CC=CC=C2C(=C1CC(=O)N3CCN(CC3)C4=CN=CC5=CC=CC=C45)C,6.038414463065177,5.955854376528029,6.120974549602326,0.16512017307429705,0.3253012048192771,False,0.1612903225806451,0.2080536912751678,11
m_276450__14192936__27811214__28201464,CC(CN1CCCCC1)C(=O)NCC2CCN(CC2)C3=NC=NC4=C3NC=C4,6.03801220532405,5.9904394562985654,6.085584954349535,0.09514549805096983,0.2808988764044944,False,0.1894736842105263,0.2264808362369338,12
m_276450__27869474__14200236__28204284,CC1=C(CCCO1)C(=O)N2CC[C@@H](C2)N3CCN(CC3)C4=NC=NC5=CC=NN45,6.037855040920405,6.089389626721335,5.9863204551194755,0.10306917160185947,0.18478260869565216,False,0.1470588235294117,0.2245508982035928,12
m_276450__27869470__14200316__28201854,CC1OCCCC1C(=O)N2CC[C@H](C2)N3CCN(CC3)C4=NC=NC5=C4SC=N5,6.036833199561998,6.113993311992697,5.959673087131298,0.15432022486139907,0.18478260869565216,False,0.1764705882352941,0.2452830188679245,12
s_270004__9085932__24596084,CCN1C=CN=C(C1=O)N2CCC(CC2)NCC3=C(C4=C(C=C3)CCCC4)O,6.035801317671991,6.095681785766573,5.975920849577409,0.11976093618916384,0.2159090909090909,False,0.15,0.2548387096774193,12
m_276450__14193134__14200236__28201464,CC1=C(CCCO1)C(=O)N(C)CCC2CCN(CC2)C3=NC=NC4=C3NC=C4,6.035563036469302,5.9997582886758405,6.071367784262763,0.0716094955869222,0.21428571428571427,False,0.2061855670103092,0.2445820433436532,11
m_276450__18755804__27801806__28204286,CC1CCCCN1CC(=O)NCCN2CCN(CC2)C3=NC=CC4=CN=CN34,6.034954817784443,6.103175872671724,5.966733762897162,0.13644210977456162,0.2857142857142857,False,0.14,0.1745454545454545,12
s_22__24035806__9475876,CC1=NC2=CC=CC=C2C(=C1C(=O)N3CCN(CC3)C4=NC=NC5=C4C=CS5)C,6.0346337051650245,5.890846393588742,6.178421016741306,0.28757462315256443,0.30952380952380953,False,0.2391304347826087,0.2426035502958579,11
m_276450__27869470__27795172__28201338,CC1CCCC=C1C(=O)N2CC[C@H](C2)N3CCN(CC3)C4=NC=NC5=C4C=NN5,6.034358799514825,6.146532701365253,5.922184897664397,0.22434780370085594,0.23863636363636365,False,0.19,0.29,12
m_276450__18755804__14201692__28201534,CCC1CCCCC1C(=O)NCCN2CCN(CC2)C3=NC=NC4=C3OC=C4,6.033769256937054,6.035932426899602,6.031606086974507,0.004326339925095013,0.32558139534883723,False,0.1979166666666666,0.2508474576271186,10
m_276450__14193364__27785454__28201464,CCN(CC1CCN(CC1)C2=NC=NC3=C2NC=C3)C(=O)C4=C(CCOC4)C,6.033668143780794,5.985777767011193,6.081558520550395,0.09578075353920212,0.21428571428571427,False,0.19,0.2724358974358974,12
m_276450__14193134__14200110__18957688,CN(CCC1CCN(CC1)C2=NC=NC3=C2C=CS3)C(=O)CC4CCOCC4,6.033340461820802,6.111921057479973,5.9547598661616306,0.15716119131834283,0.22988505747126436,False,0.2222222222222222,0.281786941580756,12
m_276450__18955116__14206714__18955122,CN1CCCC[C@H]1C(=O)N2CCC3(CC2)CCN(CC3)C4=NC=NC5=C4N=CN5,6.03317943251661,6.098602927875849,5.967755937157372,0.13084699071847705,0.2111111111111111,False,0.1632653061224489,0.2186379928315412,12
s_11__22180642__4914472,CC(OC1CCCCC1)C(=O)NCC2CCN(CC2)C3=NC=NC4=C3C=CN4,6.032870343234,6.093858219019623,5.971882467448377,0.12197575157124607,0.25555555555555554,False,0.1632653061224489,0.1815181518151815,11
s_240690__24674464__10972482,NC(CC1CCCCC1)C(=O)NCC2CCN(CC2)C3=NC=NC4=C3C=CN4,6.032037062317815,6.073398002395857,5.990676122239773,0.08272188015608428,0.26436781609195403,False,0.15625,0.2150537634408602,12
s_240690__24674464__14038880,N[C@@H](CC1CCCCC1)C(=O)NCC2CCN(CC2)C3=NC=NC4=C3C=CN4,6.032037062317815,6.073398002395857,5.990676122239773,0.08272188015608428,0.26436781609195403,False,0.15625,0.2150537634408602,12
s_240690__24674464__18333788,N[C@H](CC1CCCCC1)C(=O)NCC2CCN(CC2)C3=NC=NC4=C3C=CN4,6.032037062317815,6.073398002395857,5.990676122239773,0.08272188015608428,0.26436781609195403,False,0.15625,0.2150537634408602,12
m_276450__14193098__14204930__14155830,O=C(NCCC1CCN(CC1)C2=NC=NC3=C2N=CS3)C4=C5CCCCC5=NO4,6.031775021367246,6.020575247231401,6.042974795503092,0.022399548271691216,0.24468085106382978,False,0.19,0.2151898734177215,12
m_276450__14193364__18957698__14214582,CCN(CC1CCN(CC1)C2=NC=NC3=C2SC=C3)C(=O)[C@H]4CCCCN4C,6.031265614190735,6.176445121347397,5.886086107034074,0.29035901431332345,0.26373626373626374,False,0.2083333333333333,0.273037542662116,12
m_276450__27869470__14202220__14214378,CC1CCCCC1C(=O)N2CC[C@H](C2)N3CCN(CC3)C4=NC=NC5=C4CCC5,6.031161183965773,6.1586553081168764,5.90366705981467,0.25498824830220634,0.1978021978021978,False,0.1443298969072164,0.2253968253968254,12
m_276450__18755804__14204356__28201338,CCN1CCOCC1C(=O)NCCN2CCN(CC2)C3=NC=NC4=C3C=NN4,6.031012122367642,6.094042270860821,5.967981973874463,0.126060296986358,0.30337078651685395,False,0.1938775510204081,0.2033333333333333,11
s_11__22169690__115783,CC1=NC2=NC=NN2C(=C1CC(=O)N3CCN(CC3)C4=CN=CC5=NC=NN45)C,6.03099780549247,5.942065657612015,6.119929953372925,0.17786429576090956,0.2222222222222222,False,0.1368421052631579,0.1643835616438356,11
s_240690__7402370__14390754,O=C(NC1CCN(CC1)C2=C3N=CN=C3N=CN2)C4=C(C5=C(CCNC5)N=C4)O,6.03015632294094,6.150522195066211,5.9097904508156684,0.24073174425054233,0.19148936170212766,False,0.0892857142857142,0.1839378238341968,12
m_276450__18955116__27794768__28201338,O=C(C1=C(CCOC1)Cl)N2CCC3(CC2)CCN(CC3)C4=NC=NC5=C4C=NN5,6.029156616406109,6.038588951536,6.019724281276217,0.018864670259783445,0.22093023255813954,False,0.1855670103092783,0.2628205128205128,12
m_276450__27869470__14200236__28201338,CC1=C(CCCO1)C(=O)N2CC[C@H](C2)N3CCN(CC3)C4=NC=NC5=C4C=NN5,6.028934146203274,6.070767703304572,5.987100589101976,0.08366711420259598,0.24719101123595505,False,0.2222222222222222,0.2676923076923077,11
s_22__15608426__9475876,CC1=NC2=CC=CC=C2C(=C1C(=O)N3CCN(CC3)C4=C5C=CN=C5NC=N4)C,6.028713264438691,5.764600755302647,6.292825773574735,0.5282250182720878,0.26666666666666666,False,0.1274509803921568,0.1900584795321637,12
m_276450__14193098__27790956__28201338,CO[C@H]1CCCC[C@@H]1C(=O)NCCC2CCN(CC2)C3=NC=NC4=C3C=NN4,6.027430984632145,6.031812263904172,6.023049705360119,0.008762558544052723,0.26666666666666666,False,0.16,0.1966101694915254,11
m_276450__27869470__27797300__28204286,O=C(C1=C(CCCC1)Cl)N2CC[C@H](C2)N3CCN(CC3)C4=NC=CC5=CN=CN45,6.026793757762615,6.150054544814555,5.903532970710674,0.2465215741038813,0.20224719101123595,False,0.1414141414141414,0.2524590163934426,10
s_22__16803922__20050984,O=C(NCC1CCN(CC1)C2=NC=NC3=C2C=CN3)[C@@H](O)CC4CCCCC4,6.026711546206255,6.132448743555221,5.920974348857289,0.21147439469793206,0.27906976744186046,False,0.15625,0.1937716262975778,12
s_22__16803922__9280192,O=C(NCC1CCN(CC1)C2=NC=NC3=C2C=CN3)C(O)CC4CCCCC4,6.026711546206255,6.132448743555221,5.920974348857289,0.21147439469793206,0.27906976744186046,False,0.15625,0.1937716262975778,12
s_22__16803922__20826202,O=C(NCC1CCN(CC1)C2=NC=NC3=C2C=CN3)[C@H](O)CC4CCCCC4,6.026711546206255,6.132448743555221,5.920974348857289,0.21147439469793206,0.27906976744186046,False,0.15625,0.1937716262975778,12
m_276450__27869474__14200316__28201464,CC1OCCCC1C(=O)N2CC[C@@H](C2)N3CCN(CC3)C4=NC=NC5=C4NC=C5,6.026030837435192,6.045682149532607,6.006379525337777,0.039302624194830216,0.20833333333333334,False,0.1553398058252427,0.2612903225806451,12
m_276450__18755804__27782786__18955122,O=C(NCCN1CCN(CC1)C2=NC=NC3=C2N=CN3)C4CCCN5C4CCC5,6.025679418943911,6.023496516394571,6.0278623214932505,0.004365805098679232,0.30952380952380953,False,0.1894736842105263,0.2222222222222222,12
m_276450__14193134__14206930__28204286,CN(CCC1CCN(CC1)C2=NC=CC3=CN=CN23)C(=O)C4CCCCN4C,6.025295025774433,6.2153761916970955,5.8352138598517715,0.380162331845324,0.22988505747126436,False,0.1111111111111111,0.1899641577060931,11
m_276450__14193134__14200296__18957688,CN(CCC1CCN(CC1)C2=NC=NC3=C2C=CS3)C(=O)CC4OCCCO4,6.024927800589255,6.04901794019336,6.000837660985151,0.04818027920820889,0.22727272727272727,False,0.2307692307692307,0.2905405405405405,12
s_11__22180642__4914906,CC(CC1CCCCC1)C(=O)NCC2CCN(CC2)C3=NC=NC4=C3C=CN4,6.024725915079287,6.069518244768728,5.979933585389845,0.08958465937888338,0.26136363636363635,False,0.1684210526315789,0.2014388489208633,11
s_22__16803922__13948432,C[C@H](CC1CCCCC1)C(=O)NCC2CCN(CC2)C3=NC=NC4=C3C=CN4,6.024725915079287,6.069518244768728,5.979933585389845,0.08958465937888338,0.26136363636363635,False,0.1684210526315789,0.2014388489208633,11
m_2430__26895820__22576782,O=C(NC1=CC2=C(CCCC2)N=C1Cl)N3CC=C(CC3)C4=CC=NC5=C4C=CN5,6.023815350647533,6.189084426229937,5.85854627506513,0.33053815116480667,0.2261904761904762,False,0.1401869158878504,0.2010178117048346,10
m_276450__14193098__14203984__18957688,CCCC1CCCC1C(=O)NCCC2CCN(CC2)C3=NC=NC4=C3C=CS4,6.021989864211109,6.046887975984793,5.997091752437426,0.04979622354736701,0.26666666666666666,False,0.2210526315789473,0.2872340425531915,10
s_11__24395822__22272908,O=C1OC2=CC=CC=C2C=C1CC(=O)N3CCN(CC3)C4=NC=NC5=C4C=CS5,6.021658435003889,6.0461062614142,5.997210608593579,0.04889565282062058,0.3,False,0.2391304347826087,0.3189655172413793,12
m_276450__27869470__27794768__28204286,O=C(C1=C(CCOC1)Cl)N2CC[C@H](C2)N3CCN(CC3)C4=NC=CC5=CN=CN45,6.021426225139803,6.145292293050109,5.8975601572294964,0.2477321358206126,0.18085106382978725,False,0.1153846153846153,0.2564102564102564,11
m_276450__27869470__14200236__14155830,CC1=C(CCCO1)C(=O)N2CC[C@H](C2)N3CCN(CC3)C4=NC=NC5=C4N=CS5,6.02073423743386,6.070501442303573,5.970967032564148,0.09953440973942485,0.17204301075268819,False,0.2346938775510204,0.2920353982300885,10
m_276450__14193134__27808288__14155830,CN(CCC1CCN(CC1)C2=NC=NC3=C2N=CS3)C(=O)C4CCCCC4O,6.020172717933525,6.073179167163744,5.967166268703306,0.10601289846043827,0.20930232558139536,False,0.1752577319587628,0.2168284789644013,10
m_276450__18755804__27782786__28204286,O=C(NCCN1CCN(CC1)C2=NC=CC3=CN=CN23)C4CCCN5C4CCC5,6.0195777306238085,6.066673782471566,5.97248167877605,0.09419210369551667,0.29069767441860467,False,0.1212121212121212,0.1875,12
m_276450__18955116__27798274__14155830,O=C([C@@H]1CCCC[C@H]1O)N2CCC3(CC2)CCN(CC3)C4=NC=NC5=C4N=CS5,6.019183498899446,6.06077045404534,5.9775965437535525,0.08317391029178722,0.17582417582417584,False,0.1649484536082474,0.2168284789644013,11
m_276450__18955116__27784680__14155830,O=C([C@H]1CCCC[C@@H]1O)N2CCC3(CC2)CCN(CC3)C4=NC=NC5=C4N=CS5,6.019183498899446,6.06077045404534,5.9775965437535525,0.08317391029178722,0.17582417582417584,False,0.1649484536082474,0.2168284789644013,11
s_2708__23827838__17548094,CN(CC1CCOCC1)C(=O)NCC2CCN(CC2)C3=NC=NC4=C3C=CN4,6.018836721802064,5.992072607947273,6.045600835656853,0.0535282277095801,0.25555555555555554,False,0.1530612244897959,0.1830508474576271,12
m_276450__14193272__27809982__28201534,CCCN1CCCCC1C(=O)NCCC2CCN(C2)C3=NC=NC4=C3OC=C4,6.018205002146928,6.0919843293151885,5.9444256749786675,0.14755865433652104,0.25,False,0.1553398058252427,0.26,12
s_270004__23845418__14589964,C1=NC2=NC=NC2=C(N1)N3CCC(CC3)NCC4=CC=C5CCOCC5=C4,6.018130140364962,6.140903312032213,5.895356968697711,0.2455463433345022,0.18947368421052632,False,0.0970873786407767,0.16,11
m_276450__18755804__27784860__28204286,O=C(C[C@H]1CCCC[C@@H]1O)NCCN2CCN(CC2)C3=NC=CC4=CN=CN34,6.017376428382003,6.095405355298021,5.939347501465986,0.15605785383203497,0.2727272727272727,False,0.1188118811881188,0.1789473684210526,12
m_276450__18755804__27785122__28204286,O=C(C[C@@H]1CCCC[C@H]1O)NCCN2CCN(CC2)C3=NC=CC4=CN=CN34,6.017376428382003,6.095405355298021,5.939347501465986,0.15605785383203497,0.2727272727272727,False,0.1188118811881188,0.1789473684210526,12
m_276450__14193098__27786258__28204286,O=C(NCCC1CCN(CC1)C2=NC=CC3=CN=CN23)C4CCCC5=C4N=CS5,6.0172673087107595,6.057258127171265,5.977276490250254,0.07998163692101024,0.21505376344086022,False,0.1037735849056603,0.1777777777777777,11
m_276450__27869474__27810424__28204286,CC1=C(SCCO1)C(=O)N2CC[C@@H](C2)N3CCN(CC3)C4=NC=CC5=CN=CN45,6.015302298066521,6.091674371162802,5.938930224970239,0.15274414619256316,0.19148936170212766,False,0.1238095238095238,0.2125748502994012,12
s_11__29610992__22272842,CC1=NC2=NC=CC=C2C=C1CC(=O)N3CCN(CC3)C4=NC=NC5=C4C=NN5,6.015150458303506,6.017000700872483,6.013300215734529,0.003700485137954068,0.29545454545454547,False,0.173469387755102,0.1857142857142857,12
m_276450__27869474__14202220__28201338,CC1CCCCC1C(=O)N2CC[C@@H](C2)N3CCN(CC3)C4=NC=NC5=C4C=NN5,6.015084478140398,6.113216910252098,5.916952046028699,0.19626486422339884,0.23809523809523808,False,0.1717171717171717,0.2412587412587412,11
m_276450__18755804__27784776__14214378,O=CN1CCOCC1C(=O)NCCN2CCN(CC2)C3=NC=NC4=C3CCC4,6.014798031717357,6.087284917815687,5.942311145619026,0.14497377219666063,0.3,False,0.1752577319587628,0.2048929663608562,12
m_276450__14193364__14206930__28201464,CCN(CC1CCN(CC1)C2=NC=NC3=C2NC=C3)C(=O)C4CCCCN4C,6.014082040651228,6.1009148114463585,5.927249269856098,0.17366554159026037,0.26373626373626374,False,0.16,0.2569444444444444,12
m_276450__14193272__27784696__18941674,[N-]=[N+]=N[C@H]1CCCC[C@H]1C(=O)NCCC2CCN(C2)C3=NC=NN4C3=CC=C4,6.014020114334332,6.171464658748149,5.856575569920515,0.3148890888276341,0.23469387755102042,False,0.0825688073394495,0.2292993630573248,12
m_276450__18955116__14202220__28201534,CC1CCCCC1C(=O)N2CCC3(CC2)CCN(CC3)C4=NC=NC5=C4OC=C5,6.013485281562065,5.993921363611051,6.03304919951308,0.03912783590202906,0.2111111111111111,False,0.1546391752577319,0.2147651006711409,12
m_276450__14193098__27784696__28204332,CC1=NC2=NC=CN2C(=C1)N3CCC(CC3)CCNC(=O)[C@H]4CCCC[C@H]4N=[N+]=[N-],6.012557221673035,6.060897343807576,5.9642170995384935,0.0966802442690824,0.23076923076923078,False,0.1121495327102803,0.1993464052287581,11
m_276450__14193098__27782064__14214378,CO[C@H]1CCCC[C@H]1C(=O)NCCC2CCN(CC2)C3=NC=NC4=C3CCC4,6.0124356716571,6.038858392701348,5.986012950612851,0.05284544208849695,0.25555555555555554,False,0.1313131313131313,0.1820987654320987,12
s_270004__23845418__12905998,COCC1=C(C=C(C(=C1C)CNC2CCN(CC2)C3=C4N=CN=C4N=CN3)C)C,6.012246311378992,6.030807370846132,5.993685251911852,0.03712211893427941,0.18604651162790697,False,0.1057692307692307,0.1722054380664652,11
m_276450__18755804__27782786__28201338,O=C(NCCN1CCN(CC1)C2=NC=NC3=C2C=NN3)C4CCCN5C4CCC5,6.012069114381241,6.084653200203636,5.939485028558845,0.1451681716447908,0.3373493975903614,False,0.202127659574468,0.2336769759450171,12
m_276450__18955116__27808288__28201338,O=C(C1CCCCC1O)N2CCC3(CC2)CCN(CC3)C4=NC=NC5=C4C=NN5,6.011065661538899,6.072698964115784,5.949432358962013,0.12326660515377075,0.23170731707317074,False,0.1530612244897959,0.1951219512195122,12
s_22__3225174__8750606,O=C(NC1CCN(CC1)C2=C3N=CN=C3N=CN2)C4=C(C5=C(C=C4)CCCC5)O,6.00801001567143,6.020448820600394,5.995571210742466,0.02487760985792775,0.22988505747126436,False,0.1142857142857142,0.1972222222222222,12
s_11__22180642__26276014,CC(CN1CCCCC1)C(=O)NCC2CCN(CC2)C3=NC=NC4=C3C=CN4,6.007251464321366,6.02893427266673,5.985568655976003,0.04336561669072658,0.2727272727272727,False,0.202127659574468,0.2057761732851985,11
s_11__22169690__22272842,CC1=NC2=NC=CC=C2C=C1CC(=O)N3CCN(CC3)C4=CN=CC5=NC=NN45,6.006627646412094,6.006284184015852,6.006971108808334,0.000686924792481669,0.2558139534883721,False,0.1274509803921568,0.1639784946236559,12
m_275592__14114834__18923578__25326696,C=CN1N=NC=C1C(=O)N2CCC(CC2)CCNC(=O)[C@H]3CCCC[C@H]3N=[N+]=[N-],6.006365167988129,6.115090676563721,5.897639659412536,0.21745101715118498,0.22105263157894736,False,0.1047619047619047,0.1627118644067796,12
m_276450__14193098__14200608__28201338,O=C(CN1CCCCC1=O)NCCC2CCN(CC2)C3=NC=NC4=C3C=NN4,6.006076387131438,6.100707497903003,5.911445276359874,0.189262221543129,0.25274725274725274,False,0.1855670103092783,0.2261484098939929,12
s_2430__22523656__28470156,CC1=NC2=CC=CC=C2C=C1NC(=O)N3CCN(CC3)C4=CC=CC5=C4OC=C5,6.005141906660765,5.992256583680442,6.018027229641088,0.025770645960646377,0.32051282051282054,False,0.2,0.2079207920792079,11
m_276450__14193134__18957698__18955122,CN(CCC1CCN(CC1)C2=NC=NC3=C2N=CN3)C(=O)[C@H]4CCCCN4C,6.004449687461519,6.134396812616708,5.87450256230633,0.25989425031037783,0.23529411764705882,False,0.1649484536082474,0.2186379928315412,11
m_276450__14193134__14200074__18251492,CN(CCC1CCN(CC1)C2=NC=NC3=C2C=CN3)C(=O)CC4=CCCCC4,6.003574328441183,6.10380291593138,5.903345740950987,0.20045717498039295,0.2247191011235955,False,0.1875,0.2226027397260274,11
m_276450__14192936__27800512__18941674,CC(OC1CCCCC1)C(=O)NCC2CCN(CC2)C3=NC=NN4C3=CC=C4,6.003338392922458,6.14422709922435,5.862449686620566,0.28177741260378397,0.25,False,0.0970873786407767,0.2049689440993788,12
m_276450__14193134__27808288__18941674,CN(CCC1CCN(CC1)C2=NC=NN3C2=CC=C3)C(=O)C4CCCCC4O,6.001987104761356,6.159927674694883,5.844046534827829,0.315881139867054,0.23255813953488372,False,0.099009900990099,0.2098360655737705,11
s_27__16803670__27424172,N#CC1=C2CCCCC2=CN=C1NCC3CCN(CC3)C4=NC=NC5=C4C=CN5,6.001291302086976,6.216664990404696,5.785917613769255,0.4307473766354404,0.2247191011235955,False,0.116504854368932,0.1965811965811965,11
m_276450__14193098__27809982__28201534,CCCN1CCCCC1C(=O)NCCC2CCN(CC2)C3=NC=NC4=C3OC=C4,6.001017340199175,6.105105405954419,5.896929274443931,0.20817613151048864,0.26881720430107525,False,0.1584158415841584,0.2474916387959866,11
m_276450__14193272__27809982__28201338,CCCN1CCCCC1C(=O)NCCC2CCN(C2)C3=NC=NC4=C3C=NN4,6.000278409579854,6.16221828477586,5.8383385343838485,0.32387975039201145,0.24210526315789474,False,0.1666666666666666,0.2446808510638297,12
m_276450__14193134__27795172__28201338,CC1CCCC=C1C(=O)N(C)CCC2CCN(CC2)C3=NC=NC4=C3C=NN4,5.999862897099128,6.054108704386128,5.945617089812126,0.10849161457400225,0.22727272727272727,False,0.1836734693877551,0.2542955326460481,12
m_276450__14193134__27794768__18251492,CN(CCC1CCN(CC1)C2=NC=NC3=C2C=CN3)C(=O)C4=C(CCOC4)Cl,5.998793900179243,6.056099104870083,5.941488695488403,0.11461040938167955,0.24719101123595505,False,0.1938775510204081,0.2621359223300971,10
m_276450__14193134__27794768__28201534,CN(CCC1CCN(CC1)C2=NC=NC3=C2OC=C3)C(=O)C4=C(CCOC4)Cl,5.99713715879586,6.048046871351723,5.946227446239999,0.10181942511172348,0.23333333333333334,False,0.1836734693877551,0.2774390243902439,11
m_276450__14193364__27795172__18251492,CCN(CC1CCN(CC1)C2=NC=NC3=C2C=CN3)C(=O)C4=CCCCC4C,5.996858982753339,5.971110217703634,6.022607747803043,0.05149753009940916,0.22105263157894736,False,0.18,0.259515570934256,12
m_276450__14192936__27811214__18941674,CC(CN1CCCCC1)C(=O)NCC2CCN(CC2)C3=NC=NN4C3=CC=C4,5.996083398756384,6.087721760563354,5.904445036949414,0.18327672361393965,0.26666666666666666,False,0.1313131313131313,0.2255892255892256,12
m_276450__14193098__27784696__18783642,CC1=NNC2=NC=NC(=C12)N3CCC(CC3)CCNC(=O)[C@H]4CCCC[C@H]4N=[N+]=[N-],5.995327525519499,6.086789944080939,5.903865106958058,0.1829248371228811,0.24175824175824176,False,0.1428571428571428,0.2064516129032258,12
s_27__16803670__15704084,N#CC1=C2CCCCC2=NN=C1NCC3CCN(CC3)C4=NC=NC5=C4C=CN5,5.995168487162733,6.179826546119881,5.810510428205584,0.3693161179142974,0.2247191011235955,False,0.116504854368932,0.2005420054200542,10
s_270004__23845418__7548594,CCCOC1=CC=C(C(=C1)O)CNC2CCN(CC2)C3=C4N=CN=C4N=CN3,5.994395875069358,5.9316177486704476,6.057174001468269,0.12555625279782134,0.2159090909090909,False,0.1018518518518518,0.1796407185628742,12
m_276450__27869470__27798274__28204286,O=C([C@@H]1CCCC[C@H]1O)N2CC[C@H](C2)N3CCN(CC3)C4=NC=CC5=CN=CN45,5.993854129457526,6.107649859375785,5.880058399539268,0.22759145983651674,0.18181818181818182,False,0.087378640776699,0.1958762886597938,11
s_2708__12644124__23005518,O=C(NCC1=CC2=C(CCCC2)N=C1O)NNC(=O)C3=CC=CC4=C3C=CN4,5.992836451334409,6.1184962482544245,5.867176654414393,0.2513195938400319,0.23255813953488372,False,0.13,0.1466666666666666,12
m_276450__14193134__14200248__18955122,CN(CCC1CCN(CC1)C2=NC=NC3=C2N=CN3)C(=O)C4COCCN4C,5.99228510431271,6.109293829637615,5.875276378987807,0.23401745064980783,0.22727272727272727,False,0.1386138613861386,0.2166666666666666,12
m_276450__14193134__27784680__18251492,CN(CCC1CCN(CC1)C2=NC=NC3=C2C=CN3)C(=O)[C@H]4CCCC[C@@H]4O,5.992013799202107,6.058091726669038,5.925935871735176,0.1321558549338615,0.23529411764705882,False,0.1649484536082474,0.1881533101045296,10
m_276450__14193134__27781992__28204284,CN(CCC1CCN(CC1)C2=NC=NC3=CC=NN23)C(=O)C4CCCCC4F,5.99137403943417,6.124563174967463,5.858184903900877,0.2663782710665856,0.21839080459770116,False,0.099009900990099,0.1543624161073825,12
m_276450__14193134__14202220__18251492,CC1CCCCC1C(=O)N(C)CCC2CCN(CC2)C3=NC=NC4=C3C=CN4,5.9908936719874895,6.051819009256535,5.929968334718443,0.12185067453809229,0.23809523809523808,False,0.1666666666666666,0.1899641577060931,10
m_276450__27869470__27788150__28201534,C[C@H]1OCCC[C@H]1C(=O)N2CC[C@H](C2)N3CCN(CC3)C4=NC=NC5=C4OC=C5,5.990619545800687,6.013695737594732,5.967543354006642,0.04615238358809037,0.2087912087912088,False,0.1568627450980392,0.265625,12
m_276450__27869470__14200316__28201534,CC1OCCCC1C(=O)N2CC[C@H](C2)N3CCN(CC3)C4=NC=NC5=C4OC=C5,5.990619545800687,6.013695737594732,5.967543354006642,0.04615238358809037,0.2087912087912088,False,0.1568627450980392,0.265625,12
m_276450__14193134__14200236__14155830,CC1=C(CCCO1)C(=O)N(C)CCC2CCN(CC2)C3=NC=NC4=C3N=CS4,5.987643459408769,6.002613819449929,5.972673099367609,0.02994072008231985,0.1978021978021978,False,0.2291666666666666,0.2552552552552553,10
s_2708__23827838__11985584,CN(CC1COCCO1)C(=O)NCC2CCN(CC2)C3=NC=NC4=C3C=CN4,5.987358543693501,5.949527844537639,6.025189242849365,0.07566139831172602,0.24210526315789474,False,0.15,0.1941747572815534,12
m_276450__27869470__27785454__28204286,CC1=C(COCC1)C(=O)N2CC[C@H](C2)N3CCN(CC3)C4=NC=CC5=CN=CN45,5.987078529279834,6.089276435814774,5.884880622744893,0.20439581306988153,0.1935483870967742,False,0.1372549019607843,0.2435064935064935,11
m_276450__27869470__14202220__28204286,CC1CCCCC1C(=O)N2CC[C@H](C2)N3CCN(CC3)C4=NC=CC5=CN=CN45,5.987068774100798,6.107390717827722,5.866746830373874,0.24064388745384857,0.18085106382978725,False,0.0980392156862745,0.1943462897526501,11
s_240690__24674464__12529766,NC(CN1CCCCC1)C(=O)NCC2CCN(CC2)C3=NC=NC4=C3C=CN4,5.986731834131703,6.049549628880645,5.92391403938276,0.12563558949788511,0.27586206896551724,False,0.1894736842105263,0.2194244604316546,12
m_276450__14193134__27798274__28204284,CN(CCC1CCN(CC1)C2=NC=NC3=CC=NN23)C(=O)[C@@H]4CCCC[C@H]4O,5.985028078362275,6.0656871090853315,5.904369047639217,0.1613180614461145,0.22093023255813954,False,0.099009900990099,0.1559322033898305,12
s_207__26105178__27080120,CCOC1=CC=CC(=N1)N2CCC(CC2)NCC3=CC4=C(C=C3C)OCCO4,5.984740677901479,5.902887440515107,6.066593915287851,0.16370647477274414,0.2159090909090909,False,0.1020408163265306,0.1809523809523809,12
s_240690__24674464__13975276,NC(CC1CCCCO1)C(=O)NCC2CCN(CC2)C3=NC=NC4=C3C=CN4,5.984627000335562,6.000706250550415,5.968547750120709,0.03215850042970647,0.24731182795698925,False,0.1470588235294117,0.22,12
s_271302__25409304__25926038,CC1=C(C=CC2=C1CCNC2)CNC3CCN(CC3)C4=C5N=CN=C5N=CN4,5.984542320911146,6.081546729130468,5.887537912691824,0.19400881643864398,0.19148936170212766,False,0.0961538461538461,0.1736526946107784,11
m_276450__27869474__27785808__18955122,O=C([C@H]1CCCC[C@H]1O)N2CC[C@@H](C2)N3CCN(CC3)C4=NC=NC5=C4N=CN5,5.983823796732581,6.028455653381647,5.939191940083515,0.08926371329813154,0.1956521739130435,False,0.1485148514851485,0.2310344827586206,11
s_2430__27548240__28470156,CC1=CC2=C(C=C1NC(=O)N3CCN(CC3)C4=CC=CC5=C4OC=C5)OCCO2,5.983271869884472,5.99075540334608,5.9757883364228634,0.014967066923216699,0.26744186046511625,False,0.2065217391304347,0.2163934426229508,10
m_276450__27869474__27788150__18251492,C[C@H]1OCCC[C@H]1C(=O)N2CC[C@@H](C2)N3CCN(CC3)C4=NC=NC5=C4C=CN5,5.983047590774364,6.046413411625491,5.919681769923236,0.12673164170225526,0.21875,False,0.1666666666666666,0.2450331125827814,11
m_276450__27869474__14200316__18251492,CC1OCCCC1C(=O)N2CC[C@@H](C2)N3CCN(CC3)C4=NC=NC5=C4C=CN5,5.983047590774364,6.046413411625491,5.919681769923236,0.12673164170225526,0.21875,False,0.1666666666666666,0.2450331125827814,11
m_276450__14193098__27782064__18955122,CO[C@H]1CCCC[C@H]1C(=O)NCCC2CCN(CC2)C3=NC=NC4=C3N=CN4,5.982788525015034,5.95254708709749,6.0130299629325785,0.06048287583508838,0.24175824175824176,False,0.1485148514851485,0.1836734693877551,11
s_2430__22522772__28470156,CC1=C(C=NC2=CC=CC=C12)NC(=O)N3CCN(CC3)C4=CC=CC5=C4OC=C5,5.982172059197098,5.953144463053946,6.01119965534025,0.058055192286303736,0.358974358974359,False,0.1979166666666666,0.2066666666666666,12
s_2708__23827838__913252,CN(CC1CCCCC1)C(=O)NCC2CCN(CC2)C3=NC=NC4=C3C=CN4,5.981518453152014,6.004040443725273,5.958996462578755,0.04504398114651842,0.26136363636363635,False,0.1666666666666666,0.1853146853146853,11
s_27__16803670__335080,CC1=NC2=CC=CC=C2N=C1NCC3CCN(CC3)C4=NC=NC5=C4C=CN5,5.981007783486739,6.088200230280642,5.873815336692834,0.2143848935878081,0.27058823529411763,False,0.1368421052631579,0.1867088607594936,12
s_27__16803670__11243714,C1=CC2=C(N1)N=CN=C2N3CCC(CC3)CNC4=CN=C5CCCCC5=N4,5.97972936614279,6.09475733707166,5.864701395213919,0.23005594185774125,0.21686746987951808,False,0.125,0.1706586826347305,9
m_276450__14193098__14205232__18941674,CCN1CCCCC1C(=O)NCCC2CCN(CC2)C3=NC=NN4C3=CC=C4,5.979674848190962,6.129834482809552,5.829515213572371,0.300319269237181,0.24731182795698925,False,0.1067961165048543,0.2441471571906354,11
m_276450__27869470__14200316__18941674,CC1OCCCC1C(=O)N2CC[C@H](C2)N3CCN(CC3)C4=NC=NN5C4=CC=C5,5.979333938953279,6.122688153089653,5.835979724816905,0.2867084282727479,0.20652173913043478,False,0.0943396226415094,0.2633228840125391,12
m_276450__27869474__27788150__18941674,C[C@H]1OCCC[C@H]1C(=O)N2CC[C@@H](C2)N3CCN(CC3)C4=NC=NN5C4=CC=C5,5.979333938953279,6.122688153089653,5.835979724816905,0.2867084282727479,0.20652173913043478,False,0.0943396226415094,0.2633228840125391,12
m_276450__14193364__14206930__18251492,CCN(CC1CCN(CC1)C2=NC=NC3=C2C=CN3)C(=O)C4CCCCN4C,5.979240657530731,6.0929179618939795,5.865563353167483,0.22735460872649682,0.26666666666666666,False,0.1717171717171717,0.2365591397849462,11
m_276450__14193134__27785808__14214378,CN(CCC1CCN(CC1)C2=NC=NC3=C2CCC3)C(=O)[C@H]4CCCC[C@H]4O,5.978336464470919,6.116808587046209,5.83986434189563,0.27694424515057836,0.23809523809523808,False,0.1354166666666666,0.180379746835443,12
m_276450__27869474__27785454__14214378,CC1=C(COCC1)C(=O)N2CC[C@@H](C2)N3CCN(CC3)C4=NC=NC5=C4CCC5,5.977996213518624,6.123900720224481,5.832091706812767,0.29180901341171417,0.19318181818181818,False,0.1958762886597938,0.2603550295857988,12
m_276450__14193134__14202220__28204284,CC1CCCCC1C(=O)N(C)CCC2CCN(CC2)C3=NC=NC4=CC=NN34,5.977990648500558,6.075428071198767,5.880553225802349,0.1948748453964182,0.22093023255813954,False,0.1,0.1557093425605536,12
m_276450__18955116__14202220__28201338,CC1CCCCC1C(=O)N2CCC3(CC2)CCN(CC3)C4=NC=NC5=C4C=NN5,5.975543132594605,6.047624756517489,5.90346150867172,0.1441632478457695,0.24691358024691357,False,0.1649484536082474,0.195729537366548,12
m_276450__14193098__14205232__28201534,CCN1CCCCC1C(=O)NCCC2CCN(CC2)C3=NC=NC4=C3OC=C4,5.974174208074472,6.000876543383773,5.9474718727651705,0.05340467061860288,0.2608695652173913,False,0.16,0.2474916387959866,11
m_276450__14193134__27795172__28204286,CC1CCCC=C1C(=O)N(C)CCC2CCN(CC2)C3=NC=CC4=CN=CN34,5.973124640397619,6.046497362544538,5.8997519182507,0.1467454442938383,0.2111111111111111,False,0.1188118811881188,0.2137931034482758,12
m_276450__14193364__14206930__18941674,CCN(CC1CCN(CC1)C2=NC=NN3C2=CC=C3)C(=O)C4CCCCN4C,5.971761015878325,6.199298808862407,5.744223222894244,0.4550755859681628,0.25,False,0.1078431372549019,0.2541806020066889,12
m_276450__14193098__14205338__18251492,O=C(NCCC1CCN(CC1)C2=NC=NC3=C2C=CN3)C4CCCCC4C5CC5,5.971709626377812,6.060857132444927,5.882562120310698,0.17829501213422905,0.2727272727272727,False,0.15625,0.1899641577060931,11
m_276450__14193098__14205232__14214378,CCN1CCCCC1C(=O)NCCC2CCN(CC2)C3=NC=NC4=C3CCC4,5.970687360204596,6.096654379300672,5.84472034110852,0.251934038192152,0.2441860465116279,False,0.1428571428571428,0.2103559870550161,12
m_276450__14193364__14202220__28201854,CCN(CC1CCN(CC1)C2=NC=NC3=C2SC=N3)C(=O)C4CCCCC4C,5.968555339378832,6.032600701641579,5.904509977116085,0.12809072452549408,0.20930232558139536,False,0.1717171717171717,0.2081911262798634,12
m_276450__14193364__27795172__14155830,CCN(CC1CCN(CC1)C2=NC=NC3=C2N=CS3)C(=O)C4=CCCCC4C,5.968438781199491,5.989910336107643,5.9469672262913384,0.04294310981630467,0.18681318681318682,False,0.19,0.2861736334405145,12
m_276450__14193098__14204356__28201338,CCN1CCOCC1C(=O)NCCC2CCN(CC2)C3=NC=NC4=C3C=NN4,5.968155240851898,6.047002629578584,5.889307852125213,0.15769477745337124,0.24468085106382978,False,0.145631067961165,0.2277227722772277,12
m_276450__14192936__27800512__28201534,CC(OC1CCCCC1)C(=O)NCC2CCN(CC2)C3=NC=NC4=C3OC=C4,5.96778244184318,5.99248370796182,5.943081175724542,0.049402532237277974,0.26666666666666666,False,0.1515151515151515,0.2037037037037037,12
m_276450__14193364__27785454__18941674,CCN(CC1CCN(CC1)C2=NC=NN3C2=CC=C3)C(=O)C4=C(CCOC4)C,5.967299460259708,6.069196370078624,5.865402550440792,0.2037938196378315,0.20202020202020202,False,0.1372549019607843,0.2727272727272727,12
m_276450__14193098__27791440__28204284,CCC1=C(CCCO1)C(=O)NCCC2CCN(CC2)C3=NC=NC4=CC=NN34,5.967225152231031,5.986658466260183,5.94779183820188,0.038866628058302766,0.22916666666666666,False,0.1132075471698113,0.2042682926829268,12
m_276450__27869474__14200236__18955122,CC1=C(CCCO1)C(=O)N2CC[C@@H](C2)N3CCN(CC3)C4=NC=NC5=C4N=CN5,5.965781618649315,5.974453932161109,5.9571093051375215,0.0173446270235873,0.1978021978021978,False,0.21,0.2601880877742947,11
m_276450__14193364__27785454__14155830,CCN(CC1CCN(CC1)C2=NC=NC3=C2N=CS3)C(=O)C4=C(CCOC4)C,5.964517979462652,5.986197475580825,5.942838483344479,0.04335899223634598,0.1875,False,0.2121212121212121,0.2822085889570552,11
s_2430__22523656__22577650,CC1=NC2=CC=CC=C2C=C1NC(=O)N3CCN(CC3)C4=C5C=CN=C5NC=N4,5.964190483714182,5.78637424810761,6.142006719320753,0.35563247121314223,0.2558139534883721,False,0.1274509803921568,0.2041420118343195,12
s_2430__27548240__22576782,CC1=CC2=C(C=C1NC(=O)N3CC=C(CC3)C4=CC=NC5=C4C=CN5)OCCO2,5.963681273264637,5.9480586485339995,5.979303897995274,0.031245249461274938,0.20212765957446807,False,0.1442307692307692,0.225071225071225,12
m_276450__14193134__14200074__28201338,CN(CCC1CCN(CC1)C2=NC=NC3=C2C=NN3)C(=O)CC4=CCCCC4,5.963536457369393,6.107827106802199,5.819245807936587,0.288581298865612,0.2247191011235955,False,0.1855670103092783,0.2286689419795221,12
m_276450__14193364__27785808__18957688,CCN(CC1CCN(CC1)C2=NC=NC3=C2C=CS3)C(=O)[C@H]4CCCC[C@H]4O,5.962488765241379,6.035436867768035,5.889540662714723,0.1458962050533117,0.2391304347826087,False,0.2210526315789473,0.2975778546712803,10
m_276450__14192936__14201338__28201338,C[C@H](CC1CCCCC1)C(=O)NCC2CCN(CC2)C3=NC=NC4=C3C=NN4,5.962279650305922,6.0578859089464,5.866673391665444,0.191212517280956,0.26436781609195403,False,0.1666666666666666,0.2071428571428571,12
m_276450__14192936__14203192__28201534,CC(CC1CCCCC1)C(=O)NCC2CCN(CC2)C3=NC=NC4=C3OC=C4,5.960898229844334,5.965037890543088,5.956758569145581,0.008279321397506756,0.2727272727272727,False,0.1546391752577319,0.2255892255892256,12
m_276450__14193098__14201254__28201534,O=C(NCCC1CCN(CC1)C2=NC=NC3=C2OC=C3)C4=C5CCCCC5=CO4,5.959440448846675,6.014910225992727,5.903970671700623,0.11093955429210389,0.3,False,0.17,0.2096774193548387,12
m_276450__14193134__27785808__28201534,CN(CCC1CCN(CC1)C2=NC=NC3=C2OC=C3)C(=O)[C@H]4CCCC[C@H]4O,5.959345990455041,6.020884584830508,5.897807396079576,0.12307718875093254,0.22580645161290322,False,0.1530612244897959,0.2131147540983606,11
m_276450__14192936__27784696__28204286,[N-]=[N+]=N[C@H]1CCCC[C@H]1C(=O)NCC2CCN(CC2)C3=NC=CC4=CN=CN34,5.9581042352366715,6.119987918734851,5.796220551738493,0.3237673669963579,0.19387755102040816,False,0.0849056603773584,0.1746575342465753,12
m_276450__14193098__14200608__18955122,O=C(CN1CCCCC1=O)NCCC2CCN(CC2)C3=NC=NC4=C3N=CN4,5.957610033877497,6.017726468371467,5.8974935993835285,0.12023286898793817,0.22826086956521738,False,0.173469387755102,0.2142857142857142,12
m_276450__14193098__27785122__14155830,O=C(C[C@@H]1CCCC[C@H]1O)NCCC2CCN(CC2)C3=NC=NC4=C3N=CS4,5.956764978949072,5.974564272117293,5.93896568578085,0.03559858633644275,0.23076923076923078,False,0.16,0.2207792207792207,12
m_276450__14193134__27815118__18251492,CN(CCC1CCN(CC1)C2=NC=NC3=C2C=CN3)C(=O)CN4CCCCC4,5.956292123854691,6.02868023935169,5.8839040083576934,0.1447762309939966,0.25301204819277107,False,0.2087912087912088,0.2145454545454545,12
m_276450__14193364__27808288__28201854,CCN(CC1CCN(CC1)C2=NC=NC3=C2SC=N3)C(=O)C4CCCCC4O,5.952686836561361,6.044467024824645,5.860906648298078,0.18356037652656632,0.20689655172413793,False,0.17,0.2066666666666666,12
s_270004__23845418__17632470,CC1=NC2=CC=CC=C2C=C1CNC3CCN(CC3)C4=C5N=CN=C5N=CN4,5.952241621875464,5.935122071906333,5.969361171844595,0.034239099938261575,0.22727272727272727,False,0.1057692307692307,0.1676470588235294,12
s_270004__23845418__11986782,CCCOC1=CC=C(C(=C1)C)CNC2CCN(CC2)C3=C4N=CN=C4N=CN3,5.951713494873603,5.869790701901329,6.033636287845878,0.16384558594454912,0.21428571428571427,False,0.102803738317757,0.1761194029850746,11
m_276450__14193134__27798274__28201338,CN(CCC1CCN(CC1)C2=NC=NC3=C2C=NN3)C(=O)[C@@H]4CCCC[C@H]4O,5.950492733665582,6.06090075442523,5.840084712905935,0.2208160415192948,0.23529411764705882,False,0.1632653061224489,0.1951219512195122,11
s_22__28465444__6663460,CC1=C(C(=NC2=CC=CC=C12)O)C(=O)N3CCN(CC3)C4=CC=CC5=C4OC=C5,5.949809584658058,5.923360733119283,5.976258436196833,0.05289770307754971,0.37037037037037035,False,0.1979166666666666,0.2038216560509554,12
m_276450__14193134__27785454__28204286,CC1=C(COCC1)C(=O)N(C)CCC2CCN(CC2)C3=NC=CC4=CN=CN34,5.9494264638849295,6.043580994597136,5.855271933172722,0.1883090614244134,0.21978021978021978,False,0.14,0.2225913621262458,11
m_276450__18955116__27785454__18955122,CC1=C(COCC1)C(=O)N2CCC3(CC2)CCN(CC3)C4=NC=NC5=C4N=CN5,5.947675120869503,5.873155415619924,6.022194826119081,0.14903941049915748,0.19540229885057472,False,0.1979166666666666,0.2467105263157894,12
s_270004__23845418__24721074,CC1=C(C=CC2=C1OCCO2)CNC3CCN(CC3)C4=C5N=CN=C5N=CN4,5.946134016868492,5.967929125789799,5.9243389079471855,0.0435902178426133,0.16853932584269662,False,0.0952380952380952,0.1820809248554913,12
m_276450__14193098__27790956__28204286,CO[C@H]1CCCC[C@@H]1C(=O)NCCC2CCN(CC2)C3=NC=CC4=CN=CN34,5.945295636138651,5.991951521863557,5.898639750413745,0.0933117714498124,0.23255813953488372,False,0.0961538461538461,0.1559322033898305,11
m_276450__14193098__27782064__28204286,CO[C@H]1CCCC[C@H]1C(=O)NCCC2CCN(CC2)C3=NC=CC4=CN=CN34,5.945295636138651,5.991951521863557,5.898639750413745,0.0933117714498124,0.23255813953488372,False,0.0961538461538461,0.1559322033898305,11
s_2430__27548240__22577650,CC1=CC2=C(C=C1NC(=O)N3CCN(CC3)C4=C5C=CN=C5NC=N4)OCCO2,5.943264097960936,5.73660662459866,6.149921571323214,0.4133149467245536,0.2087912087912088,False,0.12,0.2052023121387283,11
m_276450__14193272__27809982__18955122,CCCN1CCCCC1C(=O)NCCC2CCN(C2)C3=NC=NC4=C3N=CN4,5.938810887975487,6.096934526813269,5.7806872491377055,0.31624727767556315,0.2247191011235955,False,0.1553398058252427,0.2321428571428571,12
m_276450__27869470__27788150__28201338,C[C@H]1OCCC[C@H]1C(=O)N2CC[C@H](C2)N3CCN(CC3)C4=NC=NC5=C4C=NN5,5.93860594271241,6.039603173040213,5.837608712384607,0.2019944606556061,0.2247191011235955,False,0.1650485436893204,0.2459016393442623,12
m_276450__14193364__14206930__28204286,CCN(CC1CCN(CC1)C2=NC=CC3=CN=CN23)C(=O)C4CCCCN4C,5.938561997183888,6.101986572052717,5.775137422315059,0.326849149737658,0.21505376344086022,False,0.1078431372549019,0.2014388489208633,12
m_276450__14193098__14204356__18941674,CCN1CCOCC1C(=O)NCCC2CCN(CC2)C3=NC=NN4C3=CC=C4,5.937982486074024,6.0854182482918855,5.790546723856161,0.29487152443572473,0.26373626373626374,False,0.0841121495327102,0.2429022082018927,12
s_270004__23845418__7549262,COC1=CC(=C(C=C1OC)CNC2CCN(CC2)C3=C4N=CN=C4N=CN3)C,5.93685903621079,6.008800679114881,5.864917393306699,0.14388328580818133,0.2345679012345679,False,0.0980392156862745,0.1732522796352583,12
m_275592__18897240__14136082__15856624,CCCN1CCCCC1C(=O)NCCN2CCN(CC2)C(=O)C3=CC=CN3CC,5.933859888216944,6.075566517775073,5.792153258658816,0.2834132591162568,0.30864197530864196,False,0.1546391752577319,0.1814946619217081,12
s_270004__23844396__24596084,CCOC1=CC=CC(=N1)N2CCC(CC2)NCC3=C(C4=C(C=C3)CCCC4)O,5.932271393200068,5.97008341091652,5.894459375483617,0.07562403543290319,0.23255813953488372,False,0.11,0.1818181818181818,11
m_276450__14192936__27800512__18955122,CC(OC1CCCCC1)C(=O)NCC2CCN(CC2)C3=NC=NC4=C3N=CN4,5.930961821528608,6.009787821095512,5.852135821961704,0.15765199913380812,0.23529411764705882,False,0.15,0.1754966887417218,12
m_276450__14193364__27785454__28204286,CCN(CC1CCN(CC1)C2=NC=CC3=CN=CN23)C(=O)C4=C(CCOC4)C,5.928579587172892,5.979749578478718,5.877409595867065,0.10233998261165311,0.19101123595505617,False,0.1372549019607843,0.23,12
m_276450__14193364__27785808__28201464,CCN(CC1CCN(CC1)C2=NC=NC3=C2NC=C3)C(=O)[C@H]4CCCC[C@H]4O,5.927214943326273,5.953169989151081,5.901259897501465,0.05191009164961624,0.2391304347826087,False,0.1485148514851485,0.2162162162162162,12
m_276450__14193098__27810886__14155830,O=C(NCCC1CCN(CC1)C2=NC=NC3=C2N=CS3)C4=C5CCCCC5=CS4,5.925874699673772,5.98287383768394,5.868875561663603,0.11399827602033685,0.25,False,0.1919191919191919,0.2058047493403693,11
m_276450__14193134__27788150__18941674,C[C@H]1OCCC[C@H]1C(=O)N(C)CCC2CCN(CC2)C3=NC=NN4C3=CC=C4,5.925220253431251,6.0527727936305595,5.797667713231942,0.2551050803986179,0.23076923076923078,False,0.0961538461538461,0.2197452229299363,12
m_276450__14193364__14202220__28201464,CCN(CC1CCN(CC1)C2=NC=NC3=C2NC=C3)C(=O)C4CCCCC4C,5.92379263246784,5.940819233291346,5.906766031644334,0.03405320164701209,0.24175824175824176,False,0.15,0.2222222222222222,12
m_276450__14193098__14201254__28204286,O=C(NCCC1CCN(CC1)C2=NC=CC3=CN=CN23)C4=C5CCCCC5=CO4,5.923286796590169,6.038191129181816,5.808382463998523,0.22980866518329268,0.22448979591836735,False,0.1153846153846153,0.1675977653631284,12
m_276450__14192936__14201338__28204286,C[C@H](CC1CCCCC1)C(=O)NCC2CCN(CC2)C3=NC=CC4=CN=CN34,5.921667825921882,6.016218073142701,5.827117578701063,0.18910049444163768,0.21686746987951808,False,0.1,0.1654676258992805,12
m_276450__14193364__14206930__28201338,CCN(CC1CCN(CC1)C2=NC=NC3=C2C=NN3)C(=O)C4CCCCN4C,5.921082618371719,6.085137670394362,5.757027566349077,0.32811010404528496,0.26666666666666666,False,0.17,0.2428571428571428,12
m_276450__14193098__27784696__28204382,CN1C=NC2=C(N=CN=C12)N3CCC(CC3)CCNC(=O)[C@H]4CCCC[C@H]4N=[N+]=[N-],5.920731491428262,6.117850198872671,5.723612783983851,0.3942374148888197,0.24468085106382978,False,0.1442307692307692,0.1877022653721682,12
s_2708__23827838__4147098,CN(CC1CCCOC1)C(=O)NCC2CCN(CC2)C3=NC=NC4=C3C=CN4,5.920305811091737,5.967324843550646,5.873286778632827,0.09403806491781896,0.24468085106382978,False,0.1584158415841584,0.1881188118811881,12
m_276450__14193134__27798274__28204286,CN(CCC1CCN(CC1)C2=NC=CC3=CN=CN23)C(=O)[C@@H]4CCCC[C@H]4O,5.9183767032834105,6.050459377930856,5.786294028635965,0.264165349294891,0.21839080459770116,False,0.099009900990099,0.1533101045296167,11
m_276450__14193134__14200316__18251492,CC1OCCCC1C(=O)N(C)CCC2CCN(CC2)C3=NC=NC4=C3C=CN4,5.913994711989082,5.954217815507208,5.873771608470955,0.08044620703625327,0.23333333333333334,False,0.16,0.197986577181208,11
m_276450__14193134__27794768__18955122,CN(CCC1CCN(CC1)C2=NC=NC3=C2N=CN3)C(=O)C4=C(CCOC4)Cl,5.910954752375069,5.9818592186702615,5.840050286079876,0.14180893259038552,0.23595505617977527,False,0.18,0.255663430420712,11
s_270004__23845418__24596084,OC1=C(C=CC2=C1CCCC2)CNC3CCN(CC3)C4=C5N=CN=C5N=CN4,5.906815288260278,5.9768753176438985,5.836755258876657,0.14012005876724132,0.19101123595505617,False,0.0980392156862745,0.1771428571428571,10
m_276450__14193134__27784680__18955122,CN(CCC1CCN(CC1)C2=NC=NC3=C2N=CN3)C(=O)[C@H]4CCCC[C@@H]4O,5.903533314560771,5.97406146769078,5.833005161430761,0.14105630626001897,0.2235294117647059,False,0.1515151515151515,0.1818181818181818,11
m_276450__14193098__14201692__28201338,CCC1CCCCC1C(=O)NCCC2CCN(CC2)C3=NC=NC4=C3C=NN4,5.902131736595116,6.002471346550722,5.80179212663951,0.20067921991121196,0.2696629213483146,False,0.1616161616161616,0.195729537366548,11
m_276450__14193098__14204356__18955122,CCN1CCOCC1C(=O)NCCC2CCN(CC2)C3=NC=NC4=C3N=CN4,5.901969331634286,5.972545859763941,5.83139280350463,0.14115305625931107,0.24444444444444444,False,0.1346153846153846,0.2166666666666666,12
s_2430__27548240__9417634,CC1=CC2=C(C=C1NC(=O)N3CCN(CC3)C4=CN=CC5=NC=NN45)OCCO2,5.899792073011021,5.8092405306063775,5.990343615415665,0.18110308480928783,0.1919191919191919,False,0.12,0.192090395480226,12
m_276450__27869470__14200316__28204286,CC1OCCCC1C(=O)N2CC[C@H](C2)N3CCN(CC3)C4=NC=CC5=CN=CN45,5.899339976472309,6.017204222829204,5.781475730115412,0.23572849271379237,0.1956521739130435,False,0.0943396226415094,0.2059800664451827,12
s_2708__23827838__1182350,CN(CC1CCCCO1)C(=O)NCC2CCN(CC2)C3=NC=NC4=C3C=CN4,5.895946455119258,5.909733258951363,5.882159651287155,0.027573607664208133,0.24468085106382978,False,0.1568627450980392,0.1824104234527687,11
s_207__26103832__27080120,CC1=CC2=C(C=C1CNC3CCN(CC3)C4=C5N=CN=C5N=CN4)OCCO2,5.892389593236059,5.901699867368446,5.883079319103673,0.01862054826477344,0.1728395061728395,False,0.0980392156862745,0.1812865497076023,11
m_276450__14193098__20152074__28204284,O=C(NCCC1CCN(CC1)C2=NC=NC3=CC=NN23)C4CCCC5=C4N=CN5,5.891948072034293,6.035086236098999,5.748809907969588,0.28627632812941073,0.24175824175824176,False,0.0952380952380952,0.1647398843930635,12
m_276450__14193364__27784680__18251492,CCN(CC1CCN(CC1)C2=NC=NC3=C2C=CN3)C(=O)[C@H]4CCCC[C@@H]4O,5.884825175941686,5.937845526558942,5.831804825324431,0.10604070123451059,0.24175824175824176,False,0.16,0.1993006993006993,11
m_276450__14193364__14202220__18941674,CCN(CC1CCN(CC1)C2=NC=NN3C2=CC=C3)C(=O)C4CCCCC4C,5.884016774173329,6.035749190289989,5.732284358056669,0.30346483223332044,0.22826086956521738,False,0.0980392156862745,0.2214765100671141,12
m_276450__14193098__20152074__14214378,O=C(NCCC1CCN(CC1)C2=NC=NC3=C2CCC3)C4CCCC5=C4N=CN5,5.882425448143978,6.061869057160832,5.7029818391271245,0.3588872180337077,0.25,False,0.1485148514851485,0.1815561959654178,12
m_276450__14193364__27784680__14155830,CCN(CC1CCN(CC1)C2=NC=NC3=C2N=CS3)C(=O)[C@H]4CCCC[C@@H]4O,5.877963646420806,5.958655207702854,5.797272085138758,0.16138312256409648,0.20430107526881722,False,0.17,0.2305194805194805,11
m_276450__14193134__14200008__18955122,CN(CCC1CCN(CC1)C2=NC=NC3=C2N=CN3)C(=O)C=C4CCCCC4,5.875283470771278,5.962050627689425,5.7885163138531315,0.17353431383629392,0.23529411764705882,False,0.1789473684210526,0.2323943661971831,12
m_276450__14193364__27781992__28204286,CCN(CC1CCN(CC1)C2=NC=CC3=CN=CN23)C(=O)C4CCCCC4F,5.873516212181248,6.011339600222041,5.735692824140455,0.2756467760815866,0.20212765957446807,False,0.0970873786407767,0.1643356643356643,12
m_276450__14193364__27808288__18941674,CCN(CC1CCN(CC1)C2=NC=NN3C2=CC=C3)C(=O)C4CCCCC4O,5.871110834198076,6.043661657801255,5.698560010594896,0.3451016472063593,0.22580645161290322,False,0.0970873786407767,0.2196721311475409,12
m_276450__14193364__14206714__18955122,CCN(CC1CCN(CC1)C2=NC=NC3=C2N=CN3)C(=O)[C@@H]4CCCCN4C,5.861950323370454,6.01019849716617,5.713702149574739,0.2964963475914315,0.24444444444444444,False,0.1584158415841584,0.2302158273381295,12
m_276450__14193098__20152074__28204286,O=C(NCCC1CCN(CC1)C2=NC=CC3=CN=CN23)C4CCCC5=C4N=CN5,5.848630596183366,6.027321485765121,5.669939706601611,0.3573817791635099,0.22580645161290322,False,0.0943396226415094,0.1632047477744807,11
m_276450__14193364__27785808__28201338,CCN(CC1CCN(CC1)C2=NC=NC3=C2C=NN3)C(=O)[C@H]4CCCC[C@H]4O,5.8386831163186725,5.940223377351774,5.737142855285571,0.20308052206620353,0.24175824175824176,False,0.1584158415841584,0.2062937062937063,12
m_276450__14193364__27808288__28204286,CCN(CC1CCN(CC1)C2=NC=CC3=CN=CN23)C(=O)C4CCCCC4O,5.830047721422342,5.947317508129641,5.712777934715042,0.2345395734145992,0.20430107526881722,False,0.0970873786407767,0.1643356643356643,12
m_276450__14193364__27784680__28201534,CCN(CC1CCN(CC1)C2=NC=NC3=C2OC=C3)C(=O)[C@H]4CCCC[C@@H]4O,5.828767705264385,5.911799114435029,5.7457362960937415,0.16606281834128733,0.2391304347826087,False,0.1485148514851485,0.2236842105263158,12
m_276450__14193364__27797300__18955122,CCN(CC1CCN(CC1)C2=NC=NC3=C2N=CN3)C(=O)C4=C(CCCC4)Cl,5.827665827660436,5.937072343308771,5.7182593120120995,0.21881303129667184,0.23255813953488372,False,0.2040816326530612,0.2601351351351351,11
m_276450__14193098__20152074__18955122,O=C(NCCC1CCN(CC1)C2=NC=NC3=C2N=CN3)C4CCCC5=C4N=CN5,5.82538022335101,5.975234267786714,5.675526178915305,0.29970808887140876,0.24175824175824176,False,0.1470588235294117,0.1869436201780415,11
m_276450__14193098__14203984__18955122,CCCC1CCCC1C(=O)NCCC2CCN(CC2)C3=NC=NC4=C3N=CN4,5.820527306032279,5.901307899785087,5.739746712279469,0.161561187505618,0.24719101123595505,False,0.1485148514851485,0.1834532374100719,12
m_276450__14193364__14200236__18955122,CCN(CC1CCN(CC1)C2=NC=NC3=C2N=CN3)C(=O)C4=C(OCCC4)C,5.785725522796799,5.837833556904037,5.733617488689561,0.10421606821447682,0.1978021978021978,False,0.198019801980198,0.2347266881028939,12
m_276450__14193364__14202220__18955122,CCN(CC1CCN(CC1)C2=NC=NC3=C2N=CN3)C(=O)C4CCCCC4C,5.767797628418634,5.846048919066703,5.689546337770565,0.15650258129613803,0.2222222222222222,False,0.1485148514851485,0.1949458483754512,12
m_276450__14193364__27808288__18955122,CCN(CC1CCN(CC1)C2=NC=NC3=C2N=CN3)C(=O)C4CCCCC4O,5.764534940728899,5.859217516314392,5.669852365143406,0.1893651511709864,0.21978021978021978,False,0.1470588235294117,0.1929824561403508,12
