alignment	dist	ecfp4	daylight	maj	min	hyb	sub
CC1=C(C(=O)N2CCCCC2=N1)CCN3CCN(CC3)C4=CC=CC5=C4C=CN5 s_2230__12304850__16949512	1	0.7014925373134329	0.7339055793991416	1	0	0	0
CC1=C(C(=O)N2CCCCC2=N1)CCN3CCN(CC3)C4=NC=NC5=C4C=CS5 s_2230__24395838__16949512	2	0.6911764705882353	0.6977611940298507	2	0	0	0
CC1=C(C(=O)N2CCCCC2=N1)CCN3CCN(CC3)C4=CC=CC5=C4C=NN5 s_2230__17793196__16949512	2	0.6764705882352942	0.7347826086956522	2	0	0	0
CC1=C(C(=O)N2C=CC=CC2=N1)CCN3CCN(CC3)C4=CC=CC5=C4C=CS5 s_2230__14793138__9780156	4	0.6714285714285714	0.7075098814229249	0	0	4	0
CC1=C(C(=O)N2CCCCC2=N1)CCN3C=C(N=N3)C4=CC=CC5=C4C=CS5 m_282512__24308046__24220098	5	0.6527777777777778	0.4953271028037383	3	0	1	0
CC1=C(C(=O)N2CCCCC2=N1)CCN3CCN(CC3)C4=CC=CC5=C4OC=C5 s_2230__28471962__16949512	2	0.6521739130434783	0.7359307359307359	2	0	0	0
CC1=CC=CC(=C1C)N2CCN(CC2)CCC3=C(N=C4CCCCN4C3=O)C s_2230__679276__16949512	4	0.6515151515151515	0.786046511627907	0	0	2	0
CC1=C(C(=O)N2CCCCC2=N1)CCN3CCN(CC3)C4=C(C(=CC=C4)Cl)Cl s_2230__14934458__16949512	4	0.6417910447761194	0.7522522522522522	2	0	0	0
CC1=C(C(=O)N2CCCCC2=N1)CCN3CCN(CC3)C4=C(C(=CC=C4)F)F s_2230__9292524__16949512	4	0.6417910447761194	0.7706422018348624	2	0	0	0
CC1=C(C(=O)N2CCCCC2=N1)CCN3CCN(CC3)C4=CC=CC(=C4C)Br s_2230__27708612__16949512	4	0.6323529411764706	0.75	1	0	1	0
CC1=C(C(=O)N2CCCCC2=N1)CCN3CCN(CC3)C4=CC=CC5=C4N=CN5 s_2230__13968354__16949512	2	0.6285714285714286	0.6842105263157895	2	0	0	0
COC1=CC=CC=C1N2CCN(CC2)CCC3=C(N=C4CCCCN4C3=O)C s_2230__665554__16949512	4	0.6268656716417911	0.7636363636363637	1	0	1	1
CC1=C(C(=O)N2CCCCC2=N1)CCN3CCN(CC3)C4=CC=CC=C4C#N s_2230__2561242__16949512	4	0.6176470588235294	0.7601809954751131	1	0	1	1
CC1=C(C(=O)N2CCCCC2=N1)CCN3CCN(CC3)C4=CC=CC5=C4NC(=O)N5 s_2230__13166788__16949512	3	0.6142857142857143	0.7016806722689075	2	0	0	1
CCOC1=CC=CC=C1N2CCN(CC2)CCC3=C(N=C4CCCCN4C3=O)C s_2230__665560__16949512	4	0.6086956521739131	0.7555555555555555	2	0	1	1
CC1=C(C(=O)N2CCCCC2=N1)CCN3CCN(CC3)C4=C(C(=CC=C4)F)C#N s_2230__665178__16949512	4	0.5972222222222222	0.7253218884120172	2	0	1	0
CC1=C(C(=O)N2CCCCC2=N1)CCN3CCN(CC3)C4=CC=CC=C4OC(F)F s_2230__2833942__16949512	5	0.5915492957746479	0.7379912663755459	2	0	1	1
CC1=C(C(=O)N2CCCCC2=N1)CCN3CCN(CC3)C4=CC=C5CCCC5=C4 s_2230__27337748__16949512	5	0.5882352941176471	0.7327586206896551	1	0	2	2
CC1=C(C(=O)N2CCCCC2=N1)CCN3CCN(CC3)C4=CC=CN=C4C#N s_2230__16516994__16949512	5	0.5833333333333334	0.6431372549019608	2	0	1	0
CCC1=CC=CC(=C1)N2CCN(CC2)CCC3=C(N=C4CCCCN4C3=O)C s_2230__25582804__16949512	4	0.5797101449275363	0.7706422018348624	0	0	2	1
CC1=C(C(=O)N2CCCCC2=N1)CCN3CCN(CC3)C4=CC=NC5=CC=CC=C45 s_2230__10117250__16949512	3	0.5774647887323944	0.7533039647577092	2	0	0	0
C#CC1=CC(=CC=C1)N2CCN(CC2)CCC3=C(N=C4CCCCN4C3=O)C s_2230__26079408__16949512	4	0.5633802816901409	0.7706422018348624	0	0	2	1
CC1=C(C(=O)N2CCCCC2=N1)CCN3CCN(CC3)C4=CC=CC(=C4)C#N s_2230__12551770__16949512	4	0.5633802816901409	0.7636363636363637	1	0	1	1
CC1=C(C(=O)N2CCCCC2=N1)CCN3CCN(CC3)C4=NSC5=CC=CC=C45 s_2230__13970256__16949512	5	0.5633802816901409	0.7269076305220884	3	0	0	2
CC1=C(C(=O)N2CCCCC2=N1)CCN3CCN(CC3)C4=NC5=CC=CC=C5S4 s_2230__7687160__16949512	5	0.5633802816901409	0.6387832699619772	3	0	0	3
CC1=C(C(=O)N2CCCCC2=N1)CCN3CCN(CC3)C4=C5C=NN(C5=NC=N4)C s_2230__665730__16949512	5	0.5616438356164384	0.5640138408304498	4	0	0	0
CC1=C(C(=O)N2CCCCC2=N1)CCN3CCN(CC3)C4=CC=C5NC=NC5=C4 s_2230__21218544__16949512	4	0.5616438356164384	0.6942148760330579	2	0	0	2
COCC1=CC=CC(=C1)N2CCN(CC2)CCC3=C(N=C4CCCCN4C3=O)C s_2230__26984180__16949512	4	0.5555555555555556	0.7433628318584071	2	0	1	1
CC1=C(C(=O)N2CCCCC2=N1)CCN3CCN(CC3)C4=CC=CC(=N4)C#N s_2230__15162876__16949512	5	0.547945205479452	0.6547619047619048	2	0	1	0
COC1=CC(=NC=N1)N2CCN(CC2)CCC3=C(N=C4CCCCN4C3=O)C s_2230__8799822__16949512	6	0.5416666666666666	0.6264591439688716	2	1	1	1
CC1=C(C(=O)N2CCCCC2=N1)CCN3CCN(CC3)C4=CN=CC=C4C#N s_2230__10433838__16949512	5	0.5405405405405406	0.6639676113360324	2	0	1	1
CC1=C(C(=O)N2CCCCC2=N1)CCN3CCN(CC3)C4=CC=NC5=CC(=CC=C45)Cl s_2230__7963106__16949512	4	0.5394736842105263	0.7166666666666667	2	0	0	1
CC1=C(C(=O)N2CCCCC2=N1)CCN3CCN(CC3)C4CC5=CC=CC=C5C4 s_2230__4821622__16949512	6	0.5362318840579711	0.6695652173913044	1	0	3	3
CC1=NN=C(C2=CC=CC=C12)N3CCN(CC3)CCC4=C(N=C5CCCCN5C4=O)C s_2230__22405758__16949512	5	0.5342465753424658	0.6666666666666666	3	0	0	1
COC1=CC=CN=C1N2CCN(CC2)CCC3=C(N=C4CCCCN4C3=O)C s_2230__21189704__16949512	5	0.527027027027027	0.6775510204081633	2	0	1	1
COC1=CC=NC(=C1)N2CCN(CC2)CCC3=C(N=C4CCCCN4C3=O)C s_2230__3392694__16949512	5	0.527027027027027	0.7016806722689075	1	1	1	1
CC1=C(C(=O)N2CCCCC2=N1)CCN3CCC(CC3)N4C=NC5=CC=CC=C45 s_2230__17309928__16949512	6	0.527027027027027	0.5555555555555556	4	0	0	2
CC1=C(C(=O)N2CCCCC2=N1)CCN3CCC(CC3)N4N=CC5=CC=CC=C45 s_2230__14471224__16949512	6	0.527027027027027	0.5610687022900763	4	0	0	2
CC1=C(C(=O)N2CCCCC2=N1)CCN3CCC(CC3)C4=CC=CC5=C4C=CN5 s_2230__13035036__16949512	2	0.5263157894736842	0.5787401574803149	2	0	0	0
CC1=C(C(=O)N2CCCCC2=N1)CCN3C=C(N=N3)C4=CC=CC5=C4SC=C5 s_274090__16949518__28725430	7	0.5256410256410257	0.4891640866873065	5	0	1	0
CC1=C(C(=O)N2CCCCC2=N1)CCN3CCC(CC3)N4CCC5=CC=CC=C45 s_2230__9819762__16949512	7	0.5205479452054794	0.6541666666666667	3	0	2	2
CC1=C(C(=O)N2CCCCC2=N1)CCN3CCN(CC3)C4=NC=CC=C4C#N s_2230__665518__16949512	5	0.52	0.6613545816733067	2	0	1	1
CC1=C(C(=O)N2CCCCC2=N1)CCN3CCN(CC3)C4=CC(=CC=N4)C#N s_2230__804578__16949512	5	0.52	0.6846473029045643	2	0	1	1
CC1=C(C(=O)N2CCCCC2=N1)CCN3CCN(CC3)C4=CC=NC(=C4)C#N s_2230__26079166__16949512	5	0.52	0.6721991701244814	2	0	1	1
O=C1C2=CC=CC=C2C(=O)N1CCN3CCN(CC3)C4=CC=CC5=C4C=CS5 s_2230__14793138__680282	8	0.515625	0.37656903765690375	3	0	4	0
COC1=CN=CC(=C1)N2CCN(CC2)CCC3=C(N=C4CCCCN4C3=O)C s_2230__12297314__16949512	5	0.5135135135135135	0.6546184738955824	1	1	1	1
CC1=C(C(=O)N2CCCCC2=N1)CCN3CCC(CC3)N4N=NC5=CC=CC=C45 s_2230__25583134__16949512	7	0.5135135135135135	0.5551330798479087	5	0	0	2
CCOC1=CC=CN=C1N2CCN(CC2)CCC3=C(N=C4CCCCN4C3=O)C s_2230__13138144__16949512	5	0.5131578947368421	0.6666666666666666	3	0	1	1
CC1=C(C(=O)N2CCCCC2=N1)CCN3CCC(CC3)CC4=CC=CC5=C4C=CN5 s_2230__26079434__16949512	3	0.5128205128205128	0.592	2	0	0	0
COC1=CC=NC(=N1)N2CCN(CC2)CCC3=C(N=C4CCCCN4C3=O)C s_2230__7460978__16949512	6	0.5066666666666667	0.6234817813765182	2	1	1	0
CC1=C(C(=O)N2C=CSC2=N1)CCN3CCN(CC3)C4=C5C=C(SC5=CC=C4)Br s_2230__22406464__10122656	5	0.5063291139240507	0.5616438356164384	1	0	2	1
CC1=C(C(=O)N2CCCCC2=N1)CCN3CCC(CC3)CC4=C5N=CN(C5=CC=C4)C m_2230__26079570__16949512	5	0.5063291139240507	0.5381818181818182	3	0	0	0
CC1=C(C(=O)N2C=CSC2=N1)CCN3CCN(CC3)C4=CC=CC5=C4C=CN5 s_2230__12304850__10122656	5	0.5	0.4389438943894389	2	0	2	0
CC1=C(C(=O)N2CCCCC2=N1)CCN3CCN(CC3)C4=NC=CN=C4C#N s_2230__20077358__16949512	6	0.5	0.5968992248062015	3	0	1	0
COC1=CN=CC(=N1)N2CCN(CC2)CCC3=C(N=C4CCCCN4C3=O)C s_2230__22407426__16949512	6	0.5	0.6015625	2	1	1	0
CC1=CC=CC(=C1C)C2CCN(CC2)CCC3=C(N=C4CCCCN4C3=O)C s_2230__13575530__16949512	5	0.5	0.6277056277056277	1	0	2	0
CC(=O)C1=CC=CC=C1NC(=O)CCCN2CCN(CC2)C3=CC=CC4=C3C=CS4 s_2230__14793138__11757162	10	0.5	0.46120689655172414	2	0	6	0
CCCCC1=NC(=C(C(=O)N1)CC(=O)N2CCN(CC2)C3=CC=CC4=C3C=CS4)C s_527__14793136__24335920	3	0.5	0.9056603773584906	0	0	1	2
CC1=C(C(=O)N2CCCCC2=N1)CCN3CCN(CC3)C4CCC5=CC=CC=C45 s_2230__22865356__16949512	6	0.5	0.6260162601626016	1	0	3	2
CC1=C(C(=O)N2CCCCC2=N1)CCN3CCN(CC3)C4=NC5=CC=CC=C5N4 s_2230__8124408__16949512	5	0.5	0.6375	3	0	0	3
CC1=C(C(=O)N2CCCCC2=N1)CCN3CCN(CC3)C4=NC5=CC=CC=C5O4 s_2230__3695184__16949512	5	0.5	0.5636363636363636	3	0	0	3
CCOC1=CC=NC(=N1)N2CCN(CC2)CCC3=C(N=C4CCCCN4C3=O)C s_2230__3695526__16949512	6	0.4935064935064935	0.60546875	2	1	2	0
CC1=C(C(=O)N2CCCCC2=N1)CCN3CC=C(CC3)C4=CC=CC5=CC=CC=C45 s_2230__2262196__16949512	4	0.49333333333333335	0.6324786324786325	2	0	1	0
COC1=CC=CC(=C1)C2CCN(CC2)CCC3=C(N=C4CCCCN4C3=O)C s_2230__2391464__16949512	5	0.49333333333333335	0.6092436974789915	1	1	1	1
CC1=C(C(=O)N2CCCCC2=N1)CCN3CCC(CC3)C4=C(C(=CC=C4)Cl)Cl s_2230__10391794__16949512	5	0.49333333333333335	0.6075949367088608	3	0	0	0
CC1=C(C(=O)N2CCCCC2=N1)CCN3CCC(CC3)C4=C(C(=CC=C4)F)F s_2230__11566760__16949512	5	0.49333333333333335	0.614406779661017	3	0	0	0
CC1=CC=CC(=C1C)C2=CCN(CC2)CCC3=C(N=C4CCCCN4C3=O)C s_2230__13451958__16949512	6	0.4868421052631579	0.5896414342629482	1	0	3	0
CC1=C(C(=O)N2C=CC=CC2=N1)CCN3CCN(CC3)C4=C5C=C(SC5=CC=C4)Br s_2230__22406464__9780156	5	0.48148148148148145	0.667910447761194	0	0	4	1
CC1=C(C(=O)N2C=CSC2=N1)CCN3CCN(CC3)C4=CC=CC5=C4C=NN5 s_2230__17793196__10122656	6	0.4810126582278481	0.4337748344370861	3	0	2	0
COC1=CC=CC(=C1)C2=CCN(CC2)CCC3=C(N=C4CCCCN4C3=O)C s_2230__2303336__16949512	6	0.4805194805194805	0.5764705882352941	1	1	2	1
CC1=C(C(=O)N2CCCCC2=N1)CCN3CCC(CC3)C4=CNC5=CC=CC=C45 s_2230__665714__16949512	5	0.4805194805194805	0.5725490196078431	3	0	0	2
CC1=C(C(=O)N2CCCCC2=N1)CCN3CCC(CC3)C4=CC5=CC=CC=C5N4 s_2230__2206656__16949512	5	0.4805194805194805	0.5675675675675675	3	0	0	3
CC1=C(C(=O)N2CCCCC2=N1)CCN3CCC(CC3)C4=CC=CC=C4CN s_269982__16770194__16949528	5	0.48	0.6336206896551724	2	0	1	1
CC1=C(C(=O)N2CCCCC2=N1)CCN3CCC(CC3)C4=CC=CC=C4CO s_2230__9164062__16949512	5	0.48	0.6196581196581197	1	1	1	1
COC1=CC=CC=C1C2CCN(CC2)CCC3=C(N=C4CCCCN4C3=O)C s_2230__17628986__16949512	5	0.48	0.602510460251046	2	0	1	1
CCC1=CC=CC=C1NC(=O)CCN2CCN(CC2)C3=CC=CC4=C3C=CS4 s_2230__14793138__18188028	11	0.48	0.39316239316239315	3	0	6	0
CC1=C(C(=O)N2CCCCC2=N1)CCN3CCC(CC3)C4=CC=CC=C4C#N s_2230__22996886__16949512	5	0.47368421052631576	0.6170212765957447	2	0	1	1
CC1=C(C(=O)N2CCCCC2=N1)CCN3CCC4(CC3)C(=O)NC5=CC=CC=C45 s_2230__15247444__16949512	5	0.47368421052631576	0.628	2	1	0	2
COC1=CC=CC=C1NC(=O)CCN2CCN(CC2)C3=CC=CC4=C3C=CS4 s_2230__14793138__804508	11	0.47368421052631576	0.38396624472573837	4	0	5	0
CC1=C(C(=O)N2CCCCC2=N1)CCN3CCN(CC3C)C4=CC=CC5=CN=CC=C45 s_2230__9420632__16949512	3	0.46987951807228917	0.7533039647577092	1	0	0	1
COC1=CC=CC(=C1F)C2CCN(CC2)CCC3=C(N=C4CCCCN4C3=O)C s_2230__9050844__16949512	5	0.46835443037974683	0.5887096774193549	2	1	1	0
CCOC1=CC=CC=C1C2CCN(CC2)CCC3=C(N=C4CCCCN4C3=O)C s_2230__5307032__16949512	5	0.4675324675324675	0.5918367346938775	3	0	1	1
COC1=CC=CC=C1C2=CCN(CC2)CCC3=C(N=C4CCCCN4C3=O)C s_2230__16924054__16949512	6	0.4675324675324675	0.5680933852140078	2	0	2	1
CC1=C(C(=O)N2CCCCC2=N1)CCN3CCC4(CC3)CNCC5=CC=CC=C45 s_269982__23176304__16949528	6	0.4675324675324675	0.5849802371541502	3	0	1	1
CC1=C(C(=O)N2CCCCC2=N1)CCN3CCC4(CC3)OCCC5=CC=CC=C45 s_2230__10890642__16949512	6	0.4675324675324675	0.5526315789473685	1	1	2	1
CC1=C(C(=O)N2CCCCC2=N1)CCN3CCC(CC3)C4=NC5=CC=CC=C5N4 s_2230__7462750__16949512	6	0.4675324675324675	0.582995951417004	4	0	0	3
CC1=C(C(=O)N2CCCCC2=N1)CCN3CCC(CC3)C4=NC5=CC=CC=C5O4 s_2230__679108__16949512	6	0.4675324675324675	0.5304659498207885	4	0	0	3
CC1=C(C(=O)N2CCCCC2=N1)CCN3CCN(CC3)C4=NC=CN(C4=O)C s_2230__20278136__16949512	6	0.4657534246575342	0.6239669421487604	3	0	1	0
CC1=C(C(=O)N2CCCCC2=N1)CCN3CCN(CC3)C(=O)C4=CC=CN4C s_2230__12121556__16949512	6	0.4657534246575342	0.5884615384615385	3	0	1	0
CC1=C(C(=O)N2CCCCC2=N1)CCN3CCN(CC3)C(=O)C4=CC=NN4C s_2230__21458684__16949512	6	0.4657534246575342	0.5763358778625954	3	0	1	0
CCN1C=CN=C1CN2CCN(CC2)CCC3=C(N=C4CCCCN4C3=O)C s_2230__3695196__16949512	8	0.4657534246575342	0.6065573770491803	3	0	3	0
CC1=C(C(=O)N2C=CC=CC2=N1)CCN3CCN(CC3)C4=CC=CC5=C4C=CN5 s_2230__12304850__9780156	5	0.4625	0.5335689045936396	1	0	4	0
CC1=C(C(=O)N2C=CSC2=N1)CCN3CCN(CC3)C4=CC=CC5=C4NC=C5 m_2230__12909440__10122656	6	0.4625	0.434640522875817	3	0	2	0
CC1=C(C(=O)N2C=CSC2=N1)CCN3CCN(CC3)C4=CC=CC5=C4OC=C5 s_2230__28471962__10122656	6	0.4625	0.4411764705882353	3	0	2	0
CC1=C(C(=O)N2CCCCC2=N1)CCN3CCC(CC3)N4C=NC5=CC=CN=C45 s_2230__15494046__16949512	7	0.4625	0.5217391304347826	5	0	0	2
CC1=C(C(=O)N2CCCCC2=N1)CCN3CCC(CC3)C4=NC5=CC=CN=C5S4 s_2230__25583960__16949512	7	0.4625	0.5413793103448276	5	0	0	3
O=C(CCN1CCN(CC1)C2=CC=CC3=C2C=CS3)NC4=CC=CC=C4CO s_2230__14793138__22606972	11	0.4605263157894737	0.4051724137931034	2	0	7	0
O=C1C2=CC=CC=C2N=CN1CCN3CCN(CC3)C4=CC=CC5=C4C=CS5 s_2230__14793138__7471562	7	0.4594594594594595	0.37404580152671757	2	0	4	1
CC1=C(C(=O)N2CCCCC2=N1)CCN3CCC(CC3)C4=NN=C5N4CCCC5 s_2230__8990960__16949512	10	0.45714285714285713	0.5107913669064749	5	0	3	1
CC1=C(C(=O)N2CCCCC2=N1)CCN3CCC(CC3)C4=CNC5=CC=CN=C45 s_2230__18057700__16949512	6	0.4567901234567901	0.5471698113207547	4	0	0	2
CC1=C(C(=O)N2CCCCC2=N1)CCN3CCC(CC3)C4=CNC5=NC=CC=C45 s_2230__7462992__16949512	5	0.4567901234567901	0.5291970802919708	3	0	0	4
CCOC1=CC=CC=C1C2=CCN(CC2)CCC3=C(N=C4CCCCN4C3=O)C s_2230__2206582__16949512	6	0.45569620253164556	0.5568181818181818	3	0	2	1
CC1=C(C(=O)N2CCCCC2=N1)CCN3CC=C(CC3)C4=CNC5=CC=CC=C45 s_2230__13421042__16949512	6	0.45569620253164556	0.5321428571428571	3	0	1	2
N#CC1=CC=CC=C1NC(=O)CCN2CCN(CC2)C3=CC=CC4=C3C=CS4 s_2230__14793138__7467108	11	0.45454545454545453	0.39148936170212767	3	0	6	0
CC1=C(C(=O)N2CCCCC2=N1)CCN3CCN(CC3)C4=NN5C=NN=C5C=C4 s_2230__3695172__16949512	7	0.4533333333333333	0.6133828996282528	5	0	0	1
CC1=C(C(=O)N2CCCCC2=N1)CCN3CCC(CC3)C4=NC=C5N4CCCC5 s_2230__9450278__16949512	9	0.4520547945205479	0.5069444444444444	4	0	3	1
CC1=C(C(=O)N2N=CC=C2N1)CC(=O)N3CCN(CC3)C4=CC=CC5=C4C=CS5 s_527__14793136__3392756	7	0.45121951219512196	0.3958333333333333	1	0	4	0
CC1=C(C(=O)N2CCCCC2=N1)CCN3CCC(CC3)C4=NN=C5N4CCC5 s_2230__2745108__16949512	8	0.4507042253521127	0.5183823529411765	5	0	2	0
CC1=C(C(=O)N2CCCCC2=N1)CCN3CCN(CC3)C4=CN5C=CN=C5C=C4 s_2230__22406644__16949512	5	0.4473684210526316	0.6442687747035574	3	0	0	2
CC1=C(C(=O)N2CCCCC2=N1)CCN3CCN(CC3)[C@@H]4CCCC[C@H]4CN s_269982__19898878__16949528	10	0.44594594594594594	0.7081339712918661	1	0	7	0
CC1=C(C(=O)N2CCCCC2=N1)CCN3CCN(CC3)C(=O)C4CCCN4C s_2230__7284534__16949512	9	0.44594594594594594	0.6915887850467289	3	0	4	0
CC1=C(C(=O)N2CCCCC2=N1)CCN3CCC(CC3)C4=NC5=C(S4)CCCC5 s_2230__11402236__16949512	9	0.44594594594594594	0.5101351351351351	4	0	3	2
CC1=C(C(=O)N2CCCCC2=N1)CCN3CCC(CC3)CCCN4C=CN=C4 m_2230__8644830__16949512	9	0.44594594594594594	0.5882352941176471	4	0	3	1
CC1=C(C(=O)N2C=CC=CC2=N1)CCN3CCN(CC3)C4=CC=CC5=C4C=NN5 s_2230__17793196__9780156	6	0.4444444444444444	0.5321428571428571	2	0	4	0
CC1=C(C(=O)N2C=CSC2=N1)CCN3CCN(CC3)C4=CC=CC5=C4N=CN5 s_2230__13968354__10122656	6	0.4444444444444444	0.41509433962264153	3	0	2	0
CC1=C(C(=O)N2CCCCC2=N1)CCN3C=C(C=N3)C4=CC=CC5=C4OCO5 s_2624__28902240__27219880	8	0.4444444444444444	0.41194029850746267	3	1	3	0
CC1=C(C(=O)N2C=CSC2=N1)CCN3CCN(CC3)C4=CC=CC5=C4NC(=O)N5 s_2230__13166788__10122656	7	0.4444444444444444	0.43322475570032576	3	0	2	1
CC1=C(C(=O)N2CCCCC2=N1)CCN3CCN(CC3)CCNC(=O)C4=CC=CO4 s_2230__24549986__16949512	6	0.44155844155844154	0.6275303643724697	1	1	2	2
CC1=C(C(=O)N2CCCCC2=N1)CCN3CCN(CC3)C4CCC5=NC=CN5C4 s_2230__20810194__16949512	9	0.44155844155844154	0.5302491103202847	3	0	4	1
CC1=C(C(=O)N2CCCCC2=N1)CCN3CCC(CC3)N4C=NC5=C4CCCC5 s_2230__17848164__16949512	9	0.44	0.5017421602787456	4	0	3	1
CC1=NC2=NC=NN2C(=C1CC(=O)N3CCN(CC3)C4=CC=CC5=C4C=CS5)C s_11__14793120__115783	7	0.43902439024390244	0.3223684210526316	3	0	2	0
CC1=C(C(=O)N2CCCCC2=N1)CCN3CCC(CC3)C4=CNC5=CN=CC=C45 s_2230__20055952__16949512	5	0.43902439024390244	0.5416666666666666	3	0	0	2
COCC1=CC=CC(=C1)C2=CN(N=N2)CCC3=C(N=C4CCCCN4C3=O)C m_282512__24308046__24203278	9	0.43902439024390244	0.43034055727554177	5	0	2	1
COC1=C(C=CC=C1C2CCN(C2)CCC3=C(N=C4CCCCN4C3=O)C)F s_2230__17654190__16949512	6	0.43902439024390244	0.5433962264150943	3	0	1	0
CCOC1=CC=CC=C1N2CCN(CC2)CCC3=C(N=C4SC=CN4C3=O)C s_2230__665560__10122656	8	0.4375	0.4463087248322148	3	0	3	1
CC1=C(C(=O)N2CCCCC2=N1)CCN3CCN(CC3)C4=CN=CC5=NC=NN45 s_2230__9417632__16949512	4	0.4358974358974359	0.5629370629370629	4	0	0	0
CC1=C(C(=O)N2CCCCC2=N1)CCN3CCN(CC3)C4=CN=CC5=NN=NN45 s_2230__18364006__16949512	5	0.4358974358974359	0.5413793103448276	5	0	0	0
CC1=NC2=NC=NN2C(=C1)N3CCN(CC3)CCC4=C(N=C5CCCCN5C4=O)C s_2230__7461824__16949512	5	0.4358974358974359	0.5570469798657718	4	0	0	1
CC1=NN2C(=CN=CC2=N1)N3CCN(CC3)CCC4=C(N=C5CCCCN5C4=O)C s_2230__9090830__16949512	5	0.4358974358974359	0.54	4	0	0	1
CC1=C(C(=O)N2CCCCC2=N1)CCN3CC=C(CC3)C4=CNC5=NC=CC=C45 s_2230__7460536__16949512	6	0.43373493975903615	0.49	3	0	1	4
CC1=C(C(=O)N2C=CSC2=N1)CCN3CCN(CC3)C4=C(C(=CC=C4)F)C#N s_2230__665178__10122656	8	0.43373493975903615	0.42483660130718953	3	0	3	0
CC1=C(C(=O)N2CCCCC2=N1)CCN3C=C(N=N3)C4=CC=CC(=C4C)CO s_274090__16949518__28726770	9	0.43373493975903615	0.42507645259938837	5	0	2	0
CC1=C(C(=O)N2C=CSC2=N1)CCN3CCN(CC3)C4=NC=NC5=C4SC=C5 s_2230__5635392__10122656	8	0.43209876543209874	0.41040462427745666	5	0	2	0
CC1=C(C(=O)N2CCCCC2=N1)CCN3CCC(CC3)C(=O)NCCC4=CC=CS4 s_2230__7461332__16949512	6	0.43209876543209874	0.6508620689655172	2	0	2	1
CC1=C(C(=O)N2CCCCC2=N1)CCN3CCN(CC3)C4=C5C=CN=C5NC=N4 s_2230__15607896__16949512	3	0.43037974683544306	0.5949820788530465	3	0	0	0
CC1=CC=CC(=C1C)N2CCN(CC2)CCC3=C(N=C4C=CC=CN4C3=O)C s_2230__679276__9780156	8	0.43037974683544306	0.556390977443609	0	0	6	0
CC1=C(C(=O)OC2=CC=CC=C12)C(=O)N3CCN(CC3)C4=CC=CC5=C4C=CS5 s_527__14793136__6671842	11	0.43037974683544306	0.37800687285223367	4	0	5	0
COC1=C(C=CC=C1C2=CN(N=N2)CCC3=C(N=C4CCCCN4C3=O)C)F m_282512__24308046__24220242	9	0.42857142857142855	0.40828402366863903	5	0	2	0
CC1=C(C(=O)N2CCCCC2=N1)CCN3C=C(N=N3)C4=CC=CC(=C4C)C#N m_282512__24308046__24203696	9	0.42857142857142855	0.42073170731707316	5	0	2	0
CC1=C(C(=O)N2C=CC=CC2=N1)CCN3CCN(CC3)C4=CC=CC5=C4OC=C5 s_2230__28471962__9780156	6	0.4268292682926829	0.5392857142857143	2	0	4	0
CC1=C(C(=O)N2CCCCC2=N1)CCN3C=C(N=N3)C4=CC=CC=C4CCN m_282512__24308046__24203602	9	0.4268292682926829	0.43209876543209874	4	0	3	1
CCOC1=CC=CC=C1C2=CN(N=N2)CCC3=C(N=C4CCCCN4C3=O)C s_274090__16949518__12386018	9	0.4268292682926829	0.425531914893617	5	0	2	1
O=C(CN1C(=O)C2CCCCC2C1=O)N3CCN(CC3)C4=CC=CC5=C4C=CS5 s_527__14793136__156526	7	0.4266666666666667	0.484304932735426	3	0	2	0
CC1=C(C(=O)N2CCCCC2=N1)CCN3CCC(CC3)N4N=NC5=C4CCCC5 s_2230__10383826__16949512	10	0.4266666666666667	0.4948453608247423	5	0	3	1
CC1=C(C(=O)N2C=CC=CC2=N1)CCN3CCN(CC3)C4=C(C(=CC=C4)F)F s_2230__9292524__9780156	8	0.425	0.5464684014869888	2	0	4	0
O=C(CN1C(=O)C2=CC=CC=C2C1=O)N3CCN(CC3)C4=CC=CC5=C4C=CS5 s_527__14793136__156271	10	0.4246575342465753	0.3643724696356275	3	0	5	0
CC1=C(C(=O)N2C=CC=CC2=N1)CCN3C=C(N=N3)C4=CC=CC5=C4C=CS5 s_273910__29019122__25421998	9	0.4235294117647059	0.3770491803278688	3	0	5	0
CC1=C(C(=O)N2CCCCC2=N1)CCN3C=C(N=N3)C4=CC=CC(=C4N)C#N s_274090__16949518__28728020	9	0.4235294117647059	0.4325153374233129	6	0	1	0
CC1=C(C(=O)N2C=CC=CC2=N1)CCN3CCN(CC3)C4=NC=NC5=C4SC=C5 s_2230__5635392__9780156	8	0.42168674698795183	0.48606811145510836	4	0	4	0
CC1=C(C(=O)NC2=CC=CC=C12)CC(=O)N3CCN(CC3)C4=CC=CC5=C4C=CS5 s_22__14793122__20854936	10	0.41975308641975306	0.4714828897338403	3	0	6	0
CC1=NC2=CC=CC=C2C(=O)N1CC(=O)N3CCN(CC3)C4=CC=CC5=C4C=CS5 s_527__14793136__9703978	8	0.41975308641975306	0.36823104693140796	2	0	5	0
CC1=C(C(=O)N2C=CC=CC2=N1)CCN3CCN(CC3)C4=CC=CC(=C4C)Br s_2230__27708612__9780156	8	0.41975308641975306	0.5364963503649635	1	0	5	0
CC1=C(C(=O)N2C=CC=CC2=N1)CCN3CCN(CC3)C4=CC=CC(=C4C)Cl s_2230__13446300__9780156	8	0.41975308641975306	0.5421245421245421	1	0	5	0
CC1=C(C(=O)N2CCCCC2=N1)CCN3C=C(N=N3)C4=C5C(=CC=C4)ON=C5N m_282512__24308046__24219794	8	0.4186046511627907	0.3896457765667575	4	1	1	1
CC1=C(C(=O)N2CCCCC2=N1)CCN3CCC(CC3)N4N=CC5=C4CNC5 s_269982__11506158__16949528	7	0.4177215189873418	0.46601941747572817	5	0	1	0
O=C1NC2=CC=CC=C2C(=C1CN3CCN(CC3)C4=CC=CC5=C4C=CS5)Cl s_270004__14793148__14575900	9	0.4177215189873418	0.42585551330798477	3	0	5	0
CC1=C(C(=O)N2CCCCC2=N1)CCN3CCC(CC3)C4=NN=C5N4C=CC=C5 s_2230__4819028__16949512	7	0.4177215189873418	0.5321428571428571	5	0	0	2
CC1=C(C(=O)N2CCCCC2=N1)CCN3CCC(CC3)C4=CN5C=CC=CC5=N4 s_2230__19628938__16949512	6	0.4177215189873418	0.5272727272727272	4	0	0	2
CC1=C(C(=O)N2CCCCC2=N1)CCN3CCC(CC3)C4=CC=NN4CCO s_2230__2544230__16949512	8	0.4177215189873418	0.5447761194029851	3	1	2	0
CC1=C(C(=O)N2C=CC=CC2=N1)CCN3CCN(CC3)C4=CC=CC(=C4O)Cl s_2230__16464374__9780156	8	0.4146341463414634	0.5345454545454545	2	0	4	0
COC1=CC=CC=C1N2CCN(CC2)CCC3=C(N=C4C=CC=CN4C3=O)C s_2230__665554__9780156	8	0.4125	0.5481481481481482	1	0	5	1
CC1=C(C(=O)N2CCCCC2=N1)CCN3CCC(CC3)C(O)C4=CC=NN4C s_2230__12156366__16949512	8	0.4125	0.5653846153846154	4	0	2	0
CC1=C(C(=O)N2CCCCC2=N1)CCN3CCC(CC3)C(O)C4=NC=CN4C s_2230__7558134__16949512	9	0.4125	0.5662650602409639	5	0	2	0
O=C1NC2=C(C=C1NC(=O)N3CCN(CC3)C4=CC=CC5=C4C=CS5)CCCC2 s_2430__11680994__14793140	7	0.4125	0.42662116040955633	3	0	2	1
CC1=C(C(=O)N2CCCCC2=N1)CCN3CCC(CC3)C4=NN=C5N4C=CN=C5 s_2230__18325406__16949512	7	0.4125	0.5342960288808665	5	0	0	2
CC1=C(C(=O)N2CCCCC2=N1)CCN3CCC(CC3)C4=CN5C=CC=NC5=N4 s_2230__19628974__16949512	7	0.4125	0.5315985130111525	5	0	0	2
COCC1=CC(=NO1)C2CCN(CC2)CCC3=C(N=C4CCCCN4C3=O)C s_2230__16514306__16949512	8	0.4125	0.5088967971530249	5	0	1	1
C1=CC2=C(C=CS2)C(=C1)N3CCN(CC3)CCC4=CC=C5OCCOC5=C4 s_2230__14793138__8635612	6	0.410958904109589	0.3449612403100775	4	0	0	2
CC1=C(C(=O)N2CCCCC2=N1)CCN3CCC(CC3)C4=NN=C5N4CCNC5 s_269982__22140850__16949528	10	0.41025641025641024	0.4864864864864865	5	0	3	1
CCN1C(=O)NN=C1C2CCN(CC2)CCC3=C(N=C4CCCCN4C3=O)C s_2230__7540170__16949512	9	0.41025641025641024	0.5714285714285714	4	1	2	0
CC1=C(C(=O)N2C=CC=CC2=N1)CCN3CCN(CC3)C4=CC=CC5=C4N=CN5 s_2230__13968354__9780156	6	0.40963855421686746	0.5016835016835017	2	0	4	0
CC1=C(C(=O)N2C=CC=CC2=N1)CCN3CCN(CC3)C4=CC=CC5=C4NC(=O)N5 s_2230__13166788__9780156	7	0.40963855421686746	0.513986013986014	2	0	4	1
CC1=C(C(=O)C2=CC=CN=C2N1)C(=O)N3CCN(CC3)C4=CC=CC5=C4C=CS5 s_22__14793122__28465996	9	0.40963855421686746	0.3944099378881988	2	0	5	0
CCC(NC(=O)NCCC1=C(N=C2CCCCN2C1=O)C)C3=CC=CC4=C3NC=C4 s_2708__18901578__17547888	7	0.4090909090909091	0.5215827338129496	4	0	1	2
C1=CC2=C(C=CS2)C(=C1)N3CCN(CC3)CCC4=CC=C5OCCCC5=C4 s_2230__14793138__23291970	5	0.40789473684210525	0.34328358208955223	3	0	0	2
CC1=C(C(=O)N2C=CC=CC2=N1)CCN3CCN(CC3)C4=CC=CC=C4C#N s_2230__2561242__9780156	8	0.4074074074074074	0.5404411764705882	1	0	5	1
COC1=CC=CC(=C1F)N2CCN(CC2)CCC3=C(N=C4C=CC=CN4C3=O)C s_2230__22406592__9780156	8	0.40476190476190477	0.5195729537366548	1	1	5	0
CC1=C(C(=O)N2C=CC=CC2=N1)CCN3CCN(CC3)C4=CC=CC5=CN=CC=C45 s_2230__26079272__9780156	6	0.40476190476190477	0.5454545454545454	1	0	4	0
CCOC1=CC=CC=C1N2CCN(CC2)CCC3=C(N=C4C=CC=CN4C3=O)C s_2230__665560__9780156	8	0.4024390243902439	0.5490909090909091	2	0	5	1
CC1=C(C(=O)N2CCCCC2=N1)CCN3C=C(N=N3)C4=CC=C(C5=C4C=NN5)F m_282512__24308046__24219452	8	0.40229885057471265	0.40406976744186046	5	0	1	1
CC1=C(C(=O)N2C=CC=CC2=N1)CCN3CCN(CC3)C4=C(C(=CC=C4)F)C#N s_2230__665178__9780156	8	0.4	0.5229681978798587	2	0	5	0
CC1=C(C(=O)N2CCCCC2=N1)CCN3CCC(CC3)C4=C5CNCCC5=NN4 s_269982__12707276__16949528	9	0.4	0.5086505190311419	5	0	2	2
CC1=C(C(=O)N2C=CC=CC2=N1)CCN3CCN(CC3)C4=CC=CC=C4OC(C)C s_2230__17793700__9780156	9	0.39759036144578314	0.5490909090909091	2	0	5	1
COCC1=CC=CC(=C1)N2CCN(CC2)CCC3=C(N=C4SC=CN4C3=O)C s_2230__26984180__10122656	8	0.39759036144578314	0.44481605351170567	3	0	3	1
CC1=NC2=CC=C(C=C2C(=O)N1CC(=O)N3CCN(CC3)C4=CC=CC5=C4C=CS5)O s_22__14793122__16762640	9	0.3953488372093023	0.356401384083045	2	0	5	0
CC1=C(C(=O)OC2=CC(=CC=C12)N)CC(=O)N3CCN(CC3)C4=CC=CC5=C4C=CS5 s_22__14793122__24347814	11	0.3953488372093023	0.39867109634551495	4	0	5	0
O=C1NC2=CC=CC=C2C(=C1C(=O)N3CCN(CC3)C4=CC=CC5=C4C=CS5)O s_487__14793132__25374498	11	0.3950617283950617	0.4007352941176471	2	0	7	0
CC1=C(C(=O)N2C=CC=CC2=N1)CCN3CCN(CC3)C4=CC=C5CCCC5=C4 s_2230__27337748__9780156	9	0.3950617283950617	0.5392857142857143	1	0	6	2
CC1=C(C(=O)N2C=CC=CC2=N1)CCN3CCN(CC3)C4=CC=CC=C4OC(F)F s_2230__2833942__9780156	9	0.39285714285714285	0.5376344086021505	2	0	5	1
O=C(NC1=CN=C2C=CC=CN2C1=O)N3CCN(CC3)C4=CC=CC5=C4C=CS5 s_2430__22529678__14793140	8	0.39285714285714285	0.4418604651162791	1	0	5	1
NC1=C(C(=O)C2=CC(=CC=C2O1)F)CN3CCN(CC3)C4=CC=CC5=C4C=CS5 s_270004__14793148__24720676	9	0.39285714285714285	0.369281045751634	3	0	4	0
CC1=C(C(=O)N2CCCCC2=N1)CCN3C=C(N=N3)C4=CC=NC5=C4N=CN5 m_282512__24308046__24203706	8	0.39080459770114945	0.39481268011527376	6	0	1	0
CC1=C(C(=O)N2CCCCC2=N1)CCN3CCN(C(C3)C)C4=NC=CN5C4=NN=C5 s_2230__7534636__16949512	6	0.38823529411764707	0.5888888888888889	5	0	0	1
CC1=C(C(=O)N2C=CC=CC2=N1)CCN3CCN(CC3)C4=CC=CN=C4C#N s_2230__16516994__9780156	9	0.38823529411764707	0.47854785478547857	2	0	5	0
O=C(CN1C(=O)C2=CC=CC=C2N=C1S)N3CCN(CC3)C4=CC=CC5=C4C=CS5 s_22__14793122__309126	9	0.3855421686746988	0.3519163763066202	3	0	5	0
O=C(NC1=CN=C2CCCCN2C1=O)N3CCN(CC3)C4=CC=CC5=C4C=CN5 s_2430__22529536__12304852	5	0.3855421686746988	0.4716312056737589	2	0	1	1
O=C(CC1=CC2=CC=CC=C2C=C1O)N3CCN(CC3)C4=CC=CC5=C4C=CS5 s_22__14793122__21389038	10	0.38461538461538464	0.371900826446281	3	0	5	1
CC1=CC2=C(C=C1NC(=O)N3CCN(CC3)C4=CC=CC5=C4C=CS5)OCCO2 s_2430__27548240__14793140	8	0.38271604938271603	0.33212996389891697	5	0	1	1
O=C1NC2=CC=CC=C2C=C1CC(=O)N3CCN(CC3)C4=CC=CC5=C4C=CS5 s_527__14793136__761124	10	0.38271604938271603	0.4881889763779528	2	0	6	1
O=C1OC2=CC=CC=C2C=C1CC(=O)N3CCN(CC3)C4=CC=CC5=C4C=CS5 s_11__14793120__22272908	10	0.38271604938271603	0.4076655052264808	3	0	5	1
O=C(CN1N=CC2=CC=CC=C2C1=O)N3CCN(CC3)C4=CC=CC5=C4C=CS5 s_527__14793136__488308	11	0.38271604938271603	0.314878892733564	4	0	5	0
O=C(CN1N=NC2=CC=CC=C2C1=O)N3CCN(CC3)C4=CC=CC5=C4C=CS5 s_527__14793136__157541	10	0.38271604938271603	0.3368421052631579	3	0	5	0
CC1=C(C(=O)N2C=CC=CC2=N1)CCN3CCN(CC3)C4=CC=NC5=CC=CC=C45 s_2230__10117250__9780156	7	0.38095238095238093	0.5451263537906137	2	0	4	0
CC1=C(C(=O)N2C=CC=CC2=N1)CCN3CCN(CC3)C4=CN=CC5=CC=CC=C45 s_2230__9192186__9780156	7	0.38095238095238093	0.5226480836236934	2	0	4	0
O=C(CN1CCC2=CC=CC=C2C1=O)N3CCN(CC3)C4=CC=CC5=C4C=CS5 s_527__14793136__9452456	11	0.379746835443038	0.35447761194029853	3	0	6	0
CCC1=CC=CC(=C1)N2CCN(CC2)CCC3=C(N=C4C=CC=CN4C3=O)C s_2230__25582804__9780156	8	0.3780487804878049	0.5485074626865671	0	0	6	1
CC(C)C(NC(=O)N1CCN(CC1)C2=CC=CC3=C2C=CS3)C(=O)N4CCOCC4 s_68__23312044__26735642	9	0.3780487804878049	0.39094650205761317	3	0	4	0
O=C(NC1=CN=C2CCCCN2C1=O)N3CCN(CC3)C4=NC=NC5=C4C=CS5 s_2430__22529536__24395850	6	0.3764705882352941	0.4748427672955975	3	0	1	1
C#CCOC1=CC(=C(C(=C1)C)CN2CCN(CC2)C3=CC=CC4=C3C=CS4)C s_270004__14793148__24720298	8	0.375	0.32684824902723736	4	0	2	0
O=C(CN1CC2=CC=CC=C2OC1=O)N3CCN(CC3)C4=CC=CC5=C4C=CS5 s_527__14793136__11545756	12	0.37037037037037035	0.31338028169014087	4	0	6	0
O=C1NC2=CC=CC=C2SC1CC(=O)N3CCN(CC3)C4=CC=CC5=C4C=CS5 s_527__14793136__157859	12	0.37037037037037035	0.3978102189781022	3	0	7	0
C#CC1=CC(=CC=C1)N2CCN(CC2)CCC3=C(N=C4C=CC=CN4C3=O)C s_2230__26079408__9780156	8	0.36904761904761907	0.550561797752809	0	0	6	1
CC1=C(C(=O)N2C=CC=CC2=N1)CCN3CCN(CC3)C4=CC=CC(=C4)C#N s_2230__12551770__9780156	8	0.36904761904761907	0.5424354243542435	1	0	5	1
O=C(NC1=CN=C2CCCCN2C1=O)N3CCN(CC3)C4=CC=CC5=C4C=NN5 s_2430__22529536__17793198	6	0.36904761904761907	0.4731182795698925	3	0	1	1
CC1=C(C(=O)N2C=CC=CC2=N1)CCN3CCN(CC3)C4=NSC5=CC=CC=C45 s_2230__13970256__9780156	9	0.36904761904761907	0.5423728813559322	3	0	4	2
CC1=C(C(=O)N2C=CC=CC2=N1)CCN3CCN(CC3)C4=NC5=CC=CC=C5S4 s_2230__7687160__9780156	9	0.36904761904761907	0.4886731391585761	3	0	4	3
CC1=C(C(=O)N2C=CSC2=N1)CCN3CCC(CC3)C4=CC=CC5=C4C=CN5 s_2230__13035036__10122656	6	0.367816091954023	0.3588957055214724	3	0	2	0
CCOC1=CC=CN=C1N2CCN(CC2)CCC3=C(N=C4SC=CN4C3=O)C s_2230__13138144__10122656	9	0.367816091954023	0.4161490683229814	4	0	3	1
O=C(NC1=CC2=C(C=C1Br)OCCO2)N3CCN(CC3)C4=CC=CC5=C4C=CS5 s_2430__737976__14793140	9	0.36585365853658536	0.32978723404255317	6	0	1	1
O=C(OC1=C(C2=C(C=C1)OCCO2)Cl)N3CCN(CC3)C4=CC=CC5=C4C=CS5 s_68__28413404__26735642	9	0.36585365853658536	0.29553264604810997	6	0	1	1
O=C1C2=CC=CC=C2CCC1CC(=O)N3CCN(CC3)C4=CC=CC5=C4C=CS5 s_527__14793136__16918182	11	0.36585365853658536	0.44715447154471544	2	0	7	0
COCC1=CC=CC(=C1)N2CCN(CC2)CCC3=C(N=C4C=CC=CN4C3=O)C s_2230__26984180__9780156	8	0.36470588235294116	0.5398550724637681	2	0	5	1
CSC1=CC=CC=C1NC(=O)CCN2CCN(CC2)C3=CC=CC4=C3C=CN4 s_2230__12304850__7467114	12	0.3625	0.2509505703422053	5	0	5	0
O=C(CC1=CC2=CC=CC=C2N=C1Cl)N3CCN(CC3)C4=CC=CC5=C4C=CS5 s_11__14793120__27839484	9	0.3614457831325301	0.3321554770318021	2	0	5	1
O=C1OC2=CC=CC=C2C=C1NC(=O)N3CCN(CC3)C4=CC=CC5=C4C=CS5 s_2430__22529320__14793140	11	0.3614457831325301	0.32247557003257327	4	0	5	1
O=C1C(=COC2=CC=CC=C12)NC(=O)N3CCN(CC3)C4=CC=CC5=C4C=CS5 s_68__28893786__26735642	10	0.3614457831325301	0.3322475570032573	3	0	5	1
CC1=C(C(=O)N2C=CC=CC2=N1)CCN3CCN(CC3)C4=CC=CC(=N4)C#N s_2230__15162876__9780156	9	0.36046511627906974	0.4899328859060403	2	0	5	0
CC1=C(C(=O)N2C=CC=CC2=N1)CCN3CCN(CC3)C4=CC=C5NC=NC5=C4 s_2230__21218544__9780156	8	0.36046511627906974	0.5085910652920962	2	0	4	2
CC1=C(C(=O)N2C=CC=CC2=N1)CCN3CCN(CC3)C4=CC=NC5=CC=C(C=C45)F s_2230__26079586__9780156	8	0.3595505617977528	0.5259515570934256	2	0	4	1
CC1=C(C(=O)N2C=CC=CC2=N1)CCN3CCN(CC3)C4=CN=CC=C4C#N s_2230__10433838__9780156	9	0.3563218390804598	0.48484848484848486	2	0	5	1
O=C(NC1=CN=C2CCCCN2C1=O)N3CCN(CC3)C4=CC=NC5=C4SC=C5 s_2430__22529536__22575770	7	0.3563218390804598	0.4675324675324675	4	0	1	1
COC1=CC(=NC=N1)N2CCN(CC2)CCC3=C(N=C4C=CC=CN4C3=O)C s_2230__8799822__9780156	10	0.35294117647058826	0.47368421052631576	2	1	5	1
O=C(NC1=C(C2=NC=CN=C2C=C1)Br)N3CCN(CC3)C4=CC=CC5=C4C=CS5 s_68__28400654__26735642	11	0.35294117647058826	0.34285714285714286	6	0	3	1
CCOC1=CC=NC(=N1)N2CCN(CC2)CCC3=C(N=C4SC=CN4C3=O)C s_2230__3695526__10122656	10	0.3522727272727273	0.38271604938271603	3	1	4	0
O=C1NC2=NC=CC=C2C=C1NC(=O)N3CCN(CC3)C4=CC=CC5=C4C=CS5 s_68__29804264__26735642	11	0.3488372093023256	0.3384615384615385	4	0	5	1
O=C(NC1=CN=C2CCCCN2C1=O)N3CCN(CC3)C4=CC=CC5=C4OC=C5 s_2430__22529536__28470156	6	0.3488372093023256	0.475	3	0	1	1
CC1=C(C(=O)N2C=CC=CC2=N1)CCN3CCN(CC3)C4=C5C=CC=C(C5=CC=N4)Br s_2230__20009906__9780156	8	0.34831460674157305	0.5172413793103449	2	0	4	0
CC1=C(C(=O)N2C=CC=CC2=N1)CCN3CCC(CC3)N4CCCC5=CC=CC=C45 s_2230__7461308__9780156	11	0.3448275862068966	0.4827586206896552	3	0	7	0
CC1=C(C(=O)N2C=CC=CC2=N1)CCN3CCN(CC3)C4=NN=CC5=CC=CC=C45 s_2230__7687184__9780156	8	0.3448275862068966	0.5119453924914675	3	0	4	0
COC1=CC=CN=C1N2CCN(CC2)CCC3=C(N=C4C=CC=CN4C3=O)C s_2230__21189704__9780156	9	0.3448275862068966	0.5085910652920962	2	0	5	1
COC1=CC=NC(=C1)N2CCN(CC2)CCC3=C(N=C4C=CC=CN4C3=O)C s_2230__3392694__9780156	9	0.3448275862068966	0.5157894736842106	1	1	5	1
O=C(NC1=CN=C2CCCCN2C1=O)N3CCN(CC3)C4=NC=NC5=C4SC=C5 s_2430__22529536__5635394	8	0.3448275862068966	0.43425076452599387	5	0	1	1
CC1=C(C(=O)N2C=CC=CC2=N1)CCN3CCN(CC3)C4CC5=CC=CC=C5C4 s_2230__4821622__9780156	10	0.34146341463414637	0.4927536231884058	1	0	7	3
CC1=C(C(=O)N2C=CC=CC2=N1)CCN3CCN(CC3)C4=NC=CC=C4C#N s_2230__665518__9780156	9	0.3409090909090909	0.4882943143812709	2	0	5	1
CC1=C(C(=O)N2C=CC=CC2=N1)CCN3CCN(CC3)C4=CC(=CC=N4)C#N s_2230__804578__9780156	9	0.3409090909090909	0.5051903114186851	2	0	5	1
CC1=C(C(=O)N2C=CC=CC2=N1)CCN3CCN(CC3)C4=CC=NC(=C4)C#N s_2230__26079166__9780156	9	0.3409090909090909	0.4982698961937716	2	0	5	1
CC(=O)C1=CC=CC=C1NC(=O)CCCN2CCN(CC2)C3=CC=CC4=C3C=CN4 s_2230__12304850__11757162	11	0.3373493975903614	0.29277566539923955	3	0	6	0
O=C(NC1=CN=C2CCCCN2C1=O)N3CCN(CC3)C4=CC=CC5=C4N=CN5 s_2430__22529536__26861752	6	0.3372093023255814	0.4440677966101695	3	0	1	1
CC1=C(C(=O)N2C=CC=CC2=N1)CCN3CCC(CC3)N4CCC5=CC=CC=C45 s_2230__9819762__9780156	11	0.3372093023255814	0.4843205574912892	3	0	6	2
CC1=C(C(=O)N2C=CC=CC2=N1)CCN3CCC(CC3)C4=CC=CC5=C4C=CN5 s_2230__13035036__9780156	6	0.33707865168539325	0.43234323432343236	2	0	4	0
CCOC1=CC=CN=C1N2CCN(CC2)CCC3=C(N=C4C=CC=CN4C3=O)C s_2230__13138144__9780156	9	0.33707865168539325	0.5033557046979866	3	0	5	1
CCCCC1=NC(=C(C(=O)N1)CC(=O)N2CCN(CC2)C3=CC=CC4=C3C=CN4)C s_22__11825898__24335918	4	0.33707865168539325	0.6707818930041153	1	0	1	2
COC1=CN=CC(=C1)N2CCN(CC2)CCC3=C(N=C4C=CC=CN4C3=O)C s_2230__12297314__9780156	9	0.3333333333333333	0.48484848484848486	1	1	5	1
CC(=O)C1=CC=CC=C1NC(=O)CCCN2CCN(CC2)C3=CC=CC4=C3C=NN4 s_2230__17793196__11757162	12	0.3333333333333333	0.3023255813953488	4	0	6	0
O=C1C2=CC=CC=C2C(=O)N1CCN3CCN(CC3)C4=C5C=C(SC5=CC=C4)Br s_2230__22406464__680282	9	0.3333333333333333	0.36470588235294116	3	0	4	1
CC1=C(C(=O)N2C=CC=CC2=N1)CCN3CCC(CC3)N4C=NC5=CC=CC=C45 s_2230__17309928__9780156	10	0.3333333333333333	0.41423948220064727	4	0	4	2
CC1=C(C(=O)N2C=CC=CC2=N1)CCN3CCC(CC3)N4N=CC5=CC=CC=C45 s_2230__14471224__9780156	10	0.3333333333333333	0.4166666666666667	4	0	4	2
CC1=C(C(=O)N2C=CC=CC2=N1)CCN3CCC(CC3)N4N=NC5=CC=CC=C45 s_2230__25583134__9780156	11	0.3333333333333333	0.41025641025641024	5	0	4	2
COC1=CC=CC(=C1F)C2CCN(CC2)CCC3=C(N=C4SC=CN4C3=O)C s_2230__9050844__10122656	9	0.3333333333333333	0.36363636363636365	3	1	3	0
CC1=C(C(=O)N2C=CC=CC2=N1)CCN3C=C(N=N3)C4=CC=CC5=C4SC=C5 s_273910__29019122__25421906	11	0.32967032967032966	0.37534246575342467	5	0	5	0
CC1=C(C(=O)N2C=CC=CC2=N1)CCN3CCC(CC3)CC4=CC=CC5=C4C=CN5 s_2230__26079434__9780156	7	0.32967032967032966	0.4463087248322148	2	0	4	0
CCCCC1=NC(=C(C(=O)N1)CC(=O)N2CCN(CC2)C3=NC=NC4=C3C=CS4)C s_527__24395882__24335920	5	0.32967032967032966	0.6415770609318996	2	0	1	2
COC1=CC=NC(=N1)N2CCN(CC2)CCC3=C(N=C4C=CC=CN4C3=O)C s_2230__7460978__9780156	10	0.32954545454545453	0.46938775510204084	2	1	5	0
CCOC1=CC=CC=C1C2CCN(CC2)CCC3=C(N=C4SC=CN4C3=O)C s_2230__5307032__10122656	9	0.32954545454545453	0.3670886075949367	4	0	3	1
CC1=C(C(=O)N2C=CC=CC2=N1)CCN3CCC(CC3)C4=CC=CC5=CC=CC=C45 s_2230__2303372__9780156	7	0.32558139534883723	0.47601476014760147	2	0	4	0
CCOC1=CC=NC(=N1)N2CCN(CC2)CCC3=C(N=C4C=CC=CN4C3=O)C s_2230__3695526__9780156	10	0.32222222222222224	0.45874587458745875	2	1	6	0
CC1=C(C(=O)N2C=CC=CC2=N1)CCN3CCN(CC3)C4=NC=CN=C4C#N s_2230__20077358__9780156	10	0.3218390804597701	0.44625407166123776	3	0	5	0
COC1=CN=CC(=N1)N2CCN(CC2)CCC3=C(N=C4C=CC=CN4C3=O)C s_2230__22407426__9780156	10	0.3218390804597701	0.4521452145214521	2	1	5	0
CC1=CC=CC(=C1C)C2CCN(CC2)CCC3=C(N=C4C=CC=CN4C3=O)C s_2230__13575530__9780156	9	0.3218390804597701	0.45714285714285713	1	0	6	0
CC1=C(C(=O)N2C=CC=CC2=N1)CCN3CCN(CC3)C4CCC5=CC=CC=C45 s_2230__22865356__9780156	10	0.3218390804597701	0.46757679180887374	1	0	7	2
CC1=C(C(=O)N2C=CC=CC2=N1)CCN3CCN(CC3)C4=NC5=CC=CC=C5N4 s_2230__8124408__9780156	9	0.3218390804597701	0.4652777777777778	3	0	4	3
CC1=C(C(=O)N2C=CC=CC2=N1)CCN3CCN(CC3)C4=NC5=CC=CC=C5O4 s_2230__3695184__9780156	9	0.3218390804597701	0.4254658385093168	3	0	4	3
CC1=C(C(=O)N2C=CC=CC2=N1)CCN3CCC(CC3)C4=NN=C5N4CCC5 s_2230__2745108__9780156	12	0.32142857142857145	0.39556962025316456	5	0	6	0
CC1=C(C(=O)N2C=CC=CC2=N1)CCN3CCC(CC3)N4N=C5C=CC=CC5=N4 m_2230__16517384__9780156	11	0.32142857142857145	0.4276094276094276	5	0	4	3
O=C1C2=CC=CC=C2C(=O)N1CCN3CCN(CC3)C4=NC=NC5=C4C=CS5 s_2230__24395838__680282	10	0.32	0.271523178807947	5	0	4	0
COC1=CC=CC(=C1)C2CCN(CC2)CCC3=C(N=C4C=CC=CN4C3=O)C s_2230__2391464__9780156	9	0.3181818181818182	0.445993031358885	1	1	5	1
CC1=C(C(=O)N2C=CC=CC2=N1)CCN3CCC(CC3)C4=C(C(=CC=C4)F)F s_2230__11566760__9780156	9	0.3181818181818182	0.44912280701754387	3	0	4	0
O=C1C2=CC=CC=C2C(=O)N1CCC3=CCN(CC3)C4=NC=CC5=C4C=CS5 s_27__9581216__1009294	11	0.3170731707317073	0.35570469798657717	5	0	5	0
CCC1=CC=CC=C1NC(=O)CCN2CCN(CC2)C3=CC=CC4=C3C=CN4 s_2230__12304850__18188028	12	0.3170731707317073	0.23863636363636365	4	0	6	0
O=C1NC2=CC=CC=C2SC1CCN3CCN(CC3)C4=CC=CC5=C4C=CN5 s_2230__12304850__10902816	11	0.3132530120481928	0.2593856655290102	4	0	6	0
COC1=CC=CC=C1NC(=O)CCN2CCN(CC2)C3=CC=CC4=C3C=CN4 s_2230__12304850__804508	12	0.3132530120481928	0.23684210526315788	5	0	5	0
CCCCC1=NC(=C(C(=O)N1)CC(=O)N2CCN(CC2)C3=CC=NC4=C3SC=C4)C s_22__13570828__24335918	6	0.3118279569892473	0.6468401486988847	3	0	1	2
CC1=NC(=C2C=NN(C2=N1)C)N3CCN(CC3)CCC4=C(N=C5C=CC=CN5C4=O)C s_2230__4931908__9780156	10	0.3111111111111111	0.42565597667638483	4	0	4	1
CCOC1=CC=CC=C1C2=CCN(CC2)CCC3=C(N=C4SC=CN4C3=O)C s_2230__2206582__10122656	10	0.3111111111111111	0.3652694610778443	4	0	4	1
O=C1C2=CC=CC=C2C(=O)N1CCN3CCN(CC3)C4=CC=CC5=C4C=CN5 s_2230__12304850__680282	9	0.3108108108108108	0.23048327137546468	4	0	4	0
O=C(CN1N=CC2=C(C1=O)CCCC2)N3CCN(CC3)C4=CC=CC5=C4C=CN5 s_1626__22069002__22121714	8	0.3103448275862069	0.290519877675841	5	0	1	0
O=C1NC2=CC=CC=C2SC1CCN3CCN(CC3)C4=CC=CC5=C4C=NN5 s_2230__17793196__10902816	12	0.30952380952380953	0.2708333333333333	5	0	6	0
CCN1N=C(C2=CC=CC=C12)CCCN3CCN(CC3)C4=CC=CC5=C4C=CN5 s_270004__12304860__24721672	12	0.30952380952380953	0.22115384615384615	3	0	7	0
CC1=C(C(=O)N2C=CC=CC2=N1)CCN3CC=C(CC3)C4=CC=CC5=CC=CC=C45 s_2230__2262196__9780156	8	0.3068181818181818	0.4628975265017668	2	0	5	0
CC1=C(C(=O)N2C=CC=CC2=N1)CCN3CCC(CC3)C4=CC=CC=C4CN s_269982__16770194__22498030	9	0.3068181818181818	0.4642857142857143	2	0	5	1
CC1=C(C(=O)N2C=CC=CC2=N1)CCN3CCC(CC3)C4=CC=CC=C4CO s_2230__9164062__9780156	9	0.3068181818181818	0.4558303886925795	1	1	5	1
COC1=CC=CC=C1C2CCN(CC2)CCC3=C(N=C4C=CC=CN4C3=O)C s_2230__17628986__9780156	9	0.3068181818181818	0.4409722222222222	2	0	5	1
O=C(CN1N=CC2=C(C1=O)CCCC2)N3CCN(CC3)C4=NC=NC5=C4C=CS5 s_11__24395822__14868728	9	0.3068181818181818	0.3268698060941828	6	0	1	0
O=C(NCCN1CCN(CC1)C2=NC=NC3=C2C=CS3)C4=CSC5=C4CCCC5 m_276450__18755804__14203690__18957688	10	0.3068181818181818	0.25136612021857924	8	0	0	0
O=C1C2=CC=CC=C2C(=O)N1CCN3CCN(CC3)C4=CC=CC5=C4C=NN5 s_2230__17793196__680282	10	0.30666666666666664	0.23308270676691728	5	0	4	0
O=C1C2=CC=CC=C2N=CN1CCN3CCN(CC3)C4=C5C=C(SC5=CC=C4)Br s_2230__22406464__7471562	8	0.3058823529411765	0.36330935251798563	2	0	4	2
COC1=CC=CC(=C1F)C2CCN(CC2)CCC3=C(N=C4C=CC=CN4C3=O)C s_2230__9050844__9780156	9	0.30434782608695654	0.43434343434343436	2	1	5	0
CC1=C(C(=O)N2C=CC=CC2=N1)CCN3CCC(CC3)C4=CC=CC5=CN=CC=C45 s_2230__10383828__9780156	7	0.30434782608695654	0.4421768707482993	2	0	4	0
CCCCC1=NC(=C(C(=O)N1)CC(=O)N2CCN(CC2)C3=CC=CC4=C3OC=C4)C s_22__28465444__24335918	5	0.30434782608695654	0.6721991701244814	2	0	1	2
CC1=C(C(=O)N2C=CC=CC2=N1)CCN3CCC(CC3)C4=CC=CC=C4C#N s_2230__22996886__9780156	9	0.30337078651685395	0.45229681978798586	2	0	5	1
CC1=CC=CC(=C1C)C2=CCN(CC2)CCC3=C(N=C4C=CC=CN4C3=O)C s_2230__13451958__9780156	10	0.30337078651685395	0.43812709030100333	1	0	7	0
CC1=C(C(=O)N2C=CC=CC2=N1)CCN3CCC4(CC3)C(=O)NC5=CC=CC=C45 s_2230__15247444__9780156	9	0.30337078651685395	0.4713804713804714	2	1	4	2
O=C(NCCN1CCN(CC1)C2=NC=NC3=C2C=CS3)C4=COC5=C4CCCC5 m_276450__18755804__27786072__18957688	10	0.30337078651685395	0.2506811989100817	8	0	0	0
CC(=O)C1=CC=CC=C1NC(=O)CCCN2CCN(CC2)C3=CC=CC4=C3N=CN4 s_2230__13968354__11757162	12	0.3023255813953488	0.2779783393501805	4	0	6	0
O=C(CCN1CCN(CC1)C2=CC=CC3=C2C=CN3)NC4=CC=CC=C4CO s_2230__12304850__22606972	12	0.30120481927710846	0.2480916030534351	3	0	7	0
CC1=C(C(=O)N2C=CC=CC2=N1)CCN3CCC(CC3)C4=NC5=CC=CN=C5S4 s_2230__25583960__9780156	11	0.3010752688172043	0.4208955223880597	5	0	4	3
CC1=C(C(=O)N2C=CC=CC2=N1)CCN3CCC(CC3)C4=NC5=CN=CC=C5S4 s_2230__25806648__9780156	10	0.3010752688172043	0.4059701492537313	4	0	4	3
CCOC1=CC=CC=C1C2CCN(CC2)CCC3=C(N=C4C=CC=CN4C3=O)C s_2230__5307032__9780156	9	0.3	0.4421768707482993	3	0	5	1
COC1=CC=CC(=C1)C2=CCN(CC2)CCC3=C(N=C4C=CC=CN4C3=O)C s_2230__2303336__9780156	10	0.3	0.4304635761589404	1	1	6	1
CC1=C(C(=O)N2C=CC=CC2=N1)CCN3CCC4(CC3)CNCC5=CC=CC=C45 s_269982__23176304__22498030	10	0.3	0.4395973154362416	3	0	5	1
CC1=C(C(=O)N2C=CC=CC2=N1)CCN3CCC4(CC3)OCCC5=CC=CC=C45 s_2230__10890642__9780156	10	0.3	0.4258064516129032	1	1	6	1
O=C(NCCN1CCN(CC1)C2=NC=NC3=C2C=CS3)C4=NNC5=C4CCCN5 m_276450__18755804__27783838__18957688	11	0.3	0.2809917355371901	9	0	0	0
CC1=C(C(=O)N2C=CC=CC2=N1)CCN3CCC(CC3)C4=CNC5=CC=CC=C45 s_2230__665714__9780156	9	0.3	0.4309210526315789	3	0	4	2
CC1=C(C(=O)N2C=CC=CC2=N1)CCN3CCC(CC3)C4=CC5=CC=CC=C5N4 s_2230__2206656__9780156	9	0.3	0.42810457516339867	3	0	4	3
CC1=C(C(=O)N2C=CC=CC2=N1)CCN3CCC(CC3)C4=NC5=CC=CC=C5N4 s_2230__7462750__9780156	10	0.3	0.43197278911564624	4	0	4	3
CC1=C(C(=O)N2C=CC=CC2=N1)CCN3CCC(CC3)C4=NC5=CC=CC=C5O4 s_2230__679108__9780156	10	0.3	0.401840490797546	4	0	4	3
N#CC1=CC=CC=C1NC(=O)CCN2CCN(CC2)C3=CC=CC4=C3C=CN4 s_2230__12304850__7467108	12	0.2976190476190476	0.23773584905660378	4	0	6	0
CC1=C(C(=O)N2C=CC=CC2=N1)CCN3CCC(CC3)C4=CC=NC5=CC=CC=C45 s_2230__10706192__9780156	8	0.2967032967032967	0.4391891891891892	3	0	4	0
CC1=C(C(=O)N2N=CC=C2N1)CC(=O)N3CCN(CC3)C4=CC=CC5=C4C=CN5 s_22__11825898__3392754	8	0.2967032967032967	0.29329608938547486	2	0	4	0
O=C(CN1N=CC2=C(C1=O)CCCC2)N3CCN(CC3)C4=CC=CC5=C4C=NN5 s_11__25843324__14868728	9	0.29545454545454547	0.2981366459627329	6	0	1	0
O=C1C2=CC=CC=C2N=CN1CCN3CCN(CC3)C4=NC=NC5=C4C=CS5 s_2230__24395838__7471562	9	0.29411764705882354	0.28792569659442724	4	0	4	1
CCN1C=CN=C1CN2CCN(CC2)CCC3=C(N=C4C=CC=CN4C3=O)C s_2230__3695196__9780156	12	0.29411764705882354	0.4452054794520548	3	0	7	0
CC1=C(C(=O)N2C=CC=CC2=N1)CCN3CC=C(CC3)C4=CC=CC(=C4F)Cl m_2230__16511224__9780156	10	0.29347826086956524	0.41935483870967744	3	0	5	0
CCCCC1=NC(=C(C(=O)N1)CC(=O)N2CCN(CC2)C3=CC=CC4=C3N=CN4)C s_22__13968870__24335918	5	0.29347826086956524	0.6264591439688716	2	0	1	2
CC1=C(C(=O)N2C=CSC2=N1)CCN3CCN(CC3)C4=CN=CC5=NC=NN45 s_2230__9417632__10122656	8	0.29213483146067415	0.3626062322946176	5	0	2	0
CC1=NN2C(=CN=CC2=N1)N3CCN(CC3)CCC4=C(N=C5SC=CN5C4=O)C s_2230__9090830__10122656	9	0.29213483146067415	0.3561643835616438	5	0	2	1
O=C(NCCN1CCN(CC1)C2=NC=NC3=C2C=CN3)C4=CN=C5N4CCCC5 m_276450__18755804__14206804__18251492	12	0.29213483146067415	0.17391304347826086	10	0	0	0
CC1=C(C(=O)N2C=CC=CC2=N1)CCN3CCC(CC3)N4C=NC5=CC=CN=C45 s_2230__15494046__9780156	11	0.2903225806451613	0.3944099378881988	5	0	4	2
CC1=C(CCCO1)C(=O)N2CC[C@H](C2)N3CCN(CC3)C4=NC=NC5=C4C=CS5 m_276450__27869470__14200236__18957688	9	0.2903225806451613	0.3549382716049383	6	0	1	2
C=CCC1CCCCN1C(=O)CCCN2C=C(N=N2)C3=CC=CC4=C3C=CS4 m_274860__17175286__15234898__23196854	10	0.2903225806451613	0.2625	4	0	4	1
O=C1C2=CC=CC=C2C(=O)N1CCC3=CCN(CC3)C4=NC=NC5=C4C=CS5 s_27__9581216__60938	12	0.2891566265060241	0.3103448275862069	6	0	5	0
CC1=C(C(=O)N2C=CSC2=N1)CCN3CCN(CC3)C4=C5C=CN=C5NC=N4 s_2230__15607896__10122656	7	0.28888888888888886	0.3855072463768116	4	0	2	0
CCN1CCCCC1C(=O)NCCN2CCN(CC2)C3=NC=NC4=C3C=CS4 m_276450__18755804__14205232__18957688	8	0.28888888888888886	0.3333333333333333	5	0	1	0
COC1=CC=CC=C1C2=CCN(CC2)CCC3=C(N=C4C=CC=CN4C3=O)C s_2230__16924054__9780156	10	0.28888888888888886	0.42295081967213116	2	0	6	1
O=C(CN1N=CC2=C(C1=O)CCCC2)N3CCN(CC3)C4=CC=NC5=C4SC=C5 s_11__22174274__14868728	10	0.28888888888888886	0.3028571428571429	7	0	1	0
CC1=C(C(=O)N2C=CC=CC2=N1)CCN3CCC(CC3)C4=CNC5=CC=CN=C45 s_2230__18057700__9780156	10	0.2872340425531915	0.4185303514376997	4	0	4	2
CC1=C(C(=O)N2C=CC=CC2=N1)CCN3CCC(CC3)C4=CNC5=NC=CC=C45 s_2230__7462992__9780156	9	0.2872340425531915	0.40372670807453415	3	0	4	4
CCCN1CCCCC1C(=O)NCCN2C=C(N=N2)C3=CC=CC4=C3C=CS4 m_276010__17281894__17254492__24751644	11	0.2872340425531915	0.24610591900311526	7	0	2	0
O=C1C2=CC=CC=C2N=CN1CCN3CCN(CC3)C4=CC=CC5=C4C=CN5 s_2230__12304850__7471562	8	0.2857142857142857	0.2363013698630137	3	0	4	1
O=C1C2=CC=CC=C2C(=O)N1CCN3CCN(CC3)C4=NC=NC5=C4SC=C5 s_2230__5635392__680282	12	0.2857142857142857	0.22364217252396165	7	0	4	0
CC1=C(C(=O)N2C=CC=CC2=N1)CCN3CCN(CC3)C(=O)C4=CC=CN4C s_2230__12121556__9780156	10	0.2857142857142857	0.4383116883116883	3	0	5	0
O=C(NC1=CN=C2CCCCN2C1=O)N3CCC(CC3)C4=CC=CC5=C4C=CN5 s_2430__22529536__13035038	6	0.2857142857142857	0.37216828478964403	3	0	1	1
COC1=C(C=CC=C1C2CCN(C2)CCC3=C(N=C4C=CC=CN4C3=O)C)F s_2230__17654190__9780156	10	0.28421052631578947	0.40514469453376206	3	0	5	0
CCC1=CC=CC=C1C(=O)NCCN2CCN(CC2)C3=NC=NC4=C3C=CS4 m_276450__18755804__14201874__18957688	11	0.2840909090909091	0.26143790849673204	4	0	5	0
CNC1=CC=CC=C1C(=O)NCCN2CCN(CC2)C3=NC=NC4=C3C=CS4 m_276450__18755804__27814096__18957688	11	0.2840909090909091	0.28	4	0	5	0
CCOC1=CC=CC=C1C2=CCN(CC2)CCC3=C(N=C4C=CC=CN4C3=O)C s_2230__2206582__9780156	10	0.2826086956521739	0.4230769230769231	3	0	6	1
CC1=C(C(=O)N2N=CC=C2N1)CC(=O)N3CCN(CC3)C4=CC=CC5=C4C=NN5 s_11__25843324__3392752	9	0.2826086956521739	0.2897727272727273	3	0	4	0
CC1=NC2=NC=NN2C(=C1CC(=O)N3CCN(CC3)C4=CC=CC5=C4C=CN5)C s_1626__22069002__22102660	8	0.2826086956521739	0.22188449848024316	4	0	2	0
CC1=NC2=CC=CC=C2C(=O)N1CC(=O)N3CCN(CC3)C4=C5C=C(SC5=CC=C4)Br s_11__22183064__22136346	9	0.2826086956521739	0.3583617747440273	2	0	5	1
CC1=C(C(=O)N2C=CC=CC2=N1)CCN3CC=C(CC3)C4=CNC5=CC=CC=C45 s_2230__13421042__9780156	10	0.2826086956521739	0.41284403669724773	3	0	5	2
CCCC1=C(SN=N1)C(=O)NCCN2CCN(CC2)C3=NC=NC4=C3C=CS4 m_276450__18755804__27811504__18957688	11	0.2826086956521739	0.2565597667638484	8	0	1	0
CC1=C(C(=O)N2C=CC=CC2=N1)CCN3CCN(CC3)C4=NC=CN(C4=O)C s_2230__20278136__9780156	10	0.2823529411764706	0.4532871972318339	3	0	5	0
O=C(CN1N=CC2=C(C1=O)CCCC2)N3CCN(CC3)C4=CC=CC5=C4OC=C5 s_11__28469268__14868728	9	0.2808988764044944	0.2874617737003058	6	0	1	0
CC1=NC2=NC=NN2C(=C1CC(=O)N3CCN(CC3)C4=NC=NC5=C4C=CS5)C s_11__24395822__115783	9	0.27956989247311825	0.2591549295774648	5	0	2	0
CC1=C(COCC1)C(=O)N2CC[C@H](C2)N3CCN(CC3)C4=NC=NC5=C4C=CS5 m_276450__27869470__27785454__18957688	9	0.27956989247311825	0.35873015873015873	6	0	1	2
O=C1NC2=CC=CC=C2SC1CCN3CCN(CC3)C4=CC=CC5=C4N=CN5 s_2230__13968354__10902816	12	0.27906976744186046	0.24836601307189543	5	0	6	0
CC1=C(C(=O)N2C=CC=CC2=N1)CCN3CCN(CC3)C(=O)C4=CC=NN4C s_2230__21458684__9780156	10	0.27906976744186046	0.43506493506493504	3	0	5	0
CC1=C(C(=O)N2C=CC=CC2=N1)CCN3CCN(CC3)C4=CN5C=CN=C5C=C4 s_2230__22406644__9780156	9	0.27906976744186046	0.4735099337748344	3	0	4	2
CC1=C(C(=O)N2C=CC=CC2=N1)CCN3CCN(CC3)C4=NN5C=NN=C5C=C4 s_2230__3695172__9780156	11	0.27906976744186046	0.46645367412140576	5	0	4	1
CCC1=CC=CN=C1C(=O)NCCN2CCN(CC2)C3=NC=NC4=C3C=CS4 m_276450__18755804__14204362__18957688	11	0.2777777777777778	0.2560240963855422	5	0	4	0
O=C(NCCN1CCN(CC1)C2=NC=NC3=C2SC=C3)C4=C5CCCCC5=CS4 m_276450__18755804__27810886__14214582	11	0.2777777777777778	0.20698924731182797	8	1	0	1
O=C(NCCN1CCN(CC1)C2=NC=NC3=C2SC=C3)C4=CSC5=C4CCCC5 m_276450__18755804__14203690__14214582	12	0.2777777777777778	0.21390374331550802	10	0	0	0
CC1=C(C(=O)N2C=CC=CC2=N1)CCN3CCC(CC3)C4=NN=C5N4C=CC=C5 s_2230__4819028__9780156	11	0.27710843373493976	0.4148606811145511	5	0	4	2
CC1=C(C(=O)N2C=CC=CC2=N1)CCN3C=C(C=N3)C4=CC=CC5=C4OCO5 s_2624__28902240__27378702	12	0.2765957446808511	0.32275132275132273	3	1	7	0
CC1=C(C(=O)N2C=CC=CC2=N1)CCN3C=C(N=N3)C4=CC=CC5=C4OCO5 s_273910__29019122__25421384	12	0.2765957446808511	0.30730478589420657	4	1	6	0
O=C(NCCN1CCN(CC1)C2=NC=NC3=C2C=CS3)C4CCCC5=C4C=NN5 m_276450__18755804__14202058__18957688	10	0.2765957446808511	0.30952380952380953	7	0	1	0
O=C(NCCN1CCN(CC1)C2=NC=NC3=C2C=CS3)C4CCCC5=CN=CN45 m_276450__18755804__27783692__18957688	11	0.2765957446808511	0.3039772727272727	7	0	2	0
O=C1C2=CC=CC=C2C(=O)N1CCN3CCN(CC3)C4=CC=CC5=C4NC=C5 m_2230__12909440__680282	10	0.27631578947368424	0.2222222222222222	5	0	4	0
O=C1C2=CC=CC=C2C(=O)N1CCN3CCN(CC3)C4=CC=CC5=C4OC=C5 s_2230__28471962__680282	10	0.27631578947368424	0.23134328358208955	5	0	4	0
CC1=C(COCC1)C(=O)N(C)CCC2CCN(CC2)C3=NC=NC4=C3C=CS4 m_276450__14193134__27785454__18957688	9	0.27472527472527475	0.32792207792207795	7	0	0	0
O=C(NCCN1CCN(CC1)C2=NC=NC3=C2C=CS3)C4=CC=CC5=C4N=CN5 m_276450__18755804__14201520__18957688	11	0.27472527472527475	0.24458204334365324	5	0	4	1
CCCC1CCCC1C(=O)NCCN2CCN(CC2)C3=NC=NC4=C3C=CS4 m_276450__18755804__14203984__18957688	9	0.27472527472527475	0.3274021352313167	5	0	2	0
CC1=C(C(=O)N2C=CC=CC2=N1)CCN3C=C(N=N3)C4=CC=CC5=C4C=NN5 s_273910__29019122__25421768	11	0.2736842105263158	0.32085561497326204	5	0	5	0
CC1=C(C(=O)N2N=CC=C2N1)CC(=O)N3CCN(CC3)C4=CC=NC5=C4SC=C5 s_11__22174274__3392752	10	0.2736842105263158	0.3010471204188482	4	0	4	0
CC1=C(C(=O)N2C=CC=CC2=N1)CCN3CCC(CC3)C4=CNC5=CN=CC=C45 s_2230__20055952__9780156	9	0.2736842105263158	0.41025641025641024	3	0	4	2
O=C1NC2=CC=CC=C2SC1CCN3CCN(CC3)C4=CC=CC5=C4OC=C5 s_2230__28471962__10902816	12	0.2727272727272727	0.2696245733788396	5	0	6	0
CC1=NN=C2N1C=CN=C2N3CCN(CC3)CCC4=C(N=C5C=CC=CN5C4=O)C s_2230__9109964__9780156	10	0.2727272727272727	0.4350453172205438	5	0	4	0
CC1=C(C(=O)NC2=CC=CC=C12)CC(=O)N3CCN(CC3)C4=CC=CC5=C4C=CN5 s_22__11825898__20854936	11	0.2727272727272727	0.3412969283276451	4	0	6	0
O=C1C2=CC=CC=C2C(=O)N1CCN3CCN(CC3)C4=CC=CC5=C4N=CN5 s_2230__13968354__680282	10	0.2727272727272727	0.21554770318021202	5	0	4	0
CC1=NC2=CC=CC=C2C(=O)N1CC(=O)N3CCN(CC3)C4=NC=NC5=C4C=CS5 s_527__24395882__9703978	10	0.2717391304347826	0.2831858407079646	4	0	5	0
CCC1=CN=CC=C1C(=O)NCCN2CCN(CC2)C3=NC=NC4=C3C=CS4 m_276450__18755804__14204354__18957688	11	0.2717391304347826	0.2563291139240506	5	0	4	0
CNC1=CN=CC=C1C(=O)NCCN2CCN(CC2)C3=NC=NC4=C3C=CS4 m_276450__18755804__27812084__18957688	11	0.2717391304347826	0.26282051282051283	5	0	4	0
CC1=C(C(=O)C2=CC=CN=C2N1)C(=O)N3CCN(CC3)C4=NC=NC5=C4C=CS5 s_22__24035806__28465996	11	0.2717391304347826	0.32345013477088946	4	0	5	0
CC1=C(C(=O)N2C=CC=CC2=N1)CCN3CC=C(CC3)C4=CNC5=NC=CC=C45 s_2230__7460536__9780156	10	0.2708333333333333	0.3872832369942196	3	0	5	4
O=C1C2=CC=CC=C2N=CN1CCN3CCN(CC3)C4=CC=CC5=C4C=NN5 s_2230__17793196__7471562	9	0.27058823529411763	0.23875432525951557	4	0	4	1
CC1=C(C(=O)N2C=CC=CC2=N1)CCN3CCC(CC3)C4=CN5C=CC=CC5=N4 s_2230__19628938__9780156	10	0.27058823529411763	0.40062111801242234	4	0	4	2
CC1=C(C(=O)N2C=CC=CC2=N1)CCN3CCN(CC3)CCNC(=O)C4=CC=CO4 s_2230__24549986__9780156	10	0.2696629213483146	0.4612794612794613	1	1	6	2
CC1=C(C(=O)OC2=CC=CC=C12)C(=O)N3CCN(CC3)C4=CC=CC5=C4C=CN5 s_1626__22069002__22017184	12	0.2696629213483146	0.271875	5	0	5	0
O=C(NCCN1CCN(CC1)C2=NC=NC3=C2C=CS3)C4CCCCC4C5CC5 m_276450__18755804__14205338__18957688	9	0.2696629213483146	0.3274021352313167	5	0	2	1
COC1=CN=CC=C1C(=O)NCCN2CCN(CC2)C3=NC=NC4=C3C=CS4 m_276450__18755804__27815324__18957688	11	0.26881720430107525	0.2643312101910828	6	0	3	0
CC1=C(C(=O)N2N=CC=C2N1)CC(=O)N3CCN(CC3)C4=CC=CC5=C4NC=C5 m_527__12909438__3392756	9	0.26881720430107525	0.287292817679558	3	0	4	0
CC1=NC2=NC=NN2C(=C1CC(=O)N3CCN(CC3)C4=CC=CC5=C4C=NN5)C s_11__25843324__115783	9	0.26881720430107525	0.2191358024691358	5	0	2	0
O=C1NC2=CC=CC=C2C(=C1CN3CCN(CC3)C4=CC=CC5=C4C=CN5)Cl s_270004__12304860__14575900	10	0.26744186046511625	0.2935153583617747	4	0	5	0
O=C(NC1=CC=CC=C1Br)OCCN2CCN(CC2)C3=CC=CC4=C3C=CN4 s_2230__12304850__22379588	12	0.26744186046511625	0.22262773722627738	5	0	5	0
CC1=C(C(=O)N2C=CC=CC2=N1)CCN3CCN(CC3)C4=CN=CC5=NC=NN45 s_2230__9417632__9780156	8	0.26666666666666666	0.43202416918429004	4	0	4	0
CC1=C(C(=O)N2C=CC=CC2=N1)CCN3CCN(CC3)C4=CN=CC5=NN=NN45 s_2230__18364006__9780156	9	0.26666666666666666	0.4124629080118694	5	0	4	0
CNC1=CN=NC=C1C(=O)NCCN2CCN(CC2)C3=NC=NC4=C3C=CS4 m_276450__18755804__27783876__18957688	11	0.26666666666666666	0.2606060606060606	6	0	3	0
COC1=NC=CN=C1C(=O)NCCN2CCN(CC2)C3=NC=NC4=C3C=CS4 m_276450__18755804__27813606__18957688	11	0.26666666666666666	0.2522255192878338	7	0	2	0
O=C(CN1N=CC2=C(C1=O)CCCC2)N3CCN(CC3)C4=CC=CC5=C4N=CN5 s_11__25843604__14868728	9	0.26666666666666666	0.2818991097922849	6	0	1	0
CC1=C(C(=O)N2N=CC=C2N1)CC(=O)N3CCN(CC3)C4=CC=CC5=C4OC=C5 s_11__28469268__3392752	9	0.26595744680851063	0.29362880886426596	3	0	4	0
O=C(NCCN1CCN(CC1)C2=NC=NC3=C2C=CS3)C4=C5OCCCN5N=C4 m_276450__18755804__14200672__18957688	10	0.26595744680851063	0.2349869451697128	8	0	0	0
O=C1C2=CC=CC=C2N=CN1CCN3CCN(CC3)C4=NC=NC5=C4SC=C5 s_2230__5635392__7471562	11	0.26436781609195403	0.23880597014925373	6	0	4	1
O=C1NC2=CC=CC=C2C(=C1CN3CCN(CC3)C4=CC=CC5=C4C=NN5)Cl s_270004__17793206__14575900	11	0.26436781609195403	0.3020833333333333	5	0	5	0
CC1=C(C(=O)N2C=CC=CC2=N1)CCN3CCN(CC3)C4=C5C=CN=C5NC=N4 s_2230__15607896__9780156	7	0.26373626373626374	0.4584615384615385	3	0	4	0
CCC1=NC=NC=C1C(=O)NCCN2CCN(CC2)C3=NC=NC4=C3C=CS4 m_276450__18755804__14204302__18957688	11	0.26373626373626374	0.25316455696202533	6	0	3	0
O=C(C[C@@H]1CCCC[C@H]1O)NCCN2CCN(CC2)C3=NC=NC4=C3C=CS4 m_276450__18755804__27785122__18957688	10	0.26373626373626374	0.3263888888888889	6	0	2	0
O=C(C[C@H]1CCCC[C@@H]1O)NCCN2CCN(CC2)C3=NC=NC4=C3C=CS4 m_276450__18755804__27784860__18957688	10	0.26373626373626374	0.3263888888888889	6	0	2	0
O=C(C[C@H]1CCCC[C@H]1F)NCCN2CCN(CC2)C3=NC=NC4=C3C=CS4 m_276450__18755804__27781330__18957688	10	0.26373626373626374	0.32867132867132864	7	0	1	0
CC1=C(C(=O)N2N=CC=C2N1)CC(=O)N3CCN(CC3)C4=NC=NC5=C4SC=C5 s_527__5635386__3392756	11	0.2631578947368421	0.2871536523929471	5	0	4	0
CC1=NC2=NC=NN2C(=C1CC(=O)N3CCN(CC3)C4=CC=NC5=C4SC=C5)C s_11__22174274__115783	10	0.2631578947368421	0.23595505617977527	6	0	2	0
CC1=C(CCCO1)C(=O)N2CC[C@@H](C2)N3CCN(CC3)C4=NC=NC5=C4SC=C5 m_276450__27869474__14200236__14214582	11	0.2631578947368421	0.29850746268656714	8	0	1	2
O=C(CN1C(=O)C2=CC=CC=C2C1=O)N3CCN(CC3)C4=NC=NC5=C4C=CS5 s_527__24395882__156271	12	0.2619047619047619	0.26366559485530544	5	0	5	0
CN(CCC1CCN(CC1)C2=NC=NC3=C2C=CS3)C(=O)C=C4CCCCC4 m_276450__14193134__14200008__18957688	10	0.26136363636363635	0.3310104529616725	7	0	1	0
O=C(CCN1C(=O)NC2=CC=CC=C2C1=O)N3CCN(CC3)C4=CC=CC5=C4C=CN5 s_22__11825898__22784916	11	0.26136363636363635	0.23225806451612904	4	0	5	0
COC1=CN=CN=C1C(=O)NCCN2CCN(CC2)C3=NC=NC4=C3C=CS4 m_276450__18755804__27785636__18957688	11	0.2608695652173913	0.26479750778816197	7	0	2	0
CC1=C(C(=O)C2=CC=CN=C2N1)C(=O)N3CCN(CC3)C4=CC=CC5=C4C=CN5 s_22__11825898__28465996	10	0.2608695652173913	0.2932551319648094	3	0	5	0
O=C(CCN1C(=O)NC2=CC=CC=C2C1=O)N3CCN(CC3)C4=NC=NC5=C4C=CS5 s_22__24035806__22784916	12	0.2608695652173913	0.2777777777777778	5	0	5	0
CC1=C(C(=O)N2C=CC=CC2=N1)CCN3C=C(N=N3)C4=CC=CC5=C4NCC5 s_275090__29019144__16482932	12	0.2604166666666667	0.34025974025974026	5	0	6	0
CC1=C(C(=O)N2C=CC=CC2=N1)CCN3C=C(N=N3)C4=CC=CC5=C4OCC5 s_273910__29019122__12385554	12	0.2604166666666667	0.3135802469135803	5	0	6	0
C1=CC2=CC=C(C=C2C=C1)CCN3CCN(CC3)C4=NC=NC5=C4C=CS5 s_2230__24395838__4915570	10	0.25925925925925924	0.2743055555555556	4	0	4	2
O=C(CN1C(=O)C2CCCCC2C1=O)N3CCN(CC3)C4=CC=CC5=C4C=CN5 s_1626__22069002__510612	8	0.25882352941176473	0.30434782608695654	4	0	2	0
O=C1NC2=C(C=C1NC(=O)N3CCN(CC3)C4=CC=CC5=C4C=CN5)CCCC2 s_2430__11680994__12304852	8	0.25842696629213485	0.30625	4	0	2	1
O=C1C2=CC=CC=C2C(=O)N1CCC3=CCN(CC3)C4=NC=C(C5=C4C=CS5)Br s_27__9581216__25397508	12	0.25842696629213485	0.34276729559748426	5	0	5	1
CCN1CCOCC1C(=O)NCCN2CCN(CC2)C3=NC=NC4=C3C=CS4 m_276450__18755804__14204356__18957688	9	0.25806451612903225	0.29333333333333333	6	0	1	0
CC(C(=O)NCC1CCN(CC1)C2=NC=NC3=C2C=CS3)N4CCCCC4=O m_276450__14192936__14205148__18957688	10	0.25806451612903225	0.3333333333333333	7	0	1	0
CC1=C(C(=O)C2=CC=CN=C2N1)C(=O)N3CCN(CC3)C4=CC=CC5=C4C=NN5 s_22__17793186__28465996	11	0.25806451612903225	0.28654970760233917	4	0	5	0
CC1=NC2=CC=C(C=C2C(=O)N1CC(=O)N3CCN(CC3)C4=NC=NC5=C4C=CS5)O s_22__24035806__16762640	11	0.25773195876288657	0.27635327635327633	4	0	5	0
COC1=CC=CC(=C1F)N2CCN(CC2)CCN3C(=O)C4=CC=CC=C4C3=O s_2230__22406592__680282	12	0.2564102564102564	0.21348314606741572	4	1	5	0
O=C1C2=CC=CC=C2N=CN1CCN3CCN(CC3)C4=CC=CC5=C4OC=C5 s_2230__28471962__7471562	9	0.2558139534883721	0.24054982817869416	4	0	4	1
O=C(CN1C(=O)C2CCCCC2C1=O)N3CCN(CC3)C4=CC=CC5=C4C=NN5 s_527__17793194__156526	9	0.2558139534883721	0.308	5	0	2	0
O=C(CN1C(=O)C2CCCCC2C1=O)N3CCN(CC3)C4=NC=NC5=C4C=CS5 s_527__24395882__156526	9	0.2558139534883721	0.3460207612456747	5	0	2	0
O=C1NC2=C(C=C1NC(=O)N3CCN(CC3)C4=CC=CC5=C4C=NN5)CCCC2 s_2430__11680994__17793198	9	0.25555555555555554	0.30793650793650795	5	0	2	1
O=C(NCCN1CCN(CC1)C2=NC=NC3=C2C=CS3)C4=NC=NC5=C4NC=C5 m_276450__18755804__27788694__18957688	12	0.25555555555555554	0.24431818181818182	6	0	4	1
CC1=C(C(=O)N2C=CC=CC2=N1)CCN3CCC(CC3)C4=NN=C5N4C=CN=C5 s_2230__18325406__9780156	11	0.25555555555555554	0.4161490683229814	5	0	4	2
N#CC1=CC=NC=C1C(=O)NCCN2CCN(CC2)C3=NC=NC4=C3C=CS4 m_276450__18755804__28192226__18957688	12	0.2553191489361702	0.24085365853658536	6	0	4	0
CCCC1=CC=CC=C1C(=O)NCCN2CCN(CC2)C3=C4C=CSC4=NC(=N3)C m_276450__18755804__14200736__19496962	12	0.2553191489361702	0.2724458204334365	5	0	5	1
CC1=C(C(=O)N2N=CC=C2N1)CC(=O)N3CCN(CC3)C4=CC=CC5=C4N=CN5 s_11__25843604__3392752	9	0.2553191489361702	0.28225806451612906	3	0	4	0
CC1=NC2=NC=NN2C(=C1CC(=O)N3CCN(CC3)C4=CC=CC5=C4OC=C5)C s_22__28465444__130878	9	0.2553191489361702	0.22727272727272727	5	0	2	0
CCOC1=CC=CC=C1N2CCN(CC2)CCN3C(=O)C4=CC=CC=C4C3=O s_2230__665560__680282	12	0.25333333333333335	0.22900763358778625	5	0	5	1
O=C(CN1C(=O)C2=CC=CC=C2C1=O)N3CCN(CC3)C4=CC=CC5=C4C=CN5 s_1626__22069002__22016428	11	0.25301204819277107	0.22382671480144403	4	0	5	0
C1=CC2=C(S1)N=CN=C2N3CCN(CC3)CCC4=CC=C5OCCCC5=C4 s_2230__24395838__23291970	7	0.25287356321839083	0.2598187311178248	5	0	0	2
O=C(CN1CCCCC1=O)NCCN2CCN(CC2)C3=NC=NC4=C3N=CS4 m_276450__18755804__14200608__14155830	10	0.25274725274725274	0.26262626262626265	8	0	0	0
O=C(CCN1C(=O)C2=CC=CC=C2NC1=S)N3CCN(CC3)C4=CC=CC5=C4C=NN5 s_527__17793194__157286	12	0.25274725274725274	0.22082018927444794	5	0	5	0
CC1=C(C(=O)N2C=CC=CC2=N1)CCN3CCC(CC3)C4=CN5C=CC=NC5=N4 s_2230__19628974__9780156	11	0.25274725274725274	0.4095238095238095	5	0	4	2
CC1=C(COCC1)C(=O)N2CCC3(CC2)CCN(CC3)C4=NC=NC5=C4SC=C5 m_276450__18955116__27785454__14214582	12	0.25274725274725274	0.2830188679245283	9	0	1	1
CCCC1=CC=CC=C1C(=O)N[C@H](C)CN2CCN(CC2)C3=NC=NC4=C3C=CS4 m_276450__27871500__14200736__18957688	12	0.25263157894736843	0.2797427652733119	5	0	5	1
O=C(CCN1C(=O)C2=CC=CC=C2N=C1S)N3CCN(CC3)C4=CC=NC5=C4SC=C5 s_22__13570828__326448	12	0.25263157894736843	0.26608187134502925	6	0	4	0
O=C(NCCN1CCN(CC1)C2=NC=NC3=C2C=CS3)C4=CC=CC5=NC=NN45 m_276450__18755804__14204398__18957688	12	0.25263157894736843	0.2443820224719101	6	0	4	1
O=C(NCCN1CCN(CC1)C2=NC=NC3=C2C=CS3)C4=CC=CN5C4=NN=N5 m_276450__18755804__14202164__18957688	12	0.25263157894736843	0.23142857142857143	7	0	3	0
O=C(NCCN1CCN(CC1)C2=NC=NC3=C2C=CS3)C4=NC=CN5C4=CC=N5 m_276450__18755804__27784018__18957688	12	0.25263157894736843	0.2465753424657534	8	0	2	1
O=C(NCCN1CCN(CC1)C2=NC=NC3=C2C=CS3)C4=NC=CN5C4=NN=C5 m_276450__18755804__27788924__18957688	12	0.25263157894736843	0.23661971830985915	7	0	3	0
CC1=C(C(=O)N2C=CC=CC2=N1)CCN3C=C(N=N3)C4=C5C(=CC=C4)ON=C5N s_273910__29019122__25423204	12	0.25252525252525254	0.3088235294117647	4	1	5	1
CC1=C(C(=O)N2C=CC=CC2=N1)CCN3CCC(CC3)N4N=CC5=C4CNC5 s_269982__11506158__22498030	11	0.25	0.3654390934844193	5	0	5	0
O=C1NC2=CC=CC=C2C(=C1CN3CCN(CC3)C4=CC=NC5=C4SC=C5)Cl s_270004__24155862__14575900	12	0.25	0.31329113924050633	6	0	5	0
CC1CCCCC1CC(=O)NCCN2CCN(CC2)C3=NC=NC4=C3SC=C4 m_276450__18755804__14206122__14214582	12	0.25	0.2671232876712329	8	0	2	0
COC1=CC=CC(=C1F)N2CCN(CC2)CCN3C=NC4=CC=CC=C4C3=O s_2230__22406592__7471562	11	0.25	0.2222222222222222	3	1	5	1
C1=CC2=C(S1)N=CN=C2N3CCN(CC3)CCC4=CC=C5OCCOC5=C4 s_2230__24395838__8635612	8	0.25	0.26006191950464397	6	0	0	2
C1=CC2=CC=C(C=C2C=C1)CCN3CCN(CC3)C4=CC=CC5=C4C=CN5 s_2230__12304850__4915570	9	0.25	0.20948616600790515	3	0	4	2
O=C(CN1C(=O)C2=CC=CC=C2C1=O)N3CCN(CC3)C4=CC=CC5=C4C=NN5 s_527__17793194__156271	12	0.25	0.22627737226277372	5	0	5	0
O=C1NC2=CC=CC=C2C(=C1C(=O)N3CCN(CC3)C4=CC=CC5=C4C=CN5)O s_487__12304844__25374498	12	0.25	0.2814569536423841	3	0	7	0
O=C(NCCN1CCN(CC1)C2=NC=NC3=C2SC=C3)C4CCCC5=C4N=CN5 m_276450__18755804__20152074__14214582	10	0.25	0.24786324786324787	7	0	1	1
O=C(NCCN1CCN(CC1)C2=NC=NC3=C2C=CN3)C4=NNC5=C4CCCC5 m_276450__18755804__14207032__18251492	11	0.25	0.20221606648199447	9	0	0	0
CC1=C(C(=O)N2C=CC=CC2=N1)CCN3CCC(CC3)C4=CC=NN4CCO s_2230__2544230__9780156	12	0.25	0.42356687898089174	3	1	6	0
CSCC1=CC=CN=C1C(=O)N[C@H](C)CN2CCN(CC2)C3=NC=NC4=C3C=CS4 m_276450__27871500__27786990__18957688	12	0.24742268041237114	0.26239067055393583	7	0	3	1
CCCCC1=NC(=C(C(=O)N1)CC(=O)N2CCC(CC2)C3=CC=CC4=C3C=CN4)C s_527__13035034__24335920	5	0.24742268041237114	0.524904214559387	2	0	1	2
O=C(NC1=CN=C2CCCCN2C1=O)N3CC=C(CC3)C4=CC=NC5=C4C=CN5 m_2430__22529536__22576782	8	0.24742268041237114	0.3757396449704142	4	0	2	1
CC1=C(C(=O)N2C=CC=CC2=N1)CCN3CCC(CC3)C(O)C4=CC=NN4C s_2230__12156366__9780156	12	0.24731182795698925	0.43506493506493504	4	0	6	0
O=C(NC1=CN=C2C=CC=CN2C1=O)N3CCN(CC3)C4=CC=CC5=C4C=CN5 s_2430__22529678__12304852	9	0.24731182795698925	0.327217125382263	2	0	5	1
O=C(NCCN1CCN(CC1)C2=NC=NC3=C2C=CN3)C4=C5CCCCC5=NO4 m_276450__18755804__14204930__18251492	11	0.24731182795698925	0.19414893617021275	8	0	1	0
O=C(CC1=CCCCC1)N2CC[C@H](C2)N3CCN(CC3)C4=NC=NC5=C4C=CS5 m_276450__27869470__14200074__18957688	10	0.24731182795698925	0.3554817275747508	7	0	1	1
CN1CCCC[C@@H]1C(=O)N2CC[C@H](C2)N3CCN(CC3)C4=NC=NC5=C4C=CS5 m_276450__27869470__18957698__18957688	9	0.24731182795698925	0.34375	6	0	1	2
CN1CCCC[C@H]1C(=O)N2CC[C@H](C2)N3CCN(CC3)C4=NC=NC5=C4C=CS5 m_276450__27869470__14206714__18957688	9	0.24731182795698925	0.34375	6	0	1	2
CCCN1CCC[C@H]1C(=O)NCCN2CCN(CC2)C3=NC=NC4=C3SC=C4 m_276450__18755804__27801074__14214582	11	0.24731182795698925	0.27835051546391754	8	0	1	0
COCC1=CC(=NO1)C2CCN(CC2)CCC3=C(N=C4C=CC=CN4C3=O)C s_2230__16514306__9780156	12	0.24731182795698925	0.40372670807453415	5	0	5	1
CCOC1=CC=CC=C1N2CCN(CC2)CCN3C=NC4=CC=CC=C4C3=O s_2230__665560__7471562	11	0.24705882352941178	0.24028268551236748	4	0	5	2
C1=CC2=CC=C(C=C2C=C1)CCN3CCN(CC3)C4=CC=CC5=C4C=NN5 s_2230__17793196__4915570	10	0.24691358024691357	0.212	4	0	4	2
O=C1NC2=C(N1)C(=CC=C2)N3CCN(CC3)CCN4C(=O)C5=CC=CC=C5C4=O s_2230__13166788__680282	11	0.24675324675324675	0.22509225092250923	5	0	4	1
CC1=NC2=CC=CC=C2C(=O)N1CC(=O)N3CCN(CC3)C4=NC=NC5=C4SC=C5 s_527__5635386__9703978	12	0.24468085106382978	0.24068767908309455	6	0	5	0
O=C(CN1C(=O)C2=CC=CC=C2N=C1S)N3CCN(CC3)C4=NC=NC5=C4C=CS5 s_22__24035806__309126	11	0.24468085106382978	0.27953890489913547	5	0	5	0
NC1=C(C(=O)C2=CC(=CC=C2O1)F)CN3CCN(CC3)C4=CC=CC5=C4C=CN5 s_270004__12304860__24720676	10	0.24468085106382978	0.2620481927710843	4	0	4	0
O=C(NCCC1CCN(CC1)C2=NC=NC3=C2C=CS3)C4=CSC5=C4CCCC5 m_276450__14193098__14203690__18957688	11	0.24468085106382978	0.2540983606557377	9	0	0	0
O=C(NCCN1CCN(CC1)C2=NC=NC3=C2N=CS3)C4=C5CCCCC5=NO4 m_276450__18755804__14204930__14155830	11	0.24468085106382978	0.21518987341772153	8	0	1	0
O=C(NCCN1CCN(CC1)C2=NC=NC3=C2N=CS3)C4=C5CCCCN5N=C4 m_276450__18755804__14201978__14155830	10	0.24468085106382978	0.21483375959079284	8	0	0	0
N#CCC1=C(SC=C1)C(=O)NCCN2CCN(CC2)C3=NC=NC4=C3C=CS4 m_276450__18755804__27783092__18957688	12	0.24468085106382978	0.2433234421364985	7	0	3	0
CCN(CC1CCN(CC1)C2=NC=NC3=C2C=CS3)C(=O)CC4=CCCCC4 m_276450__14193364__14200074__18957688	11	0.24468085106382978	0.32764505119453924	8	0	1	0
C/C(=C\C1=CC=CC=C1)/C(=O)NCC2CCN(CC2)C3=NC=NC4=C3C=CS4 m_276450__14192936__27815196__18957688	12	0.24444444444444444	0.3531468531468531	6	0	4	0
CN(CCC1CCN(CC1)C2=NC=NC3=C2C=CS3)C(=O)C4CCCCN4C m_276450__14193134__14206930__18957688	9	0.24444444444444444	0.3215547703180212	7	0	0	0
C=C1C2=CC=CC=C2C(=O)N1CC(=O)N3CCN(CC3)C4=NC=NC5=C4C=CS5 s_527__24395882__210149	12	0.24444444444444444	0.2654320987654321	4	0	6	0
O=C1C2=CC=CC=C2N=CN1CCN3CCN(CC3)C4=CC=CC5=C4N=CN5 s_2230__13968354__7471562	9	0.2441860465116279	0.22772277227722773	4	0	4	1
C1=CC2=C(C=CN2)C(=C1)N3CCN(CC3)CCC4=CC=C5OCCCC5=C4 s_2230__12304850__23291970	6	0.2441860465116279	0.21140939597315436	4	0	0	2
O=C(CN1C(=O)[C@H]2CC=CC[C@H]2C1=O)N3CCN(CC3)C4=CC=CC5=C4C=CN5 s_1626__22069002__22114684	10	0.2441860465116279	0.3143939393939394	4	0	4	0
CC1=NC2=CC=C(C=C2C(=O)N1CC(=O)N3CCN(CC3)C4=CC=NC5=C4SC=C5)O s_22__13570828__16762640	12	0.24242424242424243	0.2543859649122807	5	0	5	0
CCCN1C(=O)NC(=O)C(=C1N)C(=O)CN2CCN(CC2)C3=CC=CC4=C3C=NN4 s_2230__17793196__7466048	9	0.24210526315789474	0.32653061224489793	5	0	2	1
O=C(NC1=CN=C2C=CC=CN2C1=O)N3CCN(CC3)C4=NC=NC5=C4C=CS5 s_2430__22529678__24395850	10	0.24210526315789474	0.34806629834254144	3	0	5	1
CC1=NC2=NC=NN2C(=C1CC(=O)N3CCN(CC3)C4=CC=CC5=C4N=CN5)C s_11__25843604__115783	9	0.24210526315789474	0.21428571428571427	5	0	2	0
NC1=C(C(=O)C2=CC(=CC=C2O1)F)CN3CCN(CC3)C4=CC=CC5=C4C=NN5 s_270004__17793206__24720676	11	0.24210526315789474	0.2552552552552553	5	0	4	0
CCN(CC1CCN(CC1)C2=NC=NC3=C2C=CS3)C(=O)C4=CCCCC4C m_276450__14193364__27795172__18957688	11	0.24210526315789474	0.3527397260273973	6	0	3	0
CN1CCCC[C@@H]1C(=O)N2CCC3(CC2)CCN(CC3)C4=NC=NC5=C4C=CS5 m_276450__18955116__18957698__18957688	10	0.24175824175824176	0.3215547703180212	7	0	1	1
C1=CC2=C(C=NN2)C(=C1)N3CCN(CC3)CCC4=CC=C5OCCCC5=C4 s_2230__17793196__23291970	7	0.2413793103448276	0.20608108108108109	5	0	0	2
O=C1NC2=C(N1)C(=CC=C2)N3CCN(CC3)CCN4C=NC5=CC=CC=C5C4=O s_2230__13166788__7471562	10	0.2413793103448276	0.23469387755102042	4	0	4	2
O=C(CN1C(=O)[C@H]2CC=CC[C@H]2C1=O)N3CCN(CC3)C4=CC=CC5=C4C=NN5 s_527__17793194__10564388	11	0.2413793103448276	0.31800766283524906	5	0	4	0
C1=CC2=C(C=CN2)C(=C1)N3CCN(CC3)CCC4=CC=C5OCCOC5=C4 s_2230__12304850__8635612	7	0.24096385542168675	0.20905923344947736	5	0	0	2
N#CC1=C(C=CC=C1F)N2CCN(CC2)CCN3C(=O)C4=CC=CC=C4C3=O s_2230__665178__680282	12	0.24050632911392406	0.2159090909090909	5	0	5	0
CC1=C(C(=O)N2C=CC=CC2=N1)CCN3C=C(N=N3)C4=CC=C(C5=C4C=NN5)F s_273910__29019122__25423082	12	0.24	0.31443298969072164	5	0	5	1
CCC1=C(CCCO1)C(=O)NCCN2CCN(CC2)C3=NC=NC4=C3SC=N4 m_276450__18755804__27791440__28201854	10	0.23958333333333334	0.2433234421364985	7	0	1	0
O=C(NCCN1CCN(CC1)C2=NC=NC3=C2C=CS3)C4COCCN4CC(F)F m_276450__18755804__14205390__18957688	11	0.23958333333333334	0.2931596091205212	8	0	1	0
O=C(NCCN1CCN(CC1)C2=NC=NC3=C2C=CN3)C4CCCC5=NC=NN45 m_276450__18755804__18783510__18251492	10	0.23958333333333334	0.2054794520547945	7	0	1	1
CC1=NC2=NC=CC=C2C=C1CC(=O)N3CCN(CC3)C4=NC=NC5=C4C=CS5 s_11__24395822__22272842	10	0.2391304347826087	0.2507204610951009	4	0	4	1
O=C1NC2=CC=CC=C2C=C1CC(=O)N3CCN(CC3)C4=NC=NC5=C4C=CS5 s_527__24395882__761124	12	0.2391304347826087	0.38170347003154576	4	0	6	1
O=C1OC2=CC=CC=C2C=C1CC(=O)N3CCN(CC3)C4=NC=NC5=C4C=CS5 s_11__24395822__22272908	12	0.2391304347826087	0.31896551724137934	5	0	5	1
CC1=NC2=CC=CC=C2C(=C1C(=O)N3CCN(CC3)C4=NC=NC5=C4C=CS5)C s_22__24035806__9475876	11	0.2391304347826087	0.24260355029585798	4	0	5	0
O=C(NCCN1CCN(CC1)C2=NC=NC3=C2C=CN3)C4=C5CCCCC5=CN4 m_276450__18755804__19429448__18251492	10	0.2391304347826087	0.1813031161473088	8	0	0	1
O=C1NC2=CC=CC=C2C=C1CC(=O)N3CCN(CC3)C4=CC=CC5=C4C=CN5 s_22__11825898__761094	11	0.23863636363636365	0.352112676056338	3	0	6	1
C1=CC2=C(C=NN2)C(=C1)N3CCN(CC3)CCC4=CC=C5OCCOC5=C4 s_2230__17793196__8635612	8	0.23809523809523808	0.20279720279720279	6	0	0	2
CCC(NC(=O)NCCC1=C(N=C2C=CC=CN2C1=O)C)C3=CC=CC4=C3NC=C4 s_2708__29308224__17547888	11	0.2376237623762376	0.4049079754601227	4	0	5	2
CC1=C(C(=O)N2C=CC=CC2=N1)CCN3CCN(C(C3)C)C4=NC=CN5C4=NN=C5 s_2230__7534636__9780156	10	0.23711340206185566	0.45110410094637227	5	0	4	1
CCCCN1CCOCC1C(=O)NCCN2CCN(CC2)C3=NC=NC4=C3SC=C4 m_276450__18755804__14205386__14214582	12	0.23711340206185566	0.25477707006369427	9	0	1	1
NC1=C(C(=O)C2=CC(=CC=C2O1)F)CN3CCN(CC3)C4=CC=NC5=C4SC=C5 s_270004__24155862__24720676	12	0.23711340206185566	0.2777777777777778	6	0	4	0
O=C(NCCN1CCN(CC1)C2=NC=NC3=C2SC=N3)C4CCCC5=NC=NN45 m_276450__18755804__18783510__28201854	11	0.23711340206185566	0.20580474934036938	8	0	1	1
CC1=C(C(=O)NC2=CC=CC=C12)CC(=O)N3CCN(CC3)C4=CC=CC5=C4OC=C5 s_22__28465444__20854936	12	0.23655913978494625	0.3436426116838488	5	0	6	0
O=C(CN1C(=O)C2=CC=CC=C2N=C1S)N3CCN(CC3)C4=CC=CC5=C4C=CN5 s_22__11825898__309126	10	0.23655913978494625	0.2310126582278481	4	0	5	0
O=C(CN1C(=O)NC2=CC=CC=C2C1=O)N3CCN(CC3)C4=NC=NC5=C4C=CS5 s_527__24395882__550102	12	0.23655913978494625	0.2631578947368421	5	0	6	0
O=C1NC2=C(C=C1NC(=O)N3CCN(CC3)C4=CC=NC5=C4SC=C5)CCCC2 s_2430__11680994__22575770	10	0.23655913978494625	0.3196480938416422	6	0	2	1
O=C(NCCN1CCN(CC1)C2=NC=NC3=C2C=CN3)C4=C5CCCCC5=CO4 m_276450__18755804__14201254__18251492	10	0.23655913978494625	0.19491525423728814	7	0	1	1
O=C(CN1C(=O)NC2=CC=CC=C2C1=O)N3CCN(CC3)C4=CC=CC5=C4C=CN5 s_22__11825898__550054	11	0.23595505617977527	0.21359223300970873	4	0	6	0
O=C1NC2=CC=CC=C2C(=C1CN3CCN(CC3)C4=CC=CC5=C4N=CN5)Cl s_270004__24159222__14575900	11	0.23595505617977527	0.2819672131147541	5	0	5	0
N#CC1=C(C=CC=C1F)N2CCN(CC2)CCN3C=NC4=CC=CC=C4C3=O s_2230__665178__7471562	11	0.23595505617977527	0.22377622377622378	4	0	5	1
CC1=CC2=C(C=C1NC(=O)N3CCN(CC3)C4=CC=CC5=C4C=CN5)OCCO2 s_2430__27548240__12304852	9	0.23595505617977527	0.21710526315789475	6	0	1	1
O=C(CC1=CC2=CC=CC=C2C=C1O)N3CCN(CC3)C4=NC=NC5=C4C=CS5 s_22__24035806__21389038	12	0.23595505617977527	0.27184466019417475	5	0	5	1
O=C1NC2=CC=CC=C2C=C1CC(=O)N3CCN(CC3)C4=CC=CC5=C4C=NN5 s_527__17793194__761124	12	0.23595505617977527	0.35714285714285715	4	0	6	1
C=C1C2=CC=CC=C2C(=O)N1CC(=O)N3CCN(CC3)C4=CC=CC5=C4C=CN5 s_1626__22069002__512428	11	0.23595505617977527	0.23103448275862068	3	0	6	0
CC1=C(CCCO1)C(=O)N2CC[C@H](C2)N3CCN(CC3)C4=NC=NC5=C4N=CS5 m_276450__27869470__14200236__14155830	10	0.23469387755102042	0.2920353982300885	7	0	1	2
CC1=NC2=CC=CC=C2C(=C1CC(=O)N3CCN(CC3)C4=NC=NC5=C4C=CS5)C s_527__24395882__155628	10	0.23404255319148937	0.257396449704142	4	0	5	0
CN(CCC1CCN(CC1)C2=NC=NC3=C2C=CS3)C(=O)CC4=CCOCC4 m_276450__14193134__14202374__18957688	11	0.23404255319148937	0.3104575163398693	8	0	1	0
CCCN1CCCCC1C(=O)N(C)CCC2CCN(CC2)C3=NC=NC4=C3C=CS4 m_276450__14193134__27809982__18957688	10	0.23404255319148937	0.3215547703180212	7	0	1	0
O=C(NC1=CN=C2C=CC=CN2C1=O)N3CCN(CC3)C4=CC=CC5=C4C=NN5 s_2430__22529678__17793198	10	0.23404255319148937	0.3230769230769231	3	0	5	1
O=C(NCCN1CCN(CC1)C2=NC=NC3=C2C=NN3)C4=C5CCCCN5C=C4 m_276450__18755804__14206410__28201338	10	0.23404255319148937	0.17819148936170212	8	0	0	1
CCCN1CCCCC1C(=O)NCC2CCN(CC2)C3=NC=NC4=C3C=CS4 m_276450__14192936__27809982__18957688	10	0.23404255319148937	0.33687943262411346	7	0	1	0
CCN(CC1CCN(CC1)C2=NC=NC3=C2C=CS3)C(=O)[C@@H]4CCCCN4C m_276450__14193364__14206714__18957688	10	0.23404255319148937	0.33687943262411346	7	0	1	0
O=C(CN1C(=O)NC2=CC=CC=C2C1=O)N3CCN(CC3)C4=CC=CC5=C4C=NN5 s_527__17793194__550102	12	0.23333333333333334	0.21895424836601307	5	0	6	0
CC1=CC2=C(C=C1NC(=O)N3CCN(CC3)C4=CC=CC5=C4C=NN5)OCCO2 s_2430__27548240__17793198	10	0.23333333333333334	0.21311475409836064	7	0	1	1
C=C1C2=CC=CC=C2C(=O)N1CC(=O)N3CCN(CC3)C4=CC=CC5=C4C=NN5 s_527__17793194__210149	12	0.23333333333333334	0.23426573426573427	4	0	6	0
CCN1CCOCC1CC(=O)N[C@H](C)CN2CCN(CC2)C3=NC=NC4=C3C=CS4 m_276450__27871500__27786920__18957688	11	0.23232323232323232	0.30293159609120524	7	0	2	1
CCN1CCCCC1C(=O)NCCN2CCN(CC2)C3=NC=NC4=C3N=CS4 m_276450__18755804__14205232__14155830	9	0.23157894736842105	0.25666666666666665	6	0	1	0
CC(=CC1=CC=CC=N1)C(=O)NCC2CCN(CC2)C3=NC=NC4=C3C=CS4 m_276450__14192936__27793692__18957688	12	0.23157894736842105	0.34219269102990035	5	0	5	0
CC1=C(C(=O)C2=CC=CN=C2N1)C(=O)N3CCN(CC3)C4=CC=CC5=C4OC=C5 s_22__28465444__28465996	11	0.23157894736842105	0.2959770114942529	4	0	5	0
O=C(C1=C(CCCC1)Cl)N2CC[C@@H](C2)N3CCN(CC3)C4=NC=NC5=C4N=CS5 m_276450__27869474__27797300__14155830	9	0.23157894736842105	0.3098159509202454	6	0	1	2
O=C(C1=C(CCCC1)Cl)N2CC[C@@H](C2)N3CCN(CC3)C4=NC=NC5=C4SC=N5 m_276450__27869474__27797300__28201854	10	0.23157894736842105	0.28792569659442724	7	0	1	2
O=C1NC2=CC=CC=C2C(=C1CN3CCN(CC3)C4=CC=CC5=C4OC=C5)Cl s_270004__28472744__14575900	11	0.23076923076923078	0.3	5	0	5	0
CN(CCC1CCN(CC1)C2=NC=NC3=C2C=CS3)C(=O)CC4OCCCO4 m_276450__14193134__14200296__18957688	12	0.23076923076923078	0.2905405405405405	8	0	2	0
CC1=CC=CC=C1C(=O)N(C)CCC2CCN(CC2)C3=NC=NC4=C3C=CS4 m_276450__14193134__14199810__18957688	12	0.23076923076923078	0.2727272727272727	6	0	4	0
CC1=NC2=CC=CC=C2C=C1NC(=O)N3CCN(CC3)C4=CC=CC5=C4C=CN5 s_2430__22523656__12304852	10	0.23076923076923078	0.21328671328671328	3	0	5	1
O=C1OC2=CC=CC=C2C=C1CC(=O)N3CCN(CC3)C4=CC=CC5=C4C=CN5 s_22__11825898__20854020	11	0.23076923076923078	0.28888888888888886	4	0	5	1
O=C(CN1N=CC2=CC=CC=C2C1=O)N3CCN(CC3)C4=CC=CC5=C4C=CN5 s_1626__22069002__512916	12	0.23076923076923078	0.196875	5	0	5	0
O=C(CN1N=NC2=CC=CC=C2C1=O)N3CCN(CC3)C4=CC=CC5=C4C=CN5 s_1626__22069002__22102310	11	0.23076923076923078	0.2197452229299363	4	0	5	0
O=C1C2=CC=CC=C2C=CN1CC(=O)N3CCN(CC3)C4=CC=CC5=C4C=NN5 s_527__17793194__9457988	12	0.23076923076923078	0.2145214521452145	5	0	5	1
O=C1C2=CC=CC=C2N=CN1CC(=O)N3CCN(CC3)C4=CC=CC5=C4C=CN5 s_1626__22069002__22011726	10	0.23076923076923078	0.23255813953488372	3	0	5	1
O=C(CN1C(=O)C2=CC=CN=C2C1=O)N3CCN(CC3)C4=CC=CC5=C4C=CN5 s_22__11825898__2823924	11	0.23076923076923078	0.21316614420062696	5	0	4	0
O=C(CN1C(=O)C2CCCCC2C1=O)N3CCN(CC3)C4=CC=CC5=C4NC=C5 m_527__12909438__156526	9	0.22988505747126436	0.2992125984251969	5	0	2	0
O=C(CN1C(=O)C2CCCCC2C1=O)N3CCN(CC3)C4=CC=CC5=C4OC=C5 s_22__28465444__59515	9	0.22988505747126436	0.3134920634920635	5	0	2	0
CCC1=C(CCCO1)C(=O)NCCN2CCN(CC2)C3=NC=NC4=C3C=NN4 m_276450__18755804__27791440__28201338	10	0.22916666666666666	0.24458204334365324	7	0	1	0
CC1=C(CCCO1)C(=O)N(C)CCC2CCN(CC2)C3=NC=NC4=C3N=CS4 m_276450__14193134__14200236__14155830	10	0.22916666666666666	0.2552552552552553	8	0	0	0
O=C(CC1=CCOCC1)N2CC[C@@H](C2)N3CCN(CC3)C4=NC=NC5=C4C=CS5 m_276450__27869474__14202374__18957688	11	0.22916666666666666	0.3536977491961415	8	0	1	1
COC1=CC=CC=C1N2CCN(CC2)CCN3C(=O)NC4=CC=CC=C4C3=O s_270192__17652156__7722318	12	0.2289156626506024	0.21602787456445993	4	0	6	1
C1=CC2=CC=C(C=C2C=C1)CCN3CCN(CC3)C4=NC=NC5=C4SC=C5 s_2230__5635392__4915570	12	0.2289156626506024	0.21476510067114093	6	0	4	2
O=C(CN1CCCCC1=O)NCCN2CCN(CC2)C3=NC=NC4=C3N=CN4 m_276450__18755804__14200608__18955122	11	0.22826086956521738	0.2246376811594203	9	0	0	0
CN(CCC1CCN(CC1)C2=NC=NC3=C2C=CS3)C(=O)C4=CC=CC=C4F m_276450__14193134__14199800__18957688	12	0.22826086956521738	0.2631578947368421	6	0	4	0
CC(=O)C1=CC=CC=C1NC(=O)CCCN2CCC(CC2)C3=CC=CC4=C3C=CN4 s_2230__13035036__11757162	12	0.22826086956521738	0.2647058823529412	4	0	6	0
CC1=NC2=CC=CC=C2C=C1NC(=O)N3CCN(CC3)C4=CC=CC5=C4C=NN5 s_2430__22523656__17793198	11	0.22826086956521738	0.21548821548821548	4	0	5	1
O=C1NC2=C(C=C1NC(=O)N3CCN(CC3)C4=CC=CC5=C4N=CN5)CCCC2 s_2430__11680994__26861752	9	0.22826086956521738	0.2930513595166163	5	0	2	1
O=C1NC2=C(C=C1NC(=O)N3CCN(CC3)C4=CC=CC5=C4OC=C5)CCCC2 s_2430__11680994__28470156	9	0.22826086956521738	0.3125	5	0	2	1
O=C1OC2=CC=CC=C2C=C1CC(=O)N3CCN(CC3)C4=CC=CC5=C4C=NN5 s_11__25843324__22272908	12	0.22826086956521738	0.28846153846153844	5	0	5	1
CC1=C(C=NC2=CC=CC=C12)NC(=O)N3CCN(CC3)C4=CC=CC5=C4C=CN5 s_2430__22522772__12304852	11	0.22826086956521738	0.2112676056338028	4	0	5	1
O=C(CN1C(=O)C2=CC=CN=C2C1=O)N3CCN(CC3)C4=CC=CC5=C4C=NN5 s_22__17793186__2823924	12	0.22826086956521738	0.21495327102803738	6	0	4	0
CC1=NC2=CC=CC=C2C(=C1C(=O)N3CCN(CC3)C4=CC=CC5=C4C=CN5)C s_22__11825898__9475876	10	0.22826086956521738	0.19932432432432431	3	0	5	0
O=C(CN1CCSCC1)N2CC[C@H](C2)N3CCN(CC3)C4=NC=NC5=C4C=CS5 m_276450__27869470__27803894__18957688	12	0.22826086956521738	0.30405405405405406	9	0	1	1
O=C(CC1=CC2=CC=CC=C2C=C1O)N3CCN(CC3)C4=CC=CC5=C4C=CN5 s_22__11825898__21389038	11	0.22727272727272727	0.22058823529411764	4	0	5	1
O=C(CN1C(=O)C2CCCCC2C1=O)N3CCN(CC3)C4=CC=CC5=C4N=CN5 s_11__25843604__54031	9	0.22727272727272727	0.2894736842105263	5	0	2	0
O=C(NCCC1CCN(CC1)C2=NC=NC3=C2C=CS3)C4CCCC5=C4NN=C5 m_276450__14193098__14202060__18957688	11	0.2268041237113402	0.2737752161383285	6	0	3	0
CC1=CC=NC=C1C(=O)N2CC[C@H](C2)N3CCN(CC3)C4=NC=NC5=C4C=CS5 m_276450__27869470__14200130__18957688	12	0.2268041237113402	0.27522935779816515	6	0	4	2
CC1=CC=NN=C1C(=O)N2CC[C@@H](C2)N3CCN(CC3)C4=NC=NC5=C4C=CS5 m_276450__27869474__27799140__18957688	12	0.2268041237113402	0.29673590504451036	7	0	3	2
CC1=CN=CC=C1C(=O)N2CC[C@H](C2)N3CCN(CC3)C4=NC=NC5=C4C=CS5 m_276450__27869470__14200394__18957688	12	0.2268041237113402	0.28888888888888886	6	0	4	2
CC1=NN=CC=C1C(=O)N2CC[C@@H](C2)N3CCN(CC3)C4=NC=NC5=C4C=CS5 m_276450__27869474__14200694__18957688	12	0.2268041237113402	0.2912912912912913	7	0	3	2
CCC1=CC=CC=C1C(=O)NCCN2CCN(CC2)C3=NC=NC4=C3N=CS4 m_276450__18755804__14201874__14155830	12	0.22580645161290322	0.21052631578947367	5	0	5	0
CNC1=CC=CC=C1C(=O)NCCN2CCN(CC2)C3=NC=NC4=C3N=CS4 m_276450__18755804__27814096__14155830	12	0.22580645161290322	0.22955974842767296	5	0	5	0
O=C(CN1CCOCC1=O)NCCN2CCN(CC2)C3=NC=NC4=C3SC=C4 m_276450__18755804__14206022__14214582	12	0.22580645161290322	0.2098360655737705	10	0	0	0
CN(CCC1CCN(CC1)C2=NC=NC3=C2C=CS3)C(=O)CC4CCCSC4 m_276450__14193134__27788928__18957688	12	0.22580645161290322	0.2842809364548495	8	0	2	0
CC1=NC2=NC=CC=C2C=C1CC(=O)N3CCN(CC3)C4=CC=CC5=C4C=CN5 s_22__11825898__21203144	9	0.22580645161290322	0.21221864951768488	3	0	4	1
CC1=NC2=NC=CC=C2C=C1CC(=O)N3CCN(CC3)C4=CC=NC5=C4SC=C5 s_11__22174274__22272842	11	0.22580645161290322	0.22287390029325513	5	0	4	1
O=C(CC1=CC2=CC=CC=C2N=C1Br)N3CCN(CC3)C4=NC=NC5=C4C=CS5 s_11__24395822__28469502	11	0.22580645161290322	0.25806451612903225	4	0	5	1
O=C(CC1=CC2=CC=CC=C2N=C1Cl)N3CCN(CC3)C4=NC=NC5=C4C=CS5 s_11__24395822__27839484	11	0.22580645161290322	0.25588235294117645	4	0	5	1
O=C(NC1=CC2=C(CCCC2)N=C1Cl)N3CCN(CC3)C4=CC=CC5=C4C=CN5 s_2430__26895820__12304852	7	0.22580645161290322	0.20391061452513967	4	0	1	1
O=C1NC2=C(C=C1NC(=O)N3CCN(CC3)C4=NC=NC5=C4SC=C5)CCCC2 s_2430__11680994__5635394	11	0.22580645161290322	0.3002754820936639	7	0	2	1
CC1=C(C=NC2=CC=CC=C12)NC(=O)N3CCN(CC3)C4=CC=CC5=C4C=NN5 s_2430__22522772__17793198	12	0.22580645161290322	0.2135593220338983	5	0	5	1
CC1=NC2=CC=CC=C2C(=C1C(=O)N3CCN(CC3)C4=CC=CC5=C4C=NN5)C s_22__17793186__9475876	11	0.22580645161290322	0.20394736842105263	4	0	5	0
O=C(NCCN1CCN(CC1)C2=NC=NC3=C2N=CS3)C4CCCC5N4CCC5 m_276450__18755804__14204648__14155830	10	0.22580645161290322	0.2598684210526316	7	0	1	2
C1=CC2=C(S1)C(=NC=N2)N3CCN(CC3)CCC4=CC=C5OCCCC5=C4 s_2230__5635392__23291970	9	0.2247191011235955	0.21238938053097345	7	0	0	2
O=C(CC1=CC2=CC=CC=C2C=C1Cl)N3CCN(CC3)C4=CC=CC5=C4C=NN5 s_11__25843324__26276036	12	0.2247191011235955	0.22676579925650558	5	0	5	1
O=C(CC1=CC2=CC=CC=C2C=C1O)N3CCN(CC3)C4=CC=CC5=C4C=NN5 s_22__17793186__21389038	12	0.2247191011235955	0.2222222222222222	5	0	5	1
O=C(CN1CCC2=CC=CC=C2C1=O)N3CCN(CC3)C4=CC=CC5=C4C=CN5 s_1626__22069002__22060226	12	0.2247191011235955	0.22372881355932203	4	0	6	0
O=C(NC1CCN(CC1)C2=NC=NC3=C2C=CS3)C4=CN=C5C=CC=CN5C4=O m_276450__14192934__14206960__18957688	11	0.22448979591836735	0.38622754491017963	4	0	5	1
CSC1=NC2=CC=CC=C2C(=C1NC(=O)N3CCN(CC3)C4=CC=CC5=C4C=NN5)C s_2430__12100718__17793198	12	0.22448979591836735	0.225	5	0	5	0
CC1=NC2=CC=C(C=C2C(=O)N1CC(=O)N3CCN(CC3)C4=CC=CC5=C4OC=C5)O s_22__28465444__16762640	11	0.22448979591836735	0.2389937106918239	4	0	5	0
O=C(NCCN1CCN(CC1)C2=NC=NC3=C2C=NN3)C4CCCC5=C4C=CS5 m_276450__18755804__27791496__28201338	11	0.22448979591836735	0.22701149425287356	8	0	1	1
O=C(NCCN1CCN(CC1)C2=NC=NC3=C2N=CS3)C4CCCC5=C4C=CS5 m_276450__18755804__27791496__14155830	10	0.22448979591836735	0.23140495867768596	7	0	1	1
O=C(NCCN1CCN(CC1)C2=NC=NC3=C2OC=C3)C4CCCC5=NC=CN45 m_276450__18755804__14203366__28201534	12	0.22448979591836735	0.23661971830985915	9	0	1	1
O=C(CN1C(=O)C2=CC=CC=C2C1=O)N3CCN(CC3)C4=CC=CC5=C4NC=C5 m_527__12909438__156271	12	0.2235294117647059	0.2158273381294964	5	0	5	0
O=C(CN1C(=O)C2=CC=CC=C2C1=O)N3CCN(CC3)C4=CC=CC5=C4OC=C5 s_22__28465444__59024	12	0.2235294117647059	0.2246376811594203	5	0	5	0
CC1=NC2=CC=CC=C2C(=C1CC(=O)N3CCN(CC3)C4=CC=CC5=C4C=CN5)C s_1626__22069002__22098942	9	0.22340425531914893	0.21768707482993196	3	0	5	0
CC1=NC2=CC=CC=C2C(=O)N1CC(=O)N3CCN(CC3)C4=CC=CC5=C4N=CN5 s_11__25843604__22136346	10	0.22340425531914893	0.22641509433962265	4	0	5	0
CC(CN1CCOCC1)C(=O)NCC2CCN(CC2)C3=NC=NC4=C3C=CS4 m_276450__14192936__14204274__18957688	11	0.22340425531914893	0.2847457627118644	8	0	1	0
CN(CCC1CCN(CC1)C2=NC=NC3=C2C=CS3)C(=O)C4=CC=CN=C4O m_276450__14193134__18985948__18957688	12	0.22340425531914893	0.2546583850931677	7	0	3	0
CN(CCC1CCN(CC1)C2=NC=NC3=C2C=CS3)C(=O)C4=NC=CC=C4O m_276450__14193134__14200278__18957688	12	0.22340425531914893	0.26461538461538464	7	0	3	0
CCOC1=CC=CC=C1C(=O)NCC(=O)N2CCN(CC2)C3=CC=CC4=C3C=CN4 s_1626__22069002__22101694	12	0.22340425531914893	0.20689655172413793	4	0	6	0
CC1=CC2=C(C=C1NC(=O)N3CCN(CC3)C4=CC=NC5=C4SC=C5)OCCO2 s_2430__27548240__22575770	11	0.22340425531914893	0.23636363636363636	8	0	1	1
CC1=NC2=NC=CC=C2C=C1CC(=O)N3CCN(CC3)C4=CC=CC5=C4C=NN5 s_11__25843324__22272842	10	0.22340425531914893	0.21069182389937108	4	0	4	1
O=C(NC1=CC2=CC=CC=C2N=C1Cl)N3CCN(CC3)C4=NC=NC5=C4C=CS5 s_2430__15423922__24395850	12	0.22340425531914893	0.2628398791540785	5	0	5	1
O=C(CN1N=CC2=C(C1=O)CCCC2)N3CCN(CC3)C4=NC=NC5=C4C=NN5 s_22__29610718__14868730	11	0.22340425531914893	0.25069637883008355	8	0	1	0
CC1=C(C(=NC2=CC=CC=C12)O)C(=O)N3CCN(CC3)C4=CC=CC5=C4C=CN5 s_22__11825898__6663460	11	0.22340425531914893	0.2059800664451827	4	0	5	0
O=C(NCCN1CCN(CC1)C2=NC=NC3=C2NC=C3)C4=C5CCCCC5=CO4 m_276450__18755804__14201254__28201464	11	0.22340425531914893	0.21212121212121213	8	0	1	1
O=C(NCCN1CCN(CC1)C2=NC=NC3=C2OC=C3)C4=C5CCCCC5=CN4 m_276450__18755804__19429448__28201534	11	0.22340425531914893	0.2	9	0	0	1
O=C(NCCN1CCN(CC1)C2=NC=NC3=C2OC=C3)C4=C5CCCCC5=CO4 m_276450__18755804__14201254__28201534	11	0.22340425531914893	0.21195652173913043	8	0	1	1
O=C([C@H]1CCCC[C@H]1O)N2CC[C@H](C2)N3CCN(CC3)C4=NC=NC5=C4C=CS5 m_276450__27869470__27785808__18957688	9	0.22340425531914893	0.33559322033898303	5	0	2	2
CN(CCC1CCN(CC1)C2=NC=NC3=C2C=CS3)C(=O)CC4CCOCC4 m_276450__14193134__14200110__18957688	12	0.2222222222222222	0.281786941580756	8	0	2	0
O=C(NC1=CC2=C(C=C1Br)OCCO2)N3CCN(CC3)C4=CC=CC5=C4C=CN5 s_2430__737976__12304852	10	0.2222222222222222	0.2168284789644013	7	0	1	1
CN1N=CC2=C(N=CN=C12)N3CCN(CC3)CCN4C=NC5=CC=CC=C5C4=O s_2230__665730__7471562	12	0.2222222222222222	0.20116618075801748	6	0	4	1
O=C(NC1CCN(CC1)C2=NC=NC3=C2C=CS3)C4=CN=C5C=CC=NN5C4=O m_276450__14192934__27794452__18957688	11	0.2222222222222222	0.37142857142857144	5	0	4	1
O=C(CC1=C(C2=CC=CC=C2C=C1)Br)N3CCN(CC3)C4=CC=CC5=C4C=CN5 s_1626__22069002__22333684	11	0.2222222222222222	0.22426470588235295	4	0	5	1
O=C(CC1=C(C2=CC=CC=C2C=C1)Cl)N3CCN(CC3)C4=CC=CC5=C4C=CN5 s_11__12304832__28252106	11	0.2222222222222222	0.22592592592592592	4	0	5	1
O=C1C2=CC=CC=C2C=CN1CC(=O)N3CCN(CC3)C4=CC=CC5=C4C=CN5 s_1626__22069002__22067346	11	0.2222222222222222	0.21428571428571427	4	0	5	1
O=C(NCCC1CCN(CC1)C2=NC=NC3=C2C=CS3)C4=C5CCOCC5=NN4 m_276450__14193098__27791730__18957688	12	0.2222222222222222	0.24533333333333332	10	0	0	0
O=C(NCCC1CCN(CC1)C2=NC=NC3=C2C=CS3)C4=NOC5=C4COCC5 m_276450__14193098__14204748__18957688	12	0.2222222222222222	0.2474747474747475	10	0	0	0
CC1=C(CCCO1)C(=O)N2CC[C@H](C2)N3CCN(CC3)C4=NC=NC5=C4C=NN5 m_276450__27869470__14200236__28201338	11	0.2222222222222222	0.2676923076923077	8	0	1	2
C#CCOC1=CC(=C(C(=C1)C)CN2CCN(CC2)C3=CC=CC4=C3C=CN4)C s_270004__12304860__24720298	9	0.2222222222222222	0.1951219512195122	5	0	2	0
CC1=NC2=CC=CC=C2C(=C1CC(=O)N3CCN(CC3)C4=CC=CC5=C4C=NN5)C s_527__17793194__155628	10	0.22105263157894736	0.2185430463576159	4	0	5	0
O=C(CN1N=CC2=C(C1=O)CCCC2)N3CCC(CC3)C4=CC=CC5=C4C=CN5 s_11__22174136__14868728	9	0.22105263157894736	0.22740524781341107	6	0	1	0
NC1=C(C(=O)C2=CC(=CC=C2O1)F)CN3CCN(CC3)C4=CC=CC5=C4OC=C5 s_270004__28472744__24720676	11	0.22105263157894736	0.26506024096385544	5	0	4	0
CC1=C(C(=NC2=CC=CC=C12)O)C(=O)N3CCN(CC3)C4=CC=CC5=C4C=NN5 s_22__17793186__6663460	12	0.22105263157894736	0.21103896103896103	5	0	5	0
O=C(NCCN1CCN(CC1)C2=NC=NC3=C2N=CN3)C4=C5CCCCN5C=C4 m_276450__18755804__14206410__18955122	10	0.22105263157894736	0.1742627345844504	8	0	0	1
CN1CCCC[C@H]1C(=O)N2CC[C@H](C2)N3CCN(CC3)C4=NC=NC5=C4SC=C5 m_276450__27869470__14206714__14214582	11	0.22105263157894736	0.2809364548494983	8	0	1	2
CCCC1CCCC1C(=O)NCCC2CCN(CC2)C3=NC=NC4=C3C=CS4 m_276450__14193098__14203984__18957688	10	0.22105263157894736	0.2872340425531915	6	0	2	0
CCN(CC1CCN(CC1)C2=NC=NC3=C2C=CS3)C(=O)[C@H]4CCCC[C@H]4O m_276450__14193364__27785808__18957688	10	0.22105263157894736	0.2975778546712803	6	0	2	0
C1=CC2=C(S1)C(=NC=N2)N3CCN(CC3)CCC4=CC=C5OCCOC5=C4 s_2230__5635392__8635612	10	0.22093023255813954	0.2072072072072072	8	0	0	2
O=C(CN1C(=O)C2=CC=CC=C2C1=O)N3CCN(CC3)C4=CC=CC5=C4N=CN5 s_11__25843604__53633	12	0.22093023255813954	0.20962199312714777	5	0	5	0
CC1=CSC2=NC=NC(=C12)N3CCN(CC3)CCNC(=O)[C@H]4CCCC[C@H]4N=[N+]=[N-] m_276450__18755804__27784696__14214670	9	0.22	0.32038834951456313	6	0	1	1
O=C(NC1=CC2=C(C=C1Cl)OCCO2)N3CCN(CC3)C4=CC=CC5=C4C=NN5 s_2430__740638__17793198	11	0.21978021978021978	0.2032258064516129	8	0	1	1
O=C(CC1=C(C2=CC=CC=C2C=C1)Cl)N3CCN(CC3)C4=CC=CC5=C4C=NN5 s_22__17793186__28246902	12	0.21978021978021978	0.22676579925650558	5	0	5	1
C#CCOC1=CC(=C(C(=C1)C)CN2CCN(CC2)C3=CC=CC4=C3C=NN4)C s_270004__17793206__24720298	10	0.21978021978021978	0.19298245614035087	6	0	2	0
C#CCOC1=CC(=C(C(=C1)C)CN2CCN(CC2)C3=NC=NC4=C3C=CS4)C s_270004__24150668__24720298	10	0.21978021978021978	0.2422360248447205	6	0	2	0
C1=CC2=CC=C(C=C2C=C1)CCN3CCN(CC3)C4=CC=CC5=C4OC=C5 s_2230__28471962__4915570	10	0.21951219512195122	0.21912350597609562	4	0	4	2
CC1=NC2=CC=CC=C2C(=C1CC(=O)N3CCN(CC3)C4=CC=NC5=C4SC=C5)C s_11__22174274__54867	11	0.21875	0.23148148148148148	5	0	5	0
CNC1=NC=CC=C1C(=O)NCCC2CCN(CC2)C3=NC=NC4=C3C=CS4 m_276450__14193098__27810598__18957688	12	0.21875	0.2623456790123457	6	0	4	0
O=C(NC1=CC2=C(C=C1Cl)OCCC2)N3CCN(CC3)C4=CC=CC5=C4C=NN5 s_2430__15148972__17793198	10	0.21875	0.19877675840978593	7	0	1	1
O=C(NC1=C(C2=C(C=C1)OCCO2)Cl)N3CCN(CC3)C4=NC=NC5=C4C=CS5 s_2430__26894868__24395850	11	0.21875	0.2616279069767442	8	0	1	1
O=C(NC1=CN=C2C=CC=CN2C1=O)N3CCN(CC3)C4=CC=CC5=C4OC=C5 s_2430__22529678__28470156	10	0.21875	0.3312883435582822	3	0	5	1
NC1=C(C(=O)C2=CC(=CC=C2O1)F)CN3CCN(CC3)C4=CC=CC5=C4NC=C5 m_270004__12909450__24720676	11	0.21875	0.2606060606060606	5	0	4	0
O=C(NCCN1CCN(CC1)C2=NC=NC3=C2CCC3)C4CCCC5=NC=NN45 m_276450__18755804__18783510__14214378	12	0.21875	0.19791666666666666	7	0	3	1
O=C(NCCN1CCN(CC1)C2=NC=NC3=C2N=CS3)C4=NNC5=C4NCCC5 m_276450__18755804__28193008__14155830	12	0.21875	0.23482849604221637	10	0	0	0
CC1=NC=NC=C1C(=O)N2CC[C@@H](C2)N3CCN(CC3)C4=NC=NC5=C4C=CS5 m_276450__27869474__14199970__18957688	12	0.21875	0.28662420382165604	7	0	3	2
NC1=CC=CN=C1C(=O)N2CC[C@H](C2)N3CCN(CC3)C4=NC=NC5=C4C=CS5 m_276450__27869470__27814172__18957688	12	0.21875	0.28955223880597014	5	0	5	2
O=C(C1=NC=CC=C1F)N2CC[C@@H](C2)N3CCN(CC3)C4=NC=NC5=C4C=CS5 m_276450__27869474__14201560__18957688	12	0.21875	0.28106508875739644	6	0	4	2
CCCN1CCCC1C(=O)NCCN2CCN(CC2)C3=NC=NC4=C3N=CS4 m_276450__18755804__14205908__14155830	10	0.21875	0.26174496644295303	7	0	1	0
CCCN1CCC[C@H]1C(=O)NCCN2CCN(CC2)C3=NC=NC4=C3SC=N4 m_276450__18755804__27801074__28201854	11	0.21875	0.23469387755102042	8	0	1	0
C1=CC2=C(OC=C2)C(=C1)N3CCN(CC3)CCC4=CC=C5OCCCC5=C4 s_2230__28471962__23291970	7	0.21839080459770116	0.21548821548821548	5	0	0	2
O=C(NCC1CCN(CC1)C2=NC=NC3=C2C=CS3)[C@@H](O)CC4CCCCC4 m_276450__14192936__27805394__18957688	11	0.21739130434782608	0.2901023890784983	7	0	2	0
CC1=NC=CN=C1C(=O)N(C)CCC2CCN(CC2)C3=NC=NC4=C3C=CS4 m_276450__14193134__27813438__18957688	12	0.21739130434782608	0.25153374233128833	8	0	2	0
O=C(CC1=CC2=C(C=C1Br)OCCO2)N3CCN(CC3)C4=CC=CC5=C4C=NN5 s_11__25843324__117015	10	0.21739130434782608	0.21725239616613418	7	0	1	1
O=C(NC1=CC2=CC=CC=C2N=C1Cl)N3CCN(CC3)C4=CC=CC5=C4C=CN5 s_2430__15423922__12304852	11	0.21739130434782608	0.2062937062937063	4	0	5	1
O=C1OC2=CC=CC=C2C=C1NC(=O)N3CCN(CC3)C4=CC=CC5=C4C=CN5 s_2430__22529320__12304852	12	0.21739130434782608	0.2275449101796407	5	0	5	1
O=C(CN1N=NC2=CC=CC=C2C1=O)N3CCN(CC3)C4=CC=CC5=C4C=NN5 s_527__17793194__157541	12	0.21739130434782608	0.22580645161290322	5	0	5	0
O=C1C2=CC=CC=C2CCC1CC(=O)N3CCN(CC3)C4=CC=CC5=C4C=CN5 s_11__12304832__22135484	12	0.21739130434782608	0.2909090909090909	3	0	7	0
O=C1C2=CC=CC=C2N=CN1CC(=O)N3CCN(CC3)C4=CC=CC5=C4C=NN5 s_527__17793194__155235	11	0.21739130434782608	0.2348993288590604	4	0	5	1
O=C(NCCN1CCN(CC1)C2=C3C=CNC3=NC=N2)C4CN5CCCN4CC5 m_276450__18755804__27797252__18251492	11	0.21739130434782608	0.20284697508896798	8	0	1	1
C[C@H]1CC=CC[C@@H]1C(=O)N2CCC3(CC2)CCN(CC3)C4=NC=NC5=C4C=CS5 m_276450__18955116__27784010__18957688	12	0.21739130434782608	0.30344827586206896	6	0	4	1
O=C(C1CCCCC1O)N2CCC3(CC2)CCN(CC3)C4=NC=NC5=C4C=CS5 m_276450__18955116__27808288__18957688	10	0.21739130434782608	0.2827586206896552	6	0	2	1
C1=CC2=CC=C(C=C2C=C1)CCN3CCN(CC3)C4=CC=CC5=C4N=CN5 s_2230__13968354__4915570	10	0.21686746987951808	0.20224719101123595	4	0	4	2
COC1=NC=CC=C1C(=O)NCCC2CCN(CC2)C3=NC=NC4=C3C=CS4 m_276450__14193098__14202322__18957688	12	0.21649484536082475	0.24776119402985075	7	0	3	0
NC1=C(C(=O)C2=CC(=CC=C2O1)F)CN3CCN(CC3)C4=CC=CC5=C4N=CN5 s_270004__24159222__24720676	11	0.21649484536082475	0.2565597667638484	5	0	4	0
O=C(NCCC1CCN(CC1)C2=NC=NC3=C2SC=C3)C4=C5CCCCN5C=C4 m_276450__14193098__14206410__14214582	11	0.21649484536082475	0.206266318537859	9	0	0	1
O=C(NCCN1CCN(CC1)C2=NC=NC3=C2C=CN3)C4=C5CCOCC5=NN4 m_276450__18755804__27791730__18251492	12	0.21649484536082475	0.1810810810810811	10	0	0	0
O=C(NCCN1CCN(CC1)C2=NC=NC3=C2C=CN3)C4=CSC5=C4CCOC5 m_276450__18755804__27801334__18251492	12	0.21649484536082475	0.1876675603217158	10	0	0	0
O=C(NCCN1CCN(CC1)C2=NC=NC3=C2C=CN3)C4=NNC5=C4COCC5 m_276450__18755804__27810480__18251492	12	0.21649484536082475	0.19086021505376344	10	0	0	0
CCCC1=C(C=CN1)C(=O)NCCN2CCN(CC2)C3=NC=NC4=C3N=CS4 m_276450__18755804__14206756__14155830	12	0.21649484536082475	0.2022792022792023	7	0	3	0
COC1=CC=CC=C1N2CCN(CC2)CCN3C(=O)NC4=CC=CN=C4C3=O s_270192__17652156__7722298	12	0.2159090909090909	0.21021021021021022	5	0	5	1
O=C(CN1C(=O)[C@H]2CC=CC[C@H]2C1=O)N3CCN(CC3)C4=CC=CC5=C4OC=C5 s_22__28465444__10564386	11	0.2159090909090909	0.32061068702290074	5	0	4	0
O=C1NC2=C(N1)C(=CC=C2)N3CCN(CC3)CC4=C(C5=CC=CC=C5NC4=O)Cl s_270004__13166798__14575900	12	0.2159090909090909	0.2901023890784983	5	0	5	1
COCC1=CC=CC(=C1)N2CCN(CC2)CCN3C(=O)C4=CC=CC=C4C3=O s_2230__26984180__680282	12	0.21518987341772153	0.22868217054263565	5	0	5	1
CC1=C(C(=O)N2C=CC=CC2=N1)CCN3C=C(N=N3)C4=CC=CC5=NC=CN45 s_273910__29019122__25421822	11	0.21505376344086022	0.3181818181818182	5	0	5	0
O=C(CC1=CC2=CC=CC=C2N=C1Br)N3CCN(CC3)C4=CC=CC5=C4C=CN5 s_11__12304832__28469502	10	0.21505376344086022	0.21476510067114093	3	0	5	1
O=C(CC1=CC2=CC=CC=C2N=C1Cl)N3CCN(CC3)C4=CC=CC5=C4C=CN5 s_11__12304832__27839484	10	0.21505376344086022	0.21621621621621623	3	0	5	1
O=C(NC1=CC2=C(C=C1Br)OCCO2)N3CCN(CC3)C4=NC=NC5=C4C=CS5 s_2430__737976__24395850	11	0.21505376344086022	0.26822157434402333	8	0	1	1
O=C(NC1=CC2=C(C=C1Cl)OCCO2)N3CCN(CC3)C4=NC=NC5=C4C=CS5 s_2430__740638__24395850	11	0.21505376344086022	0.2608695652173913	8	0	1	1
O=C(NCCN1CCN(CC1)C2=NC=NC3=C2C=NN3)C4CCCC5N4CCC5 m_276450__18755804__14204648__28201338	11	0.21505376344086022	0.23591549295774647	8	0	1	2
O=C(NCCN1CCN(CC1)C2=NC=NC3=C2CCC3)C4=C5CCCCN5C=C4 m_276450__18755804__14206410__14214378	11	0.21505376344086022	0.17015706806282724	7	0	2	1
CN1CCCC[C@H]1C(=O)N2CCC3(CC2)CCN(CC3)C4=NC=NC5=C4SC=C5 m_276450__18955116__14206714__14214582	12	0.21505376344086022	0.2619047619047619	9	0	1	1
C#CCOC1=CC(=C(C(=C1)C)CN2CCN(CC2)C3=CC=NC4=C3SC=C4)C s_270004__24155862__24720298	11	0.21505376344086022	0.2108626198083067	7	0	2	0
COCC1=CC=CN=C1C(=O)NCCN2CCN(CC2)C3=NC=NC4=C3N=CS4 m_276450__18755804__27792398__14155830	12	0.21428571428571427	0.19505494505494506	8	0	3	0
CCC1=CN=CC=C1C(=O)NCCC2CCN(CC2)C3=NC=NC4=C3C=CS4 m_276450__14193098__14204354__18957688	12	0.21428571428571427	0.2626582278481013	6	0	4	0
CNC1=CN=CC=C1C(=O)NCCC2CCN(CC2)C3=NC=NC4=C3C=CS4 m_276450__14193098__27812084__18957688	12	0.21428571428571427	0.268370607028754	6	0	4	0
C1=CC2=C(OC=C2)C(=C1)N3CCN(CC3)CCC4=CC=C5OCCOC5=C4 s_2230__28471962__8635612	8	0.21428571428571427	0.21602787456445993	6	0	0	2
CSCC1=CC=CN=C1C(=O)NCCN2CCN(CC2)C3=C4C=C(SC4=NC=N3)C m_276450__18755804__27786990__14214422	12	0.21428571428571427	0.24157303370786518	7	0	3	1
O=C(NC1=CC2=C(C=C1Cl)OCCC2)N3CCN(CC3)C4=NC=NC5=C4C=CS5 s_2430__15148972__24395850	10	0.21428571428571427	0.25274725274725274	7	0	1	1
CC1=C(C(=O)N2N=CC=C2N1)CC(=O)N3CCN(CC3)C4=NC=NC5=C4C=NN5 s_22__29610718__3392754	11	0.21428571428571427	0.26052631578947366	5	0	4	0
O=C(NCCN1CCN(CC1)C2=NC=NC3=C2C=CN3)C4CCCC5=CN=CN45 m_276450__18755804__27783692__18251492	12	0.21428571428571427	0.23054755043227665	8	0	2	0
O=C(C1=CC=NC=C1Cl)N2CC[C@H](C2)N3CCN(CC3)C4=NC=NC5=C4C=CS5 m_276450__27869470__14204028__18957688	12	0.21428571428571427	0.30158730158730157	6	0	4	2
O=C(C1=CN=CC=C1O)N2CC[C@@H](C2)N3CCN(CC3)C4=NC=NC5=C4C=CS5 m_276450__27869474__18705724__18957688	12	0.21428571428571427	0.2782874617737003	6	0	4	2
O=C1NC2=CC=CC=C2SC1CCN3CCC(CC3)C4=CC=CC5=C4C=CN5 s_2230__13035036__10902816	12	0.21348314606741572	0.2268370607028754	5	0	6	0
COCC1=CC=CC(=C1)N2CCN(CC2)CCN3C=NC4=CC=CC=C4C3=O s_2230__26984180__7471562	11	0.21348314606741572	0.2392857142857143	4	0	5	2
C1=CC2=C(N=CN2)C(=C1)N3CCN(CC3)CCC4=CC=C5OCCCC5=C4 s_2230__13968354__23291970	7	0.21348314606741572	0.1987179487179487	5	0	0	2
O=C(CN1C(=O)[C@H]2CC=CC[C@H]2C1=O)N3CCN(CC3)C4=CC=CC5=C4N=CN5 s_11__25843604__10564384	11	0.21348314606741572	0.2996389891696751	5	0	4	0
CCC1=NC=CN=C1C(=O)NCCN2CCN(CC2)C3=NC=NC4=C3N=CS4 m_276450__18755804__27798240__14155830	12	0.2127659574468085	0.2028985507246377	7	0	3	0
CNC1=NC=CN=C1C(=O)NCCN2CCN(CC2)C3=NC=NC4=C3N=CS4 m_276450__18755804__27796994__14155830	12	0.2127659574468085	0.20116618075801748	7	0	3	0
O=C(CN1CCCNC1=O)NCCC2CCN(CC2)C3=NC=NC4=C3C=CS4 m_276450__14193098__14200630__18957688	11	0.2127659574468085	0.2966666666666667	9	0	0	0
CC1=NC2=NC=CC=C2C=C1CC(=O)N3CCN(CC3)C4=NC=NC5=C4SC=C5 s_11__5635366__22272842	12	0.2127659574468085	0.20786516853932585	6	0	4	1
CC1=NC2=CC=CC=C2C(=O)N1CC(=O)N3CCN(CC3)C4=CC=CC5=C4NC(=O)N5 s_527__13166786__9703978	11	0.2127659574468085	0.24025974025974026	4	0	5	1
O=C(NCCC1CCN(CC1)C2=NC=NC3=C2SC=C3)C4CCCC5N4CCC5 m_276450__14193098__14204648__14214582	12	0.2127659574468085	0.25838926174496646	9	0	1	2
CN1CCOCC1C(=O)N2CCC3(CC2)CCN(CC3)C4=NC=NC5=C4C=CS5 m_276450__18955116__14200248__18957688	11	0.2127659574468085	0.3079470198675497	8	0	1	1
COC1=CC=NC=C1C(=O)NCCC2CCN(CC2)C3=NC=NC4=C3C=CS4 m_276450__14193098__18957692__18957688	12	0.21212121212121213	0.25609756097560976	7	0	3	0
CC1=C(C(=O)N2N=CC=C2N1)CC(=O)N3CCC(CC3)C4=CC=CC5=C4C=CN5 s_11__22174136__3392752	9	0.21212121212121213	0.25857519788918204	3	0	4	0
CC1=C(CCCO1)C(=O)N2CC[C@H](C2)N3CCN(CC3)C4=NC=NC5=C4NC=C5 m_276450__27869470__14200236__28201464	11	0.21212121212121213	0.2818181818181818	8	0	1	2
CCN(CC1CCN(CC1)C2=NC=NC3=C2N=CS3)C(=O)C4=C(CCOC4)C m_276450__14193364__27785454__14155830	11	0.21212121212121213	0.2822085889570552	8	0	1	0
O=C(CN1CCCCC1=O)NCCN2CCN(CC2)C3=NC=NC4=C3CCC4 m_276450__18755804__14200608__14214378	12	0.2111111111111111	0.22077922077922077	8	0	2	0
O=C1NC2=CC=CC=C2C=C1CC(=O)N3CCN(CC3)C4=CC=CC5=C4NC=C5 m_527__12909438__761124	12	0.2111111111111111	0.3485915492957746	4	0	6	1
O=C1OC2=CC=CC=C2C=C1CC(=O)N3CCN(CC3)C4=CC=CC5=C4OC=C5 s_22__28465444__20854020	12	0.2111111111111111	0.2929936305732484	5	0	5	1
O=C(CN1C(=O)C2=CC=CC=C2N=C1S)N3CCN(CC3)C4=CC=CC5=C4OC=C5 s_22__28465444__309126	11	0.21052631578947367	0.23734177215189872	5	0	5	0
CCN1CCCCC1C(=O)NCCN2CCN(CC2)C3=NC=NC4=C3NC=C4 m_276450__18755804__14205232__28201464	10	0.21052631578947367	0.2508710801393728	7	0	1	0
CN1CCCCC1CC(=O)NCCN2CCN(CC2)C3=NC=NC4=C3NC=C4 m_276450__18755804__27801120__28201464	11	0.21052631578947367	0.25170068027210885	7	0	2	0
O=C(C[C@H]1CCCC[C@H]1F)NCCC2CCN(CC2)C3=NC=NC4=C3C=CS4 m_276450__14193098__27781330__18957688	11	0.21052631578947367	0.289198606271777	8	0	1	0
CN(CCC1CCN(CC1)C2=NC=NC3=C2C=CS3)C(=O)C4=CN=CN=C4N m_276450__14193134__27813120__18957688	12	0.21052631578947367	0.2691029900332226	7	0	3	0
COC1=CC=CC(=C1F)N2CCN(CC2)C(=O)CN3C(=O)C4=CC=CC=C4N=C3C s_11__22169922__22136346	12	0.21052631578947367	0.22847682119205298	3	1	6	0
O=C(NC1=CC2=C(C=C1Br)OCCO2)N3CCN(CC3)C4=CC=NC5=C4SC=C5 s_2430__737976__22575770	12	0.21052631578947367	0.23652694610778444	9	0	1	1
O=C(NC1=CC2=C(C=C1Cl)OCCO2)N3CCN(CC3)C4=CC=NC5=C4SC=C5 s_2430__740638__22575770	12	0.21052631578947367	0.22321428571428573	9	0	1	1
CC1=CC2=C(C=C1C(=O)NC3CCN(CC3)C4=NC=NC5=C4C=CS5)OCCO2 m_276450__14192934__27808476__18957688	11	0.21052631578947367	0.25217391304347825	8	0	1	1
CC1=C(C(=O)NC2=CC=CC=C12)CC(=O)N3CCN(CC3)C4=CC=CC5=CN=CC=C45 s_22__26073602__20854936	12	0.21052631578947367	0.34385964912280703	4	0	6	0
O=C(NCCN1CCN(CC1)C2=NC=NC3=C2C=CN3)C4=CC=NC5=C4N=CN5 m_276450__18755804__14202676__18251492	12	0.21052631578947367	0.1640378548895899	7	0	3	1
O=C(NCCN1CCN(CC1)C2=NC=NC3=C2C=CN3)C4=C5NCCCN5N=C4 m_276450__18755804__27796260__18251492	11	0.21052631578947367	0.18157181571815717	9	0	0	0
CCCC1=C(C=CN1)C(=O)NCCN2CCN(CC2)C3=NC=NC4=C3C=CN4 m_276450__18755804__14206756__18251492	12	0.21052631578947367	0.1762917933130699	7	0	3	0
CCCC1CCCC1C(=O)NCCN2CCN(CC2)C3=NC=NC4=C3C=CN4 m_276450__18755804__14203984__18251492	10	0.21052631578947367	0.22382671480144403	6	0	2	0
CCCN1CCCC1C(=O)NCCN2CCN(CC2)C3=NC=NC4=C3C=CN4 m_276450__18755804__14205908__18251492	10	0.21052631578947367	0.23550724637681159	7	0	1	0
[N-]=[N+]=NC1=CC=CN=C1C(=O)NCCC2CCN(CC2)C3=NC=NC4=C3C=CS4 m_276450__14193098__27788636__18957688	12	0.21	0.26900584795321636	8	0	3	0
CC1=NC2=C(C=C1C(=O)NC3CCN(CC3)C4=NC=NC5=C4C=CS5)CCCN2 m_276450__14192934__27783770__18957688	9	0.21	0.24934383202099739	6	0	1	1
CC1=NC2=CC=C(C=C2C(=C1NC(=O)N3CCN(CC3)C4=CC=CC5=C4C=NN5)C)Br s_2430__26893924__17793198	12	0.21	0.2120253164556962	5	0	5	0
CC1=NC2=CC(=CC=C2C(=C1NC(=O)N3CCN(CC3)C4=CC=CC5=C4C=NN5)C)Br s_2430__26879512__17793198	12	0.21	0.2229299363057325	5	0	5	0
O=C(NCCC1CCN(CC1)C2=NC=NC3=C2C=CS3)C4=C5OCCCN5N=C4 m_276450__14193098__14200672__18957688	11	0.21	0.2351421188630491	9	0	0	0
CC1=C(CCCO1)C(=O)N2CC[C@@H](C2)N3CCN(CC3)C4=NC=NC5=C4N=CN5 m_276450__27869474__14200236__18955122	11	0.21	0.2601880877742947	8	0	1	2
C1=CC2=C(N=CN2)C(=C1)N3CCN(CC3)CCC4=CC=C5OCCOC5=C4 s_2230__13968354__8635612	8	0.20930232558139536	0.19471947194719472	6	0	0	2
CN(CCC1CCN(CC1)C2=NC=NC3=C2C=CN3)C(=O)CN4CCCCC4 m_276450__14193134__27815118__18251492	12	0.2087912087912088	0.21454545454545454	9	0	1	0
O=C1NC2=CC=CC=C2C=C1CC(=O)N3CCN(CC3)C4=CC=CC5=C4N=CN5 s_22__13968870__761094	12	0.2087912087912088	0.33783783783783783	4	0	6	1
O=C1NC2=CC=CC=C2C=C1CC(=O)N3CCN(CC3)C4=CC=CC5=C4OC=C5 s_22__28465444__761094	12	0.2087912087912088	0.3546099290780142	4	0	6	1
O=C(NC1=CN=C2CCCCN2C1=O)N3CCN(CC3)C4=CN=CC5=NC=NN45 s_2430__22529536__9417634	8	0.2087912087912088	0.3630952380952381	5	0	1	1
C=C1C2=CC=CC=C2C(=O)N1CC(=O)N3CCN(CC3)C4=CC=CC5=C4OC=C5 s_22__28465444__216519	12	0.2087912087912088	0.2326388888888889	4	0	6	0
CC1=NC2=CC=CC=C2C(=C1CC(=O)N3CCN(CC3)C4=NC=NC5=C4SC=C5)C s_527__5635386__155628	12	0.20833333333333334	0.2132564841498559	6	0	5	0
C=CCC1=CC=CC=C1C(=O)NCCN2CCN(CC2)C3=NC=NC4=C3N=CS4 m_276450__18755804__27803632__14155830	12	0.20833333333333334	0.21646341463414634	6	0	5	1
CCN1CCCCC1C(=O)NCCC2CCN(CC2)C3=NC=NC4=C3SC=C4 m_276450__14193098__14205232__14214582	11	0.20833333333333334	0.2619047619047619	8	0	1	0
CCN1CCCCC1C(=O)NCCN2CCN(CC2)C3=NC=NC4=C3N=CN4 m_276450__18755804__14205232__18955122	10	0.20833333333333334	0.22021660649819494	7	0	1	0
CNC1=CN=CC=C1C(=O)NCCN2CCN(CC2)C3=NC=NC4=C3C=CN4 m_276450__18755804__27812084__18251492	12	0.20833333333333334	0.18211920529801323	6	0	4	0
CN1CCCCC1CC(=O)NCCN2CCN(CC2)C3=NC=NC4=C3N=CN4 m_276450__18755804__27801120__18955122	11	0.20833333333333334	0.2226148409893993	7	0	2	0
CC1=C(COCC1)C(=O)N(C)CCC2CCN(CC2)C3=NC=NC4=C3C=CN4 m_276450__14193134__27785454__18251492	10	0.20833333333333334	0.2532894736842105	8	0	0	0
CC1=NC2=CC=CC=C2C(=O)N1CC(=O)N3CCN(CC3)C4=C(C(=CC=C4)F)C#N s_527__632946__9703978	12	0.20833333333333334	0.2292358803986711	4	0	6	0
O=C(NC1=CN=C2C=CC=CN2C1=O)N3CCN(CC3)C4=CC=CC5=C4N=CN5 s_2430__22529678__26861752	10	0.20833333333333334	0.3076923076923077	3	0	5	1
O=C(C1=C(C2=C(C=C1Br)OCCO2)Cl)N3CCN(CC3)C4=CC=CC5=C4C=CN5 s_11__12304832__27040490	10	0.20833333333333334	0.21194029850746268	7	0	1	0
CC1CN2CCN1CC2C(=O)NCCN3CCN(CC3)C4=C5SC=NC5=NC=N4 m_276450__18755804__27780752__28201854	12	0.20833333333333334	0.19932432432432431	9	0	1	0
O=C1NC2CCC1CC2C(=O)NCCN3CCN(CC3)C4=C5SC=NC5=NC=N4 m_276450__18755804__27782922__28201854	11	0.20833333333333334	0.23376623376623376	7	0	2	1
CCCN1CCC[C@H]1C(=O)NCCN2CCN(CC2)C3=NC=NC4=C3C=NN4 m_276450__18755804__27801074__28201338	11	0.20833333333333334	0.2357142857142857	8	0	1	0
CCN(CC1CCN(CC1)C2=NC=NC3=C2SC=C3)C(=O)[C@H]4CCCCN4C m_276450__14193364__18957698__14214582	12	0.20833333333333334	0.27303754266211605	9	0	1	0
O=C(CN1C(=O)NC2=CC=CC=C2C1=O)N3CCN(CC3)C4=CC=CC5=C4N=CN5 s_22__13968870__550054	12	0.20652173913043478	0.203125	5	0	6	0
O=C(CN1CCCNC1=O)NCCN2CCN(CC2)C3=NC=NC4=C3C=CN4 m_276450__18755804__14200630__18251492	11	0.20652173913043478	0.1952054794520548	9	0	0	0
CC1=CC2=C(C=C1NC(=O)N3CCN(CC3)C4=CC=CC5=C4N=CN5)OCCO2 s_2430__27548240__26861752	10	0.20652173913043478	0.20440251572327045	7	0	1	1
CC1=CC2=C(C=C1NC(=O)N3CCN(CC3)C4=CC=CC5=C4NC=C5)OCCO2 m_2430__27548240__12909442	10	0.20652173913043478	0.20723684210526316	7	0	1	1
CC1=CC2=C(C=C1NC(=O)N3CCN(CC3)C4=CC=CC5=C4OC=C5)OCCO2 s_2430__27548240__28470156	10	0.20652173913043478	0.21639344262295082	7	0	1	1
O=C(NC1=CN=C2CCCCN2C1=O)N3CCN(CC3)C4=C5C=CN=C5NC=N4 s_2430__22529536__22577650	7	0.20652173913043478	0.40425531914893614	4	0	1	1
O=C(NC1=CN=C2CCCCN2C1=O)N3CCN(CC3)C4=CN=CC5=NN=NN45 s_2430__22529536__18364008	9	0.20652173913043478	0.35	6	0	1	1
C=C1C2=CC=CC=C2C(=O)N1CC(=O)N3CCN(CC3)C4=CC=CC5=C4N=CN5 s_11__25843604__210148	12	0.20652173913043478	0.21710526315789475	4	0	6	0
C=CCC1=CC=CC=C1C(=O)NCCC2CCN(CC2)C3=NC=NC4=C3C=CS4 m_276450__14193098__27803632__18957688	12	0.20618556701030927	0.27419354838709675	6	0	5	1
COCC1=CC=CN=C1C(=O)NCCN2CCN(CC2)C3=NC=NC4=C3C=CN4 m_276450__18755804__27792398__18251492	12	0.20618556701030927	0.1710914454277286	8	0	3	0
COC1=CN=NC=C1C(=O)NCCC2CCN(CC2)C3=NC=NC4=C3C=CS4 m_276450__14193098__27781508__18957688	12	0.20618556701030927	0.25219941348973607	8	0	2	0
CC1=C(CCCO1)C(=O)N(C)CCC2CCN(CC2)C3=NC=NC4=C3NC=C4 m_276450__14193134__14200236__28201464	11	0.20618556701030927	0.24458204334365324	9	0	0	0
O=C(C1=C(C2=C(C=C1Br)OCCO2)Cl)N3CCN(CC3)C4=CC=CC5=C4C=NN5 s_22__17793186__26978044	11	0.20618556701030927	0.21148036253776434	8	0	1	0
O=C(C1=C(C2=C(C=C1Br)OCCO2)Cl)N3CCN(CC3)C4=NC=NC5=C4C=CS5 s_22__24035806__26978044	11	0.20618556701030927	0.24728260869565216	8	0	1	0
O=C(C1=NC=NC=C1Cl)N2CC[C@H](C2)N3CCN(CC3)C4=NC=NC5=C4C=CS5 m_276450__27869470__27805336__18957688	12	0.20618556701030927	0.2909090909090909	7	0	3	2
O=C1C2=CC=CC=C2C(=O)N1CCN3CCC(CC3)C4=CC=CC5=C4C=CN5 s_2230__13035036__680282	10	0.20481927710843373	0.19148936170212766	5	0	4	0
CN(CCC1CCN(CC1)C2=NC=NC3=C2SC=N3)C(=O)C=C4CCCCC4 m_276450__14193134__14200008__28201854	12	0.20430107526881722	0.2408026755852843	9	0	1	0
O=C(CN1N=NC2=CC=CC=C2C1=O)N3CCN(CC3)C4=CC=CC5=C4OC=C5 s_22__28465444__141459	12	0.20430107526881722	0.21725239616613418	5	0	5	0
O=C1C2=CC=CC=C2C=CN1CC(=O)N3CCN(CC3)C4=CC=CC5=C4N=CN5 s_11__25843604__9457984	12	0.20430107526881722	0.203125	5	0	5	1
O=C1C2=CC=CC=C2N=CN1CC(=O)N3CCN(CC3)C4=CC=CC5=C4OC=C5 s_22__28465444__59939	11	0.20430107526881722	0.23666666666666666	4	0	5	1
O=C(CN1C(=O)C2=CC=CN=C2C1=O)N3CCN(CC3)C4=CC=CC5=C4OC=C5 s_11__28469268__2786054	12	0.20430107526881722	0.2073170731707317	6	0	4	0
O=C(NCCN1CCN(CC1)C2=NC=NC3=C2C=CN3)C4CCCN5C4CCC5 m_276450__18755804__27782786__18251492	11	0.20430107526881722	0.23183391003460208	7	0	2	1
O=C(CN1CCCCC1)N2CC[C@H](C2)N3CCN(CC3)C4=NC=NC5=C4C=CN5 m_276450__27869470__27815118__18251492	12	0.20430107526881722	0.23381294964028776	9	0	1	1
[N-]=[N+]=N[C@H]1CCCC[C@H]1C(=O)NCCN2CCN(CC2)C3=NC=NC4=C3C=CN4 m_276450__18755804__27784696__18251492	9	0.20408163265306123	0.23208191126279865	7	0	1	0
CCN1CCOCC1C(=O)NCCN2CCN(CC2)C3=NC=NC4=C3N=CS4 m_276450__18755804__14204356__14155830	10	0.20408163265306123	0.2302839116719243	7	0	1	0
CCCN1CCCCC1C(=O)NCCN2CCN(CC2)C3=C4C(=NC=N3)C=CN4C m_276450__18755804__27809982__28201852	11	0.20408163265306123	0.25249169435215946	8	0	1	0
O=C(NCCN1CCN(CC1)C2=NC=NC3=C2C=CN3)C4CCCN5C4=CC=N5 m_276450__18755804__14203920__18251492	10	0.20408163265306123	0.21428571428571427	8	0	0	1
O=C(NCCN1CCN(CC1)C2=NC=NC3=C2C=CN3)C4CCCN5C4=NN=C5 m_276450__18755804__18783872__18251492	10	0.20408163265306123	0.2063953488372093	7	0	1	0
O=C(NCCN1CCN(CC1)C2=NC=NC3=C2C=CN3)C4=C5OCCCN5N=C4 m_276450__18755804__14200672__18251492	11	0.20408163265306123	0.17066666666666666	9	0	0	0
CCN(CC1CCN(CC1)C2=NC=NC3=C2N=CN3)C(=O)C4=C(CCCC4)Cl m_276450__14193364__27797300__18955122	11	0.20408163265306123	0.26013513513513514	8	0	1	0
O=C(CN1C(=O)NC2=CC=CC=C2C1=O)N3CCN(CC3)C4=CC=CC5=C4OC=C5 s_11__28469268__550016	12	0.20212765957446807	0.2161290322580645	5	0	6	0
CC(CN1CCCCC1)C(=O)NCC2CCN(CC2)C3=NC=NC4=C3C=CN4 s_11__22180642__26276014	11	0.20212765957446807	0.20577617328519857	8	0	1	0
CC1=NC2=CC=CC=C2C=C1NC(=O)N3CCN(CC3)C4=CC=CC5=C4N=CN5 s_2430__22523656__26861752	11	0.20212765957446807	0.21052631578947367	4	0	5	1
O=C1OC2=CC=CC=C2C=C1CC(=O)N3CCN(CC3)C4=CC=CC5=C4N=CN5 s_11__25843604__22272908	12	0.20212765957446807	0.2791411042944785	5	0	5	1
O=C(CN1C(=O)C2=CC=CN=C2C1=O)N3CCN(CC3)C4=CC=CC5=C4N=CN5 s_22__13968870__2823924	12	0.20212765957446807	0.2012012012012012	6	0	4	0
CC1=NC2=CC=CC=C2C(=C1C(=O)N3CCN(CC3)C4=CC=CC5=C4OC=C5)C s_11__28469268__124847	11	0.20212765957446807	0.19741100323624594	4	0	5	0
O=C(NCCN1CCN(CC1)C2=NC=NC3=C2C=CN3)C4CCCCC45CCC5 m_276450__18755804__18937568__18251492	10	0.20212765957446807	0.22382671480144403	6	0	2	1
O=C(NCCN1CCN(CC1)C2=NC=NC3=C2C=NN3)C4CCCN5C4CCC5 m_276450__18755804__27782786__28201338	12	0.20212765957446807	0.23367697594501718	8	0	2	1
O=C(NCCN1CCN(CC1)C2=NC=NC3=C2N=CN3)C4CCCC5N4CCC5 m_276450__18755804__14204648__18955122	11	0.20212765957446807	0.22419928825622776	8	0	1	2
[N-]=[N+]=N[C@H]1CCCC[C@H]1C(=O)NCCN2CCN(CC2)C3=NC=NC4=C3N=CS4 m_276450__18755804__27784696__14155830	9	0.20202020202020202	0.2571428571428571	7	0	1	0
CCCN1CCCCC1C(=O)NCCN2CCN(CC2)C3=C4C(=NOC4=NC=N3)C m_276450__18755804__27809982__14214556	11	0.20202020202020202	0.22903225806451613	7	1	1	1
CC1=NC2=NC=NN2C(=C1CC(=O)N3CCN(CC3)C4=NC=NC5=C4C=NN5)C s_22__29610718__130878	11	0.20202020202020202	0.19148936170212766	7	0	2	0
O=C(C1=C(C2=C(C=C1Br)OCCO2)Cl)N3CCN(CC3)C4=CC=NC5=C4SC=C5 s_22__13570828__26978044	12	0.20202020202020202	0.22625698324022347	9	0	1	0
O=C(NCCN1CCN(CC1)C2=NC=NC3=C2SC=N3)C4CCOCC45CCC5 m_276450__18755804__27783116__28201854	12	0.20202020202020202	0.22435897435897437	8	0	2	1
O=C(NCCN1CCN(CC1)C2=NC=NC3=C2N=CS3)C4CCCN5C4=NN=C5 m_276450__18755804__18783872__14155830	10	0.20202020202020202	0.23055555555555557	7	0	1	0
O=C(NCCN1CCN(CC1)C2=NC=NC3=C2NC=C3)C4CCCC5=C4NN=C5 m_276450__18755804__14202060__28201464	12	0.20202020202020202	0.23646723646723647	7	0	3	0
O=C(NCCN1CCN(CC1)C2=NC=NC3=C2NC=C3)C4CCCC5=CC=NN45 m_276450__18755804__27790108__28201464	11	0.20202020202020202	0.232620320855615	7	0	2	1
O=C(NCCN1CCN(CC1)C2=NC=NC3=C2SC=N3)C4CCCN5C4=NN=C5 m_276450__18755804__18783872__28201854	11	0.20202020202020202	0.20949720670391062	8	0	1	0
O=C(CC1CSCCO1)N2CC[C@H](C2)N3CCN(CC3)C4=NC=NC5=C4C=CS5 m_276450__27869470__27782132__18957688	12	0.20202020202020202	0.31347962382445144	8	0	2	1
CCN1CCOCC1CC(=O)NCCC2CCN(CC2)C3=NC=NC4=C3C=CS4 m_276450__14193098__27786920__18957688	11	0.2	0.2792207792207792	8	0	2	0
CCN1CCOCC1CC(=O)NCCN2CCN(CC2)C3=NC=NC4=C3SC=N4 m_276450__18755804__27786920__28201854	12	0.2	0.21451104100946372	9	0	2	0
O=C1C2=CC=CC=C2C(=O)N1CCC3=CCN(CC3)C4=NC=CC5=C4C=CO5 s_27__9581216__15258810	12	0.2	0.2625	5	1	5	0
O=C(C[C@H]1CCCC[C@@H]1O)NCCN2CCN(CC2)C3=NC=NC4=C3C=CN4 m_276450__18755804__27784860__18251492	11	0.2	0.22456140350877193	7	0	2	0
CCCN1CCCCC1C(=O)NCCN2CCN(CC2)C3=C4N=C(SC4=NC=N3)N m_276450__18755804__27809982__28204226	10	0.2	0.26282051282051283	7	0	1	1
CC1=NC2=CC=CC=C2C=C1NC(=O)N3CCN(CC3)C4=CC=CC5=C4OC=C5 s_2430__22523656__28470156	11	0.2	0.2079207920792079	4	0	5	1
CC1=NC2=NC=CC=C2C=C1CC(=O)N3CCN(CC3)C4=CC=CC5=C4OC=C5 s_22__28465444__21203144	10	0.2	0.21362229102167182	4	0	4	1
O=C(CC1=CC2=CC=CC=C2C=C1O)N3CCN(CC3)C4=CC=CC5=C4OC=C5 s_22__28465444__21389038	12	0.2	0.22509225092250923	5	0	5	1
CC1=C(C=NC2=CC=CC=C12)NC(=O)N3CCN(CC3)C4=CC=CC5=C4N=CN5 s_2430__22522772__26861752	12	0.2	0.20860927152317882	5	0	5	1
O=C1C2=CC=CC=C2C=CN1CC(=O)N3CCN(CC3)C4=CC=CC5=C4OC=C5 s_22__28465444__9457986	12	0.2	0.21498371335504887	5	0	5	1
CC1=NC2=NC=NN2C(=C1CC(=O)N3CCC(CC3)C4=CC=CC5=C4C=CN5)C s_11__22174136__115783	9	0.2	0.18235294117647058	5	0	2	0
CC1=NC2=CC=CC=C2C(=C1C(=O)N3CCN(CC3)C4=CC=CC5=C4N=CN5)C s_22__13968870__9475876	11	0.2	0.19365079365079366	4	0	5	0
CSC1=NC2=CC=CC=C2C(=C1NC(=O)N3CCN(CC3)C4=CC=CC5=C4N=CN5)C s_2430__12100718__26861752	12	0.2	0.21779141104294478	5	0	5	0
O=C(NCCN1CCN(CC1)C2=NC=NC3=C2C=NN3)C4CCCCC45CCC5 m_276450__18755804__18937568__28201338	11	0.2	0.225	7	0	2	1
O=C(NCCN1CCN(CC1)C2=NC=NC3=C2OC=C3)C4CCCC5=C4C=NN5 m_276450__18755804__14202058__28201534	12	0.2	0.25	9	0	1	0
O=C(C=C1CN2CCC1CC2)NCCN3CCN(CC3)C4=C5N=CSC5=NC=N4 m_276450__18755804__27788104__14155830	12	0.2	0.2806451612903226	9	0	1	0
O=C(C1=C(CCOC1)Cl)N2CC[C@H](C2)N3CCN(CC3)C4=NC=NC5=C4SC=N5 m_276450__27869470__27794768__28201854	11	0.2	0.28313253012048195	8	0	1	2
C#CCOC1=CC(=C(C(=C1)C)CN2CCN(CC2)C3=CC=CC4=C3OC=C4)C s_270004__28472744__24720298	10	0.2	0.1958041958041958	6	0	2	0
CCN1CCOCC1CC(=O)NCCN2CCN(CC2)C3=C4C=C(SC4=NC=N3)C m_276450__18755804__27786920__14214422	11	0.19801980198019803	0.28615384615384615	7	0	2	1
CCN(CC1CCN(CC1)C2=NC=NC3=C2N=CN3)C(=O)C4=C(OCCC4)C m_276450__14193364__14200236__18955122	12	0.19801980198019803	0.2347266881028939	9	0	1	0
CC1=NC2=CC=CC=C2C(=C1CC(=O)N3CCN(CC3)C4=CC=CC5=C4NC=C5)C m_527__12909438__155628	10	0.19791666666666666	0.20945945945945946	4	0	5	0
CC1=NC2=CC=CC=C2C(=C1CC(=O)N3CCN(CC3)C4=CC=CC5=C4OC=C5)C s_22__28465444__300168	10	0.19791666666666666	0.21895424836601307	4	0	5	0
CCC1CCCCC1C(=O)NCCN2CCN(CC2)C3=NC=NC4=C3OC=C4 m_276450__18755804__14201692__28201534	10	0.19791666666666666	0.25084745762711863	6	0	2	0
COC1=CN=CN=C1C(=O)NCCN2CCN(CC2)C3=NC=NC4=C3C=CN4 m_276450__18755804__27785636__18251492	12	0.19791666666666666	0.17981072555205047	8	0	2	0
COC1CCCCC1C(=O)NCCN2CCN(CC2)C3=NC=NC4=C3OC=C4 m_276450__18755804__14206084__28201534	10	0.19791666666666666	0.2524271844660194	7	0	1	0
CO[C@H]1CCCC[C@H]1C(=O)NCCN2CCN(CC2)C3=NC=NC4=C3NC=C4 m_276450__18755804__27782064__28201464	10	0.19791666666666666	0.24172185430463577	7	0	1	0
CSC1=CC=CC=C1C(=O)NCCN2CCN(CC2)C3=CC=NC4=NC=CN34 m_276450__18755804__27815346__28204368	12	0.19791666666666666	0.19	6	0	4	0
O=C(CN1CCOCC1=O)NCCN2CCN(CC2)C3=NC=NC4=C3SC=N4 m_276450__18755804__14206022__28201854	12	0.19791666666666666	0.1791530944625407	10	0	0	0
O=C(C[C@H]1CCCC[C@H]1F)NCCN2CCN(CC2)C3=NC=NC4=C3C=NN4 m_276450__18755804__27781330__28201338	12	0.19791666666666666	0.2264808362369338	9	0	1	0
CC1=NC2=NC=CC=C2C=C1CC(=O)N3CCN(CC3)C4=CC=CC5=C4N=CN5 s_11__25843604__22272842	10	0.19791666666666666	0.205607476635514	4	0	4	1
O=C(NC1=CC2=C(CCCC2)N=C1Cl)N3CCN(CC3)C4=CC=CC5=C4N=CN5 s_2430__26895820__26861752	8	0.19791666666666666	0.1972972972972973	5	0	1	1
CC1=C(C=NC2=CC=CC=C12)NC(=O)N3CCN(CC3)C4=CC=CC5=C4OC=C5 s_2430__22522772__28470156	12	0.19791666666666666	0.20666666666666667	5	0	5	1
O=C(NC1=CN=C2CCCCN2C1=O)C3CCN(CC3)C4=CN=CC5=NN=NN45 s_22__21018866__7786096	10	0.19791666666666666	0.37920489296636084	7	0	1	1
CC1=C(C(=NC2=CC=CC=C12)O)C(=O)N3CCN(CC3)C4=CC=CC5=C4OC=C5 s_22__28465444__6663460	12	0.19791666666666666	0.20382165605095542	5	0	5	0
O=C(NCCN1CCN(CC1)C2=C3C=CNC3=NC=N2)[C@H]4C[C@H]5C=C[C@@H]4CCC5 m_276450__18755804__27788800__18251492	12	0.19791666666666666	0.22895622895622897	6	0	4	2
O=C(NCCN1CCN(CC1)C2=NC=NC3=C2NC=C3)C4=C5NCCCN5N=C4 m_276450__18755804__27796260__28201464	12	0.19791666666666666	0.19633507853403143	10	0	0	0
O=C([C@H]1CCCC[C@H]1O)N2CC[C@@H](C2)N3CCN(CC3)C4=NC=NC5=C4SC=C5 m_276450__27869474__27785808__14214582	11	0.19791666666666666	0.2777777777777778	7	0	2	2
CC1=C(COCC1)C(=O)N2CCC3(CC2)CCN(CC3)C4=NC=NC5=C4N=CN5 m_276450__18955116__27785454__18955122	12	0.19791666666666666	0.24671052631578946	9	0	1	1
O=C(CC1=CC2=CC=CC=C2C=C1O)N3CCN(CC3)C4=CC=CC5=C4N=CN5 s_22__13968870__21389038	12	0.1978021978021978	0.21328671328671328	5	0	5	1
CCN1CCOCC1CC(=O)NCCC2CCN(C2)C3=NC=NC4=C3C=CS4 m_276450__14193272__27786920__18957688	12	0.19607843137254902	0.2912621359223301	8	0	2	0
O=C1NC2=C(CCCC2)N=C1NCC3CCN(CC3)C4=NC=NC5=C4C=CN5 s_27__16803670__15344316	10	0.1958762886597938	0.30903790087463556	8	0	1	0
CC1=NC2=CC=CC=C2C(=C1CC(=O)N3CCN(CC3)C4=CC=CC5=C4N=CN5)C s_11__25843604__54867	10	0.1958762886597938	0.2108626198083067	4	0	5	0
COC1CCCCC1C(=O)NCCC2CCN(CC2)C3=NC=NC4=C3SC=C4 m_276450__14193098__14206084__14214582	11	0.1958762886597938	0.23127035830618892	8	0	1	0
CO[C@H]1CCCC[C@H]1C(=O)NCCN2CCN(CC2)C3=NC=NC4=C3N=CN4 m_276450__18755804__27782064__18955122	10	0.1958762886597938	0.21649484536082475	7	0	1	0
O=C(CN1CCOCC1=O)NCCC2CCN(CC2)C3=NC=NC4=C3C=CS4 m_276450__14193098__14206022__18957688	11	0.1958762886597938	0.2962962962962963	9	0	0	0
CC(C(=O)NCC1CCN(CC1)C2=NC=NC3=C2C=CN3)N4CCCCC4=O s_11__22180642__3048300	11	0.1958762886597938	0.23655913978494625	8	0	1	0
CC1=C(COCC1)C(=O)N(C)CCC2CCN(CC2)C3=NC=NC4=C3NC=C4 m_276450__14193134__27785454__28201464	11	0.1958762886597938	0.26517571884984026	9	0	0	0
O=C(NC1=CC2=C(CCCC2)N=C1Cl)N3CCN(CC3)C4=NC=NC5=C4SC=C5 s_2430__26895820__5635394	10	0.1958762886597938	0.20351758793969849	7	0	1	1
CC1=C(C(=NC2=CC=CC=C12)O)C(=O)N3CCN(CC3)C4=CC=CC5=C4N=CN5 s_22__13968870__6663460	12	0.1958762886597938	0.20125786163522014	5	0	5	0
CC1=C(COCC1)C(=O)N2CC[C@@H](C2)N3CCN(CC3)C4=NC=NC5=C4CCC5 m_276450__27869474__27785454__14214378	12	0.1958762886597938	0.2603550295857988	7	0	3	2
O=C(CC1=CC2=C(C=C1Br)OCCO2)N3CCN(CC3)C4=CC=CC5=C4OC=C5 s_22__28465444__117017	10	0.1956521739130435	0.2253968253968254	7	0	1	1
C[C@@H](CN1CCN(CC1)C2=NC=NC3=C2N=CS3)NC(=O)[C@H]4CCCC[C@H]4N=[N+]=[N-] m_276450__27871502__27784696__14155830	10	0.1941747572815534	0.2571428571428571	7	0	1	1
CCN1CCOCC1C(=O)NCCN2CCN(CC2)C3=NC=NC4=C3C=NN4 m_276450__18755804__14204356__28201338	11	0.19387755102040816	0.20333333333333334	8	0	1	0
CN(CCC1CCN(CC1)C2=NC=NC3=C2C=CN3)C(=O)C4=C(CCOC4)Cl m_276450__14193134__27794768__18251492	10	0.19387755102040816	0.2621359223300971	8	0	0	0
O=C(NC1=CC2=C(C=C1Cl)OCCC2)N3CCN(CC3)C4=CC=CC5=C4OC=C5 s_2430__15148972__28470156	10	0.19387755102040816	0.2	7	0	1	1
O=C(NC1=C(C2=C(C=C1)OCCO2)Cl)N3CCN(CC3)C4=CC=NC5=C4SC=C5 s_2430__26894868__22575770	12	0.19387755102040816	0.22388059701492538	9	0	1	1
O=C(NCCC1CCN(CC1)C2=NC=NC3=C2C=CN3)C4=NNC5=C4CCCC5 m_276450__14193098__14207032__18251492	12	0.19387755102040816	0.19505494505494506	10	0	0	0
O=C(NCCN1CCN(CC1)C2=NC=NC3=C2OC=C3)C4=C5CCOCC5=CO4 m_276450__18755804__14205410__28201534	12	0.19387755102040816	0.19083969465648856	9	0	1	1
CN1CCCCC1C(=O)N2CC[C@H](C2)N3CCN(CC3)C4=NC=NC5=C4N=CS5 m_276450__27869470__14206930__14155830	10	0.19387755102040816	0.2721311475409836	7	0	1	2
O=C1C2=CC=CC=C2N=CN1CCN3CCC(CC3)C4=CC=CC5=C4C=CN5 s_2230__13035036__7471562	9	0.1935483870967742	0.22039473684210525	4	0	4	1
CCOC1=CC=CN=C1N2CCN(CC2)CCN3C=NC4=CC=CC=C4C3=O s_2230__13138144__7471562	12	0.1935483870967742	0.2435064935064935	5	0	5	2
O=C(CN1CCCNC1=O)NCCN2CCN(CC2)C3=NC=NC4=C3NC=C4 m_276450__18755804__14200630__28201464	12	0.1935483870967742	0.2159468438538206	10	0	0	0
O=C(NC1=CC2=C(C=C1Br)OCCO2)N3CCN(CC3)C4=CC=CC5=C4OC=C5 s_2430__737976__28470156	11	0.1935483870967742	0.2161290322580645	8	0	1	1
O=C(NC1=CC2=C(C=C1Cl)OCCO2)N3CCN(CC3)C4=CC=CC5=C4N=CN5 s_2430__740638__26861752	11	0.1935483870967742	0.19444444444444445	8	0	1	1
O=C(NC1=CC2=C(C=C1Cl)OCCO2)N3CCN(CC3)C4=CC=CC5=C4OC=C5 s_2430__740638__28470156	11	0.1935483870967742	0.20711974110032363	8	0	1	1
O=C(CC1=C(C2=CC=CC=C2C=C1)Cl)N3CCN(CC3)C4=CC=CC5=C4N=CN5 s_22__13968870__28246902	12	0.1935483870967742	0.21830985915492956	5	0	5	1
O=C1C2=CC=CC=C2N=CN1CC(=O)N3CCN(CC3)C4=CC=CC5=C4N=CN5 s_11__25843604__54496	11	0.1935483870967742	0.22435897435897437	4	0	5	1
C#CCOC1=CC(=C(C(=C1)C)CN2CCN(CC2)C3=CC=CC4=C3N=CN4)C s_270004__24159222__24720298	10	0.1935483870967742	0.18211920529801323	6	0	2	0
C#CCOC1=CC(=C(C(=C1)C)CN2CCN(CC2)C3=NC=NC4=C3SC=C4)C s_270004__8137760__24720298	12	0.1935483870967742	0.1903323262839879	8	0	2	0
CC1=C(SCCO1)C(=O)N(C)CCC2CCN(CC2)C3=NC=NC4=C3C=CN4 m_276450__14193134__27810424__18251492	11	0.1919191919191919	0.22699386503067484	9	0	0	0
O=C(NCCN1CCN(CC1)C2=NC=NC3=C2C=CN3)C4=CC=NN5C4=NC=C5 m_276450__18755804__27786098__18251492	12	0.1919191919191919	0.1804733727810651	7	0	3	1
O=C(NCCN1CCN(CC1)C2=NC=NC3=C2C=NN3)C4CCCN5C4=CC=N5 m_276450__18755804__14203920__28201338	11	0.1919191919191919	0.21212121212121213	9	0	0	1
O=C(NCCN1CCN(CC1)C2=NC=NC3=C2NC=C3)C4CCCN5C4=CC=N5 m_276450__18755804__14203920__28201464	11	0.1919191919191919	0.22994652406417113	9	0	0	1
O=C(NCCC1CCN(CC1)C2=NC=NC3=C2C=CN3)C4=NOC5=C4CCCC5 m_276450__14193098__14204022__18251492	12	0.1919191919191919	0.18652849740932642	10	0	0	0
O=C(NCCC1CCN(CC1)C2=NC=NC3=C2N=CS3)C4=C5CCCCC5=CS4 m_276450__14193098__27810886__14155830	11	0.1919191919191919	0.20580474934036938	8	1	0	1
O=C(NCCC1CCN(CC1)C2=NC=NC3=C2N=CS3)C4=CSC5=C4CCCC5 m_276450__14193098__14203690__14155830	12	0.1919191919191919	0.2131578947368421	10	0	0	0
O=C(NCCN1CCN(CC1)C2=NC=NC3=C2NC=C3)C4=C5OCCCN5N=C4 m_276450__18755804__14200672__28201464	12	0.1919191919191919	0.18393782383419688	10	0	0	0
CC1CCCC=C1C(=O)N2CC[C@H](C2)N3CCN(CC3)C4=NC=NC5=C4C=CN5 m_276450__27869470__27795172__18251492	11	0.1919191919191919	0.28859060402684567	6	0	3	2
O=C(CC1=CC2=C(C=C1Br)OCCO2)N3CCN(CC3)C4=CC=CC5=C4N=CN5 s_11__25843604__117015	10	0.19148936170212766	0.20909090909090908	7	0	1	1
O=C(CC1=CC2=C(C=C1Br)OCCO2)N3CCN(CC3)C4=NC=NC5=C4SC=C5 s_11__5635366__117015	12	0.19148936170212766	0.2188365650969529	9	0	1	1
O=C(CN1N=NC2=CC=CC=C2C1=O)N3CCN(CC3)C4=CC=CC5=C4N=CN5 s_11__25843604__141458	12	0.19148936170212766	0.21406727828746178	5	0	5	0
CC1=NC2=CC=CC=C2C(=O)N1CC(=O)N3CCN(CC3)C4=CC=NC5=CC=CC=C45 s_22__24029748__9704034	11	0.19148936170212766	0.24	4	0	5	0
O=C(C=C1CN2CCC1CC2)NCCN3CCN(CC3)C4=C5C=CNC5=NC=N4 m_276450__18755804__27788104__18251492	12	0.19148936170212766	0.25951557093425603	9	0	1	0
O=C(C1=C(CCCC1)Cl)N2CC[C@@H](C2)N3CCN(CC3)C4=NC=NC5=C4CCC5 m_276450__27869474__27797300__14214378	11	0.19148936170212766	0.2648809523809524	6	0	3	2
CC1=C(C(=O)N2N=CC=C2N1)CC(=O)N3CC=C(CC3)C4=CC=NC5=C4C=CN5 s_11__22183562__3392752	11	0.19047619047619047	0.2506203473945409	4	0	5	0
CCCN1CCCCC1C(=O)N[C@H](C)CN2CCN(CC2)C3=NC=NC4=C3NC=C4 m_276450__27871500__27809982__28201464	11	0.19	0.2578397212543554	8	0	1	1
O=C(NCCN1CCN(CC1)C2=NC=NC3=C2N=CN3)C4CCCC5=C4C=NN5 m_276450__18755804__14202058__18955122	12	0.19	0.21818181818181817	9	0	1	0
O=C(NCCN1CCN(CC1)C2=NC=NC3=C2N=CN3)C4CCCC5=CC=NN45 m_276450__18755804__27790108__18955122	11	0.19	0.20821917808219179	7	0	2	1
O=C(NCCN1CCN(CC1)C2=NC=NC3=C2OC=C3)C4CCCN5C4=CC=N5 m_276450__18755804__14203920__28201534	11	0.19	0.23733333333333334	9	0	0	1
O=C(NCCC1CCN(CC1)C2=NC=NC3=C2N=CS3)C4=C5CCCCC5=NO4 m_276450__14193098__14204930__14155830	12	0.19	0.21518987341772153	9	0	1	0
O=C(NCCC1CCN(CC1)C2=NC=NC3=C2N=CS3)C4=NOC5=C4CCCC5 m_276450__14193098__14204022__14155830	12	0.19	0.20595533498759305	10	0	0	0
CC1CCCC=C1C(=O)N2CC[C@H](C2)N3CCN(CC3)C4=NC=NC5=C4C=NN5 m_276450__27869470__27795172__28201338	12	0.19	0.29	7	0	3	2
O=C(C1=C(CCOC1)Cl)N2CC[C@H](C2)N3CCN(CC3)C4=NC=NC5=C4C=CN5 m_276450__27869470__27794768__18251492	10	0.19	0.28888888888888886	7	0	1	2
CCN(CC1CCN(CC1)C2=NC=NC3=C2N=CS3)C(=O)C4=CCCCC4C m_276450__14193364__27795172__14155830	12	0.19	0.2861736334405145	7	0	3	0
CCN(CC1CCN(CC1)C2=NC=NC3=C2NC=C3)C(=O)C4=C(CCOC4)C m_276450__14193364__27785454__28201464	12	0.19	0.2724358974358974	9	0	1	0
CCCN1CCCCC1C(=O)NCCN2CCN(CC2)C3=NC=NC4=C3CCC4 m_276450__18755804__27809982__14214378	11	0.18947368421052632	0.22330097087378642	7	0	3	0
O=C(CC1CCCNC1=O)NCCN2CCN(CC2)C3=NC=NC4=C3NC=C4 m_276450__18755804__27782584__28201464	12	0.18947368421052632	0.2912280701754386	9	0	1	0
O=C(CN1CCOCC1=O)NCCN2CCN(CC2)C3=NC=NC4=C3C=CN4 m_276450__18755804__14206022__18251492	11	0.18947368421052632	0.17647058823529413	9	0	0	0
C=C(CN1CCCCC1)C(=O)NCC2CCN(CC2)C3=NC=NC4=C3C=CN4 s_11__22180642__23815154	11	0.18947368421052632	0.23104693140794225	8	0	1	0
CC(CN1CCCCC1)C(=O)NCC2CCN(CC2)C3=NC=NC4=C3NC=C4 m_276450__14192936__27811214__28201464	12	0.18947368421052632	0.2264808362369338	9	0	1	0
NC(CN1CCCCC1)C(=O)NCC2CCN(CC2)C3=NC=NC4=C3C=CN4 s_240690__24674464__12529766	12	0.18947368421052632	0.21942446043165467	9	0	1	0
CN(CCC1CCN(CC1)C2=NC=NC3=C2SC=N3)C(=O)[C@H]4CCCCN4C m_276450__14193134__18957698__28201854	11	0.18947368421052632	0.22372881355932203	9	0	0	0
CC1=NC2=NC=NN2C(=C1)N3CCN(CC3)CCN4C=NC5=CC=CC=C5C4=O s_2230__7461824__7471562	12	0.18947368421052632	0.2138728323699422	6	0	4	2
CC1=NN2C(=CN=CC2=N1)N3CCN(CC3)CCN4C=NC5=CC=CC=C5C4=O s_2230__9090830__7471562	12	0.18947368421052632	0.19714285714285715	6	0	4	2
O=C(NC1=C(C2=C(C=C1)OCCO2)Cl)N3CCN(CC3)C4=CC=CC5=C4OC=C5 s_2430__26894868__28470156	11	0.18947368421052632	0.20711974110032363	8	0	1	1
O=C(NCCN1CCN(CC1)C2=NC=NC3=C2N=CN3)C4CCCCC4C5CC5 m_276450__18755804__14205338__18955122	11	0.18947368421052632	0.213768115942029	7	0	2	1
O=C(NCCN1CCN(CC1)C2=NC=NC3=C2N=CN3)C4CCCN5C4CCC5 m_276450__18755804__27782786__18955122	12	0.18947368421052632	0.2222222222222222	8	0	2	1
O=C(CN1N=CC2=C(C1=O)CCCC2)N3CC=C(CC3)C4=CC=NC5=C4C=CN5 s_11__22183562__14868728	11	0.18811881188118812	0.2356164383561644	7	0	2	0
CC1=C(C(=O)NC2=CC=CC=C12)CC(=O)N3CCC(CC3)C4=CC=CC5=C4C=CN5 s_22__13035022__20854936	12	0.1875	0.31561461794019935	5	0	6	0
CN(CCC1CCN(CC1)C2=NC=NC3=C2C=CN3)C(=O)CC4=CCCCC4 m_276450__14193134__14200074__18251492	11	0.1875	0.2226027397260274	8	0	1	0
O=C(NC1=CC2=CC=CC=C2N=C1Cl)N3CCN(CC3)C4=CC=CC5=C4OC=C5 s_2430__15423922__28470156	12	0.1875	0.2026578073089701	5	0	5	1
O=C(NC1=C(C2=C(C=C1)OCCO2)Cl)N3CCN(CC3)C4=CC=CC5=C4N=CN5 s_2430__26894868__26861752	11	0.1875	0.19444444444444445	8	0	1	1
O=C1NC2=C(N1)C(=CC=C2)N3CCN(CC3)C(=O)CN4C(=O)C5=CC=CC=C5N=C4S s_22__13166772__309126	12	0.1875	0.2334384858044164	5	0	5	1
O=C(NCCC1CCN(CC1)C2=NC=NC3=C2SC=C3)C4CCCCC45CCC5 m_276450__14193098__18937568__14214582	12	0.1875	0.23208191126279865	8	0	2	1
O=C(NCCN1CCN(CC1)C2=NC=NC3=C2OC=C3)C4CCCCC45CCC5 m_276450__18755804__18937568__28201534	11	0.1875	0.25084745762711863	7	0	2	1
O=C(NCCN1CCN(CC1)C2=NC=NC3=C2CCC3)C4CCCC5N4CCC5 m_276450__18755804__14204648__14214378	12	0.18681318681318682	0.22044728434504793	7	0	3	2
CN1C=NC2=NC=NC(=C12)N3CCN(CC3)CCNC(=O)[C@H]4CCCC[C@H]4N=[N+]=[N-] m_276450__18755804__27784696__28201452	11	0.18627450980392157	0.21498371335504887	8	0	1	0
[N-]=[N+]=N[C@H]1CCCC[C@H]1C(=O)NCCC2CCN(C2)C3=NC=NC4=C3SC=C4 m_276450__14193272__27784696__14214582	12	0.18627450980392157	0.24836601307189543	9	0	1	0
O=C(CN1CCCCC1=O)NCCC2CCN(CC2)C3=NC=NC4=C3C=NN4 m_276450__14193098__14200608__28201338	12	0.18556701030927836	0.22614840989399293	10	0	0	0
O=C(C[C@H]1CCCC[C@H]1F)NCCN2CCN(CC2)C3=NC=NC4=C3OC=C4 m_276450__18755804__27781330__28201534	12	0.18556701030927836	0.25249169435215946	9	0	1	0
CN(CCC1CCN(CC1)C2=NC=NC3=C2C=NN3)C(=O)CC4=CCCCC4 m_276450__14193134__14200074__28201338	12	0.18556701030927836	0.22866894197952217	9	0	1	0
CCCN1CCCCC1C(=O)NCCN2CCN(CC2)C3=C(C(=NC=N3)CC)Cl m_276450__18755804__27809982__28201608	12	0.18556701030927836	0.23157894736842105	8	0	2	0
O=C(C1=C(CCOC1)Cl)N2CCC3(CC2)CCN(CC3)C4=NC=NC5=C4C=NN5 m_276450__18955116__27794768__28201338	12	0.18556701030927836	0.26282051282051283	9	0	1	1
O=C(CN1C(=O)C2CCCCC2C1=O)N3CCN(CC3)C4=NC=NC5=C4C=NN5 s_22__29610718__59515	11	0.18478260869565216	0.25	7	0	2	0
CCN1CCOCC1C(=O)NCCN2CCN(CC2)C3=NC=NC4=C3OC=C4 m_276450__18755804__14204356__28201534	11	0.1836734693877551	0.22857142857142856	8	0	1	0
CC(C(=O)NCC1CCN(CC1)C2=NC=NC3=C2NC=C3)N4CCCCC4=O m_276450__14192936__14205148__28201464	12	0.1836734693877551	0.2569444444444444	9	0	1	0
CC1CCCC=C1C(=O)N(C)CCC2CCN(CC2)C3=NC=NC4=C3C=NN4 m_276450__14193134__27795172__28201338	12	0.1836734693877551	0.2542955326460481	8	0	2	0
CN(CCC1CCN(CC1)C2=NC=NC3=C2OC=C3)C(=O)C4=C(CCOC4)Cl m_276450__14193134__27794768__28201534	11	0.1836734693877551	0.2774390243902439	9	0	0	0
O=C(NCCN1CCN(CC1)C2=NC=NC3=C2CCC3)C4CCCN5C4=CC=N5 m_276450__18755804__14203920__14214378	12	0.1836734693877551	0.20580474934036938	8	0	2	1
O=C(NCCN1CCN(CC1)C2=NC=NC3=C2CCC3)C4CCCN5C4=NC=C5 m_276450__18755804__27794386__14214378	11	0.1836734693877551	0.2	6	0	3	1
O=C(CC1=CCCCC1)N2CC[C@@H](C2)N3CCN(CC3)C4=NC=NC5=C4C=CN5 m_276450__27869474__14200074__18251492	11	0.1836734693877551	0.265993265993266	8	0	1	1
CN1CCCCC1C(=O)N2CC[C@@H](C2)N3CCN(CC3)C4=NC=NC5=C4C=CN5 m_276450__27869474__14206930__18251492	10	0.1836734693877551	0.24647887323943662	7	0	1	2
CN1CCCC[C@H]1C(=O)N2CC[C@@H](C2)N3CCN(CC3)C4=NC=NC5=C4C=CN5 m_276450__27869474__14206714__18251492	10	0.1836734693877551	0.24647887323943662	7	0	1	2
CC1=NC2=CC=CC=C2C(=O)N1CC(=O)N3CCC(CC3)C4=CC=CC5=C4C=CN5 s_527__13035034__9703978	10	0.18181818181818182	0.2334384858044164	4	0	5	0
CCCN1CCCCC1C(=O)N(C)CCC2CCN(CC2)C3=NC=NC4=C3N=CS4 m_276450__14193134__27809982__14155830	11	0.18181818181818182	0.25165562913907286	8	0	1	0
O=C(NCCN1CCN(CC1)C2=NC=NC3=C2OC=C3)C4CCOCC45CCC5 m_276450__18755804__27783116__28201534	12	0.18181818181818182	0.24522292993630573	8	0	2	1
O=C(NCCC1CCN(CC1)C2=NC=NC3=C2C=CN3)C4=COC5=C4CCCC5 m_276450__14193098__27786072__18251492	12	0.18181818181818182	0.1912568306010929	10	0	0	0
O=C(CC1=CCCCC1)N2CC[C@H](C2)N3CCN(CC3)C4=NC=NC5=C4C=NN5 m_276450__27869470__14200074__28201338	12	0.18181818181818182	0.26755852842809363	9	0	1	1
CN1CCCCC1C(=O)N2CC[C@H](C2)N3CCN(CC3)C4=NC=NC5=C4C=NN5 m_276450__27869470__14206930__28201338	11	0.18181818181818182	0.24825174825174826	8	0	1	2
CN1CCCC[C@H]1C(=O)N2CC[C@H](C2)N3CCN(CC3)C4=NC=NC5=C4C=NN5 m_276450__27869470__14206714__28201338	11	0.18181818181818182	0.24825174825174826	8	0	1	2
CCN(CC1CCN(CC1)C2=NC=NC3=C2SC=N3)C(=O)[C@H]4CCCCN4C m_276450__14193364__18957698__28201854	12	0.18181818181818182	0.23809523809523808	9	0	1	0
CCCN1CCCCC1C(=O)NCCC2CCN(CC2)C3=NC=NC4=C3SC=N4 m_276450__14193098__27809982__28201854	11	0.18	0.22372881355932203	9	0	1	0
CN(CCC1CCN(CC1)C2=NC=NC3=C2N=CN3)C(=O)C4=C(CCOC4)Cl m_276450__14193134__27794768__18955122	11	0.18	0.255663430420712	9	0	0	0
CCCN1CCCCC1C(=O)NCC(C)N2CCN(CC2)C3=NC=NC4=C3C=CN4 m_276450__27870786__27809982__18251492	10	0.18	0.24100719424460432	7	0	1	1
CC1=C(C(=O)C2=CC=CN=C2N1)C(=O)N3CCC(CC3)C4=CC=CC5=C4C=CN5 s_22__13035022__28465996	11	0.18	0.27647058823529413	4	0	5	0
CN1N=CC2=C(N=CN=C12)N3CCN(CC3)C(=O)CN4C(=O)NC5CCCCC5C4=O s_34__28774994__28331950	12	0.18	0.2166172106824926	7	0	3	0
O=C(NCCN1CCN(CC1)C2=NC=NC3=C2N=CN3)C4CCCN5C4=NC=C5 m_276450__18755804__27794386__18955122	10	0.18	0.20180722891566266	7	0	1	1
O=C(NCCC1CCN(CC1)C2=NC=NC3=C2C=NN3)C4=C5CCCCN5N=N4 m_276450__14193098__27785320__28201338	12	0.18	0.17098445595854922	10	0	0	0
O=C(NCCC1CCN(CC1)C2=NC=NC3=C2NC=C3)C4=C5CCCCN5N=C4 m_276450__14193098__14201978__28201464	12	0.18	0.1974025974025974	10	0	0	0
O=C(NCCC1CCN(CC1)C2=NC=NC3=C2NC=C3)C4=C5CCCCN5N=N4 m_276450__14193098__27785320__28201464	12	0.18	0.19035532994923857	10	0	0	0
CC1CCCC=C1C(=O)N2CC[C@@H](C2)N3CCN(CC3)C4=NC=NC5=C4OC=C5 m_276450__27869474__27795172__28201534	12	0.18	0.30793650793650795	7	0	3	2
CC1CCCC=C1C(=O)N2CC[C@H](C2)N3CCN(CC3)C4=NC=NC5=C4NC=C5 m_276450__27869470__27795172__28201464	12	0.18	0.30194805194805197	7	0	3	2
CCN(CC1CCN(CC1)C2=NC=NC3=C2C=CN3)C(=O)C4=CCCCC4C m_276450__14193364__27795172__18251492	12	0.18	0.25951557093425603	7	0	3	0
CC1=NC2=NC=NN2C(=C1CC(=O)N3CC=C(CC3)C4=CC=NC5=C4C=CN5)C s_11__22183562__115783	11	0.1792452830188679	0.21944444444444444	6	0	3	0
CO[C@H]1CCCC[C@@H]1C(=O)NCCN2CCN(CC2)C3=NC=NC4=C3CCC4 m_276450__18755804__27790956__14214378	11	0.17894736842105263	0.21362229102167182	6	0	3	0
CO[C@H]1CCCC[C@H]1C(=O)NCCN2CCN(CC2)C3=NC=NC4=C3CCC4 m_276450__18755804__27782064__14214378	11	0.17894736842105263	0.21362229102167182	6	0	3	0
CN(CCC1CCN(CC1)C2=NC=NC3=C2N=CN3)C(=O)C=C4CCCCC4 m_276450__14193134__14200008__18955122	12	0.17894736842105263	0.2323943661971831	9	0	1	0
CN(CCC1CCN(CC1)C2=NC=NC3=C2C=CN3)C(=O)[C@@H]4CCCCN4C m_276450__14193134__14206714__18251492	10	0.17894736842105263	0.225	8	0	0	0
CC1=NC2=CC=CC=C2C(=C1CC(=O)N3CCN(CC3)C4=CC=CC5=CN=CC=C45)C s_11__26248004__54867	10	0.17894736842105263	0.21678321678321677	3	0	5	0
CCCN1CCC[C@H]1C(=O)NCCN2CCN(CC2)C3=NC=NC4=C3CCC4 m_276450__18755804__27801074__14214378	12	0.17894736842105263	0.22149837133550487	7	0	3	0
CCCN1CCCCC1C(=O)NCC(=O)N2CCN(CC2)C3=NC=NC4=C3C=NN4 m_276450__27870212__27809982__28201338	12	0.1782178217821782	0.23508771929824562	8	0	2	0
CCC1=C(N=CN=C1N2CCN(CC2)CCNC(=O)[C@H]3CCCC[C@H]3N=[N+]=[N-])Cl m_276450__18755804__27784696__18937598	12	0.1782178217821782	0.2354948805460751	7	0	3	0
O=C(NCCC1CCN(CC1)C2=NC=NC3=C2C=NN3)C4CCCC5=NC=NN45 m_276450__14193098__18783510__28201338	12	0.1782178217821782	0.19672131147540983	9	0	1	1
O=C(NCCC1CCN(CC1)C2=NC=NC3=C2N=CS3)C4CCCC5=C4C=CS5 m_276450__14193098__27791496__14155830	11	0.1782178217821782	0.2136986301369863	8	0	1	1
O=C(CC1=CCOCC1)N2CC[C@@H](C2)N3CCN(CC3)C4=NC=NC5=C4N=CS5 m_276450__27869474__14202374__14155830	12	0.1782178217821782	0.2896341463414634	9	0	1	1
O=C(CN1CCOCC1=O)NCCN2CCN(CC2)C3=NC=NC4=C3OC=C4 m_276450__18755804__14206022__28201534	12	0.17708333333333334	0.2	10	0	0	0
COC1=CC=CC(=C1F)C2CCN(CC2)CCN3C=NC4=CC=CC=C4C3=O s_2230__9050844__7471562	12	0.17708333333333334	0.23154362416107382	4	1	5	1
CC1CCCCC1C(=O)N(C)CCC2CCN(CC2)C3=NC=NC4=C3SC=N4 m_276450__14193134__14202220__28201854	11	0.17708333333333334	0.19387755102040816	8	0	1	0
CN(CCC1CCN(CC1)C2=NC=NC3=C2C=NN3)C(=O)[C@H]4CCCCN4C m_276450__14193134__18957698__28201338	11	0.17708333333333334	0.2313167259786477	9	0	0	0
CC1=NC2=CC=CC=C2C(=C1NC(=O)N3CCN(CC3)C4=CC=CC5=CN=CC=C45)C m_2430__26895818__26862452	11	0.17708333333333334	0.2112676056338028	4	0	5	0
O=C(CCN1C(=O)NC2=CC=CC=C2C1=O)N3CCC(CC3)C4=CC=CC5=C4C=CN5 s_22__13035022__22784916	12	0.17708333333333334	0.20249221183800623	5	0	5	0
O=C(NCCC1CCN(CC1)C2=NC=NC3=C2C=CN3)C4CCCC5N4CCC5 m_276450__14193098__14204648__18251492	11	0.17708333333333334	0.22183098591549297	8	0	1	2
O=C(C=C1CCCCC1)N2CC[C@H](C2)N3CCN(CC3)C4=NC=NC5=C4NC=C5 m_276450__27869470__14200008__28201464	12	0.17708333333333334	0.2866666666666667	9	0	1	1
CN1CCCCC1C(=O)N2CCC3(CC2)CCN(CC3)C4=NC=NC5=C4C=CN5 m_276450__18955116__14206930__18251492	11	0.17708333333333334	0.225	8	0	1	1
CN1CCCC[C@H]1C(=O)N2CCC3(CC2)CCN(CC3)C4=NC=NC5=C4C=CN5 m_276450__18955116__14206714__18251492	11	0.17708333333333334	0.225	8	0	1	1
O=C1C2=CC=CC=C2C(=O)N1CCN3CCN(CC3)C4=CN=CC5=NC=NN45 s_2230__9417632__680282	12	0.17647058823529413	0.171875	7	0	4	0
CC1OCCCC1C(=O)N2CC[C@H](C2)N3CCN(CC3)C4=NC=NC5=C4SC=N5 m_276450__27869470__14200316__28201854	12	0.17647058823529413	0.24528301886792453	8	0	2	2
O=C(C1=C(CCOC1)Cl)N2CC[C@@H](C2)N3CCN(CC3)C4=NC=NC5=C4N=CN5 m_276450__27869474__27794768__18955122	11	0.17647058823529413	0.27936507936507937	8	0	1	2
CCCN1CCCCC1C(=O)NCCC2CCN(C2)C3=NC=NC4=C3N=CS4 m_276450__14193272__27809982__14155830	11	0.17647058823529413	0.264026402640264	8	0	1	0
O=C(CN1C(=O)C2CCCCC2C1=O)N3CCC(CC3)C4=CC=CC5=C4C=CN5 s_527__13035034__156526	9	0.17582417582417584	0.2140221402214022	5	0	2	0
O=CN1CCOCC1C(=O)NCCN2CCN(CC2)C3=NC=NC4=C3CCC4 m_276450__18755804__27784776__14214378	12	0.17525773195876287	0.20489296636085627	8	0	2	1
O=C(CN1CCCCC1=O)NCCC2CCN(CC2)C3=NC=NC4=C3NC=C4 m_276450__14193098__14200608__28201464	12	0.17525773195876287	0.2422145328719723	10	0	0	0
CN(CCC1CCN(CC1)C2=NC=NC3=C2NC=C3)C(=O)CC4=CCCCC4 m_276450__14193134__14200074__28201464	12	0.17525773195876287	0.24172185430463577	9	0	1	0
CN(CCC1CCN(CC1)C2=NC=NC3=C2N=CS3)C(=O)C4CCCCC4F m_276450__14193134__27781992__14155830	10	0.17525773195876287	0.2161290322580645	7	0	1	0
CN(CCC1CCN(CC1)C2=NC=NC3=C2N=CS3)C(=O)C4CCCCC4O m_276450__14193134__27808288__14155830	10	0.17525773195876287	0.2168284789644013	7	0	1	0
CN(CCC1CCN(CC1)C2=NC=NC3=C2SC=N3)C(=O)[C@@H]4CCCC[C@H]4O m_276450__14193134__27798274__28201854	11	0.17525773195876287	0.19269102990033224	8	0	1	0
O=C1NC2=C(C=C1NC(=O)N3CCC(CC3)C4=CC=CC5=C4C=CN5)CCCC2 s_2430__11680994__13035038	9	0.17525773195876287	0.23255813953488372	5	0	2	1
CN1CCCCC1C(=O)N2CCC3(CC2)CCN(CC3)C4=NC=NC5=C4C=NN5 m_276450__18955116__14206930__28201338	12	0.17525773195876287	0.2313167259786477	9	0	1	1
O=C1C2=CC=CC=C2C(=O)N1CCN3CCN(CC3)C4=C5C=CN=C5NC=N4 s_2230__15607896__680282	11	0.1744186046511628	0.2129032258064516	6	0	4	0
[N-]=[N+]=N[C@H]1CCCC[C@H]1C(=O)NCCN2CCN(CC2)C3=NC=NC4=C3CCC4 m_276450__18755804__27784696__14214378	11	0.17346938775510204	0.21846153846153846	7	0	3	0
O=C(CN1CCCCC1=O)NCCC2CCN(CC2)C3=NC=NC4=C3N=CN4 m_276450__14193098__14200608__18955122	12	0.17346938775510204	0.21428571428571427	10	0	0	0
COC1=CC=CC(=C1F)N2CCN(CC2)C(=O)CC3=C(C4=CC=CC=C4N=C3C)C s_11__22169922__54867	12	0.17346938775510204	0.2012987012987013	3	1	6	0
CC1=NC2=NC=CC=C2C=C1CC(=O)N3CCN(CC3)C4=NC=NC5=C4C=NN5 s_11__29610992__22272842	12	0.17346938775510204	0.18571428571428572	6	0	4	1
O=C(C=C1CCOCC1)N2CC[C@@H](C2)N3CCN(CC3)C4=NC=NC5=C4N=CS5 m_276450__27869474__27813428__14155830	12	0.17346938775510204	0.2834890965732087	9	0	1	1
CC1CCCCC1C(=O)N2CC[C@@H](C2)N3CCN(CC3)C4=NC=NC5=C4C=CN5 m_276450__27869474__14202220__18251492	10	0.17346938775510204	0.24028268551236748	6	0	2	2
CCCC1CCCCN1C(=O)NCC2CCN(CC2)C3=NC=NC4=C3C=CN4 s_2708__23827838__8750846	10	0.17346938775510204	0.18815331010452963	6	0	2	0
CCCN1CCCCC1C(=O)NCC2CCN(CC2)C3=NC=NC4=C3C=CN4 s_11__22180642__26251500	11	0.17346938775510204	0.23655913978494625	8	0	1	0
CC1=NC2=CC=CC=C2C(=O)N1CC(=O)N3CC=C(CC3)C4=CC=NC5=C4C=CN5 s_11__22183562__22136346	12	0.17307692307692307	0.2514450867052023	5	0	6	0
C[C@H](CN1CCN(CC1)C2=NC=NC3=C2N=CN3)NC(=O)[C@H]4CCCC[C@H]4N=[N+]=[N-] m_276450__27871500__27784696__18955122	11	0.17307692307692307	0.2226027397260274	8	0	1	1
CC1=CC2=C(N=CN=C2S1)N3CCC(CC3)CCNC(=O)[C@H]4CCCC[C@H]4N=[N+]=[N-] m_276450__14193098__27784696__14214422	10	0.17307692307692307	0.27070063694267515	7	0	1	1
CCN1CCOCC1CC(=O)NCCN2CCN(CC2)C3=C4N=C(SC4=NC=N3)N m_276450__18755804__27786920__28204226	12	0.17307692307692307	0.23738872403560832	8	0	2	1
CCCCN1C(=O)NC(=O)C(=C1N)NCC2CCN(CC2)C3=NC=NC4=C3C=CN4 s_27__16803670__116557	10	0.17307692307692307	0.24251497005988024	7	0	1	1
CCOC1=CC=CC=C1C2CCN(CC2)CCN3C=NC4=CC=CC=C4C3=O s_2230__5307032__7471562	12	0.17204301075268819	0.2271186440677966	5	0	5	2
CN1CCCCC1CC(=O)NCCC2CCN(CC2)C3=NC=NC4=C3C=NN4 m_276450__14193098__27801120__28201338	12	0.1717171717171717	0.1986062717770035	8	0	2	0
CC1=NC2=CC=CC=C2C(=C1CC(=O)N3CCN(CC3)C4=C(C(=CC=C4)F)C#N)C s_527__632946__155628	12	0.1717171717171717	0.20723684210526316	4	0	6	0
CCCCC1=NC(=C(C(=O)N1)CC(=O)N2CCN(CC2)C3=C4C=CN=C4NC=N3)C s_22__15608426__24335918	6	0.1717171717171717	0.5413793103448276	3	0	1	2
CCCCC1=NC(=C(C(=O)N1)CC(=O)N2CCN(CC2)C3=CN=CC4=NC=NN34)C s_527__9417630__24335920	7	0.1717171717171717	0.5168918918918919	4	0	1	2
CCCCC1=NC(=C(C(=O)N1)CC(=O)N2CCN(CC2)C3=CN=CC4=NN=NN34)C s_527__18364004__24335920	8	0.1717171717171717	0.49666666666666665	5	0	1	2
O=C(NCCC1CCN(CC1)C2=NC=NC3=C2NC=C3)C4=C5CCCCC5=CN4 m_276450__14193098__19429448__28201464	12	0.1717171717171717	0.19672131147540983	10	0	0	1
O=C(CC1=CCCCC1)N2CC[C@H](C2)N3CCN(CC3)C4=NC=NC5=C4OC=C5 m_276450__27869470__14200074__28201534	12	0.1717171717171717	0.2857142857142857	9	0	1	1
CC1CCCCC1C(=O)N2CC[C@@H](C2)N3CCN(CC3)C4=NC=NC5=C4C=NN5 m_276450__27869474__14202220__28201338	11	0.1717171717171717	0.24125874125874125	7	0	2	2
CN1CCCCC1C(=O)N2CC[C@H](C2)N3CCN(CC3)C4=NC=NC5=C4NC=C5 m_276450__27869470__14206930__28201464	11	0.1717171717171717	0.26621160409556316	8	0	1	2
CN1CCCC[C@@H]1C(=O)N2CC[C@@H](C2)N3CCN(CC3)C4=NC=NC5=C4NC=C5 m_276450__27869474__18957698__28201464	11	0.1717171717171717	0.26621160409556316	8	0	1	2
CN1CCCC[C@@H]1C(=O)N2CC[C@H](C2)N3CCN(CC3)C4=NC=NC5=C4NC=C5 m_276450__27869470__18957698__28201464	11	0.1717171717171717	0.26621160409556316	8	0	1	2
CN1CCCC[C@H]1C(=O)N2CC[C@H](C2)N3CCN(CC3)C4=NC=NC5=C4OC=C5 m_276450__27869470__14206714__28201534	11	0.1717171717171717	0.2682119205298013	8	0	1	2
O=C(C1CCCCC1F)N2CC[C@H](C2)N3CCN(CC3)C4=NC=NC5=C4SC=N5 m_276450__27869470__27781992__28201854	11	0.1717171717171717	0.23548387096774193	7	0	2	2
O=C([C@H]1CCCC[C@@H]1O)N2CC[C@H](C2)N3CCN(CC3)C4=NC=NC5=C4N=CS5 m_276450__27869470__27784680__14155830	10	0.1717171717171717	0.266025641025641	6	0	2	2
CCN(CC1CCN(CC1)C2=NC=NC3=C2C=CN3)C(=O)C4CCCCN4C m_276450__14193364__14206930__18251492	11	0.1717171717171717	0.23655913978494625	8	0	1	0
CCN(CC1CCN(CC1)C2=NC=NC3=C2SC=N3)C(=O)C4CCCCC4C m_276450__14193364__14202220__28201854	12	0.1717171717171717	0.20819112627986347	8	0	2	0
O=CN1CCOCC1C(=O)NCCC2CCN(CC2)C3=NC=NC4=C3SC=C4 m_276450__14193098__27784776__14214582	12	0.17	0.2563291139240506	10	0	0	1
CCCN1CCCCC1C(=O)NCCN2CCN(CC2)C3=NC(=CC=N3)COC m_276450__18755804__27809982__28201644	12	0.17	0.19272727272727272	8	0	2	0
O=C(NCCC1CCN(CC1)C2=NC=NC3=C2OC=C3)C4=C5CCCCC5=CO4 m_276450__14193098__14201254__28201534	12	0.17	0.20967741935483872	9	0	1	1
CN1CCCC[C@H]1C(=O)N2CC[C@H](C2)N3CCN(CC3)C4=NC=NC5=C4N=CN5 m_276450__27869470__14206714__18955122	11	0.17	0.23674911660777384	8	0	1	2
COCC1CCCCN1C(=O)NCC2CCN(CC2)C3=NC=NC4=C3C=CN4 s_2708__23827838__10860874	10	0.17	0.1791530944625407	7	0	1	0
CCN(CC1CCN(CC1)C2=NC=NC3=C2C=NN3)C(=O)C4CCCCN4C m_276450__14193364__14206930__28201338	12	0.17	0.24285714285714285	9	0	1	0
CCN(CC1CCN(CC1)C2=NC=NC3=C2N=CS3)C(=O)[C@H]4CCCC[C@@H]4O m_276450__14193364__27784680__14155830	11	0.17	0.2305194805194805	7	0	2	0
CCN(CC1CCN(CC1)C2=NC=NC3=C2SC=N3)C(=O)C4CCCCC4O m_276450__14193364__27808288__28201854	12	0.17	0.20666666666666667	8	0	2	0
CC(CC1CCCCC1)C(=O)NCC2CCN(CC2)C3=NC=NC4=C3C=CN4 s_11__22180642__4914906	11	0.16842105263157894	0.2014388489208633	7	0	2	0
C[C@H](CC1CCCCC1)C(=O)NCC2CCN(CC2)C3=NC=NC4=C3C=CN4 s_22__16803922__13948432	11	0.16842105263157894	0.2014388489208633	7	0	2	0
O=C(NCCN1CCN(CC1)C2=CC=NC3=NC=CN23)C4=CC=C5N4CCCC5 m_276450__18755804__27784568__28204368	11	0.16842105263157894	0.1771117166212534	9	0	0	1
O=C(NCCN1CCN(CC1)C2=CC=NC3=NC=NN23)C4=CC=C5N4CCCC5 m_276450__18755804__27784568__18783450	12	0.16842105263157894	0.17678100263852242	10	0	0	1
ClC1=C2CCCCC2=NC3=CC(=CC=C13)N4CCN(CC4)C5=CC=CC6=C5N=CN6 s_27__13968404__10340864	9	0.16842105263157894	0.19938650306748465	4	0	3	0
CN(CC1CCCSC1)C(=O)NCC2CCN(CC2)C3=NC=NC4=C3C=CN4 s_2708__23827838__23910674	12	0.16831683168316833	0.19	9	0	1	0
CCCN1CCCCC1C(=O)NCCC2CCN(CC2)C3=C4SC=CC4=NC(=N3)C m_276450__14193098__27809982__28201538	12	0.16831683168316833	0.26143790849673204	9	0	1	1
O=C(NC1=CN=C2C=CC=CN2C1=O)N3CCC(CC3)C4=CC=CC5=C4C=CN5 s_2430__22529678__13035038	10	0.16831683168316833	0.2897727272727273	3	0	5	1
O=C(CC1=CCOCC1)N2CC[C@H](C2)N3CCN(CC3)C4=NC=NC5=C4C=CN5 m_276450__27869470__14202374__18251492	12	0.16831683168316833	0.2703583061889251	9	0	1	1
CN(CC1CCCCC1)C(=O)NCC2CCN(CC2)C3=NC=NC4=C3C=CN4 s_2708__23827838__913252	11	0.16666666666666666	0.1853146853146853	8	0	1	0
C[C@H](CC1CCCCC1)C(=O)NCC2CCN(CC2)C3=NC=NC4=C3C=NN4 m_276450__14192936__14201338__28201338	12	0.16666666666666666	0.20714285714285716	8	0	2	0
CC1CCCCC1C(=O)N(C)CCC2CCN(CC2)C3=NC=NC4=C3C=CN4 m_276450__14193134__14202220__18251492	10	0.16666666666666666	0.18996415770609318	7	0	1	0
CN(CCC1CCN(CC1)C2=NC=NC3=C2NC=C3)C(=O)[C@H]4CCCCN4C m_276450__14193134__18957698__28201464	11	0.16666666666666666	0.24567474048442905	9	0	0	0
CN(CCC1CCN(CC1)C2=NC=NC3=C2OC=C3)C(=O)[C@@H]4CCCCN4C m_276450__14193134__14206714__28201534	11	0.16666666666666666	0.24749163879598662	9	0	0	0
O=C(CC1CCCCC1)N2CC[C@H](C2)N3CCN(CC3)C4=NC=NC5=C4C=CN5 m_276450__27869470__14199844__18251492	12	0.16666666666666666	0.24028268551236748	8	0	2	1
CC1CCOCC1C(=O)N2CC[C@H](C2)N3CCN(CC3)C4=NC=NC5=C4SC=N5 m_276450__27869470__27782246__28201854	12	0.16666666666666666	0.24761904761904763	8	0	2	2
CC1OCCCC1C(=O)N2CC[C@@H](C2)N3CCN(CC3)C4=NC=NC5=C4C=CN5 m_276450__27869474__14200316__18251492	11	0.16666666666666666	0.24503311258278146	7	0	2	2
CC1SCCCC1C(=O)N2CC[C@@H](C2)N3CCN(CC3)C4=NC=NC5=C4NC=C5 m_276450__27869474__27781304__28201464	12	0.16666666666666666	0.2515923566878981	8	0	2	2
C[C@H]1OCCC[C@H]1C(=O)N2CC[C@@H](C2)N3CCN(CC3)C4=NC=NC5=C4C=CN5 m_276450__27869474__27788150__18251492	11	0.16666666666666666	0.24503311258278146	7	0	2	2
CCCN1CCCCC1C(=O)NCCC2CCN(C2)C3=NC=NC4=C3C=NN4 m_276450__14193272__27809982__28201338	12	0.16666666666666666	0.24468085106382978	9	0	1	0
C[C@H]1OCCC[C@H]1C(=O)N2CC[C@H](C2)N3CCN(CC3)C4=NC=NC5=C4C=NN5 m_276450__27869470__27788150__28201338	12	0.1650485436893204	0.2459016393442623	8	0	2	2
CC(CC1CCNCC1)C(=O)NCC2CCN(CC2)C3=NC=NC4=C3C=CN4 s_240690__24674464__19727282	12	0.16494845360824742	0.20727272727272728	8	0	2	0
C[C@@H](CC1CCNCC1)C(=O)NCC2CCN(CC2)C3=NC=NC4=C3C=CN4 s_240690__24674464__27704116	12	0.16494845360824742	0.20727272727272728	8	0	2	0
C[C@H](CC1CCNCC1)C(=O)NCC2CCN(CC2)C3=NC=NC4=C3C=CN4 s_240690__24674464__27322302	12	0.16494845360824742	0.20727272727272728	8	0	2	0
CN(CCC1CCN(CC1)C2=NC=NC3=C2C=CN3)C(=O)[C@H]4CCCC[C@@H]4O m_276450__14193134__27784680__18251492	10	0.16494845360824742	0.18815331010452963	7	0	1	0
CN(CCC1CCN(CC1)C2=NC=NC3=C2N=CN3)C(=O)[C@H]4CCCCN4C m_276450__14193134__18957698__18955122	11	0.16494845360824742	0.21863799283154123	9	0	0	0
O=C(NCCC1CCN(CC1)C2=NC=NC3=C2NC=C3)C4CCCC5N4CCC5 m_276450__14193098__14204648__28201464	12	0.16494845360824742	0.24232081911262798	9	0	1	2
CC1CCCCC1C(=O)N2CCC3(CC2)CCN(CC3)C4=NC=NC5=C4C=NN5 m_276450__18955116__14202220__28201338	12	0.16494845360824742	0.19572953736654805	8	0	2	1
CN1CCCCC1C(=O)N2CCC3(CC2)CCN(CC3)C4=NC=NC5=C4NC=C5 m_276450__18955116__14206930__28201464	12	0.16494845360824742	0.24567474048442905	9	0	1	1
O=C([C@@H]1CCCC[C@H]1O)N2CCC3(CC2)CCN(CC3)C4=NC=NC5=C4N=CS5 m_276450__18955116__27798274__14155830	11	0.16494845360824742	0.2168284789644013	7	0	2	1
O=C([C@H]1CCCC[C@@H]1O)N2CCC3(CC2)CCN(CC3)C4=NC=NC5=C4N=CS5 m_276450__18955116__27784680__14155830	11	0.16494845360824742	0.2168284789644013	7	0	2	1
O=C(CN1C(=O)C2=CC=CC=C2C1=O)N3CCC(CC3)C4=CC=CC5=C4C=CN5 s_527__13035034__156271	12	0.16483516483516483	0.19655172413793104	5	0	5	0
CC(CN1CCOCC1)C(=O)NCC2CCN(CC2)C3=NC=NC4=C3C=CN4 s_11__22180642__26276016	12	0.16326530612244897	0.1917808219178082	9	0	1	0
CC(OC1CCCCC1)C(=O)NCC2CCN(CC2)C3=NC=NC4=C3C=CN4 s_11__22180642__4914472	11	0.16326530612244897	0.18151815181518152	7	0	2	0
CN(CC1CCSCC1)C(=O)NCC2CCN(CC2)C3=NC=NC4=C3C=CN4 s_2708__23827838__13824384	12	0.16326530612244897	0.18771331058020477	9	0	1	0
CN(CCC1CCN(CC1)C2=NC=NC3=C2C=NN3)C(=O)[C@@H]4CCCC[C@H]4O m_276450__14193134__27798274__28201338	11	0.16326530612244897	0.1951219512195122	8	0	1	0
O=C(NCCC1CCN(CC1)C2=NC=NC3=C2OC=C3)C4CCCC5N4CCC5 m_276450__14193098__14204648__28201534	12	0.16326530612244897	0.24422442244224424	9	0	1	2
CN1CCCC[C@H]1C(=O)N2CCC3(CC2)CCN(CC3)C4=NC=NC5=C4N=CN5 m_276450__18955116__14206714__18955122	12	0.16326530612244897	0.21863799283154123	9	0	1	1
CC1=NC2=CC=CC=C2C(=C1CC(=O)N3CCN(CC3)C4=CC=NC5=CC=CC=C45)C s_22__24029748__300168	11	0.16304347826086957	0.2179930795847751	4	0	5	0
CC(CNC(=O)[C@H]1CCCC[C@H]1N=[N+]=[N-])N2CCN(CC2)C3=NC=NC4=C3NC=C4 m_276450__27870786__27784696__28201464	11	0.1619047619047619	0.2607260726072607	8	0	1	1
CCN1CCOCC1CC(=O)NCC(C)N2CCN(CC2)C3=NC=NC4=C3N=CS4 m_276450__27870786__27786920__14155830	12	0.1619047619047619	0.24923076923076923	8	0	2	1
CCC1CCCCC1C(=O)NCCC2CCN(CC2)C3=NC=NC4=C3C=NN4 m_276450__14193098__14201692__28201338	11	0.16161616161616163	0.19572953736654805	7	0	2	0
CO[C@H]1CCCC[C@@H]1C(=O)NCCC2CCN(CC2)C3=NC=NC4=C3C=CN4 m_276450__14193098__27790956__18251492	10	0.16161616161616163	0.18983050847457628	7	0	1	0
O=C(NC1CCN(CC1)C2=NC=NC3=C2SC=N3)C4=CC5=C(C=C4O)CCCC5 m_276450__14192934__27792320__28201854	12	0.16161616161616163	0.18055555555555555	9	0	1	1
O=C(NCCC1CCN(CC1)C2=NC=NC3=C2SC=N3)C4CCCCC45CCC5 m_276450__14193098__18937568__28201854	12	0.16161616161616163	0.19387755102040816	8	0	2	1
CC1CCCCC1C(=O)N2CC[C@H](C2)N3CCN(CC3)C4=NC=NC5=C4OC=C5 m_276450__27869470__14202220__28201534	11	0.16161616161616163	0.26245847176079734	7	0	2	2
O=C([C@@H]1CCCC[C@H]1O)N2CC[C@H](C2)N3CCN(CC3)C4=NC=NC5=C4C=CN5 m_276450__27869470__27798274__18251492	10	0.16161616161616163	0.24054982817869416	6	0	2	2
O=C([C@H]1CCCC[C@@H]1O)N2CC[C@@H](C2)N3CCN(CC3)C4=NC=NC5=C4C=CN5 m_276450__27869474__27784680__18251492	10	0.16161616161616163	0.24054982817869416	6	0	2	2
O=C([C@H]1CCCC[C@H]1O)N2CC[C@H](C2)N3CCN(CC3)C4=NC=NC5=C4C=CN5 m_276450__27869470__27785808__18251492	10	0.16161616161616163	0.24054982817869416	6	0	2	2
CCCN1CCC[C@H]1C(=O)NCCC2CCN(CC2)C3=NC=NC4=C3C=CN4 m_276450__14193098__27801074__18251492	11	0.16161616161616163	0.2246376811594203	8	0	1	0
CCCN1CCCCC1C(=O)NCC2CCN(CC2)C3=NC=NC4=C3NC=C4 m_276450__14192936__27809982__28201464	12	0.16161616161616163	0.2569444444444444	9	0	1	0
O=C(NCC1CCN(CC1)C2=NC=NC3=C2C=CN3)N4CCCCC4CCO s_2708__23827838__8281686	11	0.16161616161616163	0.18518518518518517	7	0	2	0
O=C(NCC1CCN(CC1)C2=NC=NC3=C2C=CN3)N4CCCC[C@@H]4CCO s_2708__23827838__28771988	11	0.16161616161616163	0.18518518518518517	7	0	2	0
O=C(NCC1CCN(CC1)C2=NC=NC3=C2C=CN3)N4CCCC[C@H]4CCO s_2708__23827838__28470762	11	0.16161616161616163	0.18518518518518517	7	0	2	0
O=C(CN1CCCCC1=O)NCCN2CCN(CC2)C3=NC=NN4C3=NC=C4 m_276450__18755804__14200608__28202336	12	0.16129032258064516	0.21328671328671328	10	0	0	0
O=C(CN1C(=O)[C@H]2CC=CC[C@H]2C1=O)N3CCC(CC3)C4=CC=CC5=C4C=CN5 s_527__13035034__10564388	11	0.16129032258064516	0.2357142857142857	5	0	4	0
CC1=NC2=CC=CC=C2C(=C1CC(=O)N3CCN(CC3)C4=CN=CC5=CC=CC=C45)C s_527__9192286__155628	11	0.16129032258064516	0.2080536912751678	4	0	5	0
CC(CNC(=O)[C@H]1CCCC[C@H]1N=[N+]=[N-])N2CCN(CC2)C3=NC=NC4=C3OC=C4 m_276450__27870786__27784696__28201534	11	0.16037735849056603	0.26537216828478966	8	0	1	1
CCN1CCCCC1C(=O)NCCC2CCN(CC2)C3=NC=NC4=C3OC=C4 m_276450__14193098__14205232__28201534	11	0.16	0.24749163879598662	8	0	1	0
CO[C@H]1CCCC[C@@H]1C(=O)NCCC2CCN(CC2)C3=NC=NC4=C3C=NN4 m_276450__14193098__27790956__28201338	11	0.16	0.19661016949152543	8	0	1	0
O=C(C[C@@H]1CCCC[C@H]1O)NCCC2CCN(CC2)C3=NC=NC4=C3N=CS4 m_276450__14193098__27785122__14155830	12	0.16	0.22077922077922077	8	0	2	0
CC1OCCCC1C(=O)N(C)CCC2CCN(CC2)C3=NC=NC4=C3C=CN4 m_276450__14193134__14200316__18251492	11	0.16	0.19798657718120805	8	0	1	0
C[C@H]1CC=CC[C@@H]1C(=O)N2CC[C@@H](C2)N3CCN(CC3)C4=NC=NC5=C4C=CN5 m_276450__27869474__27784010__18251492	12	0.16	0.2525597269624573	6	0	4	2
O=C([C@@H]1CCCC[C@H]1O)N2CC[C@H](C2)N3CCN(CC3)C4=NC=NC5=C4C=NN5 m_276450__27869470__27798274__28201338	11	0.16	0.24315068493150685	7	0	2	2
O=C([C@H]1CCCC[C@@H]1O)N2CC[C@H](C2)N3CCN(CC3)C4=NC=NC5=C4C=NN5 m_276450__27869470__27784680__28201338	11	0.16	0.24315068493150685	7	0	2	2
O=C([C@H]1CCCC[C@H]1O)N2CC[C@H](C2)N3CCN(CC3)C4=NC=NC5=C4C=NN5 m_276450__27869470__27785808__28201338	11	0.16	0.24315068493150685	7	0	2	2
CC1CCOCC1C(=O)N2CCC3(CC2)CCN(CC3)C4=NC=NC5=C4N=CS5 m_276450__18955116__27782246__14155830	12	0.16	0.22784810126582278	8	0	2	1
C=CCC1CCCCN1C(=O)NCC2CCN(CC2)C3=NC=NC4=C3C=CN4 s_2708__23827838__16949704	10	0.16	0.21305841924398625	6	0	2	1
CCN(CC1CCN(CC1)C2=NC=NC3=C2C=CN3)C(=O)[C@H]4CCCC[C@@H]4O m_276450__14193364__27784680__18251492	11	0.16	0.1993006993006993	7	0	2	0
CCN(CC1CCN(CC1)C2=NC=NC3=C2NC=C3)C(=O)C4CCCCN4C m_276450__14193364__14206930__28201464	12	0.16	0.2569444444444444	9	0	1	0
CCCN1CCCCC1C(=O)NCCC2CCN(CC2)C3=NC=NC4=C3OC=C4 m_276450__14193098__27809982__28201534	11	0.15841584158415842	0.24749163879598662	9	0	1	0
CN(CC1CCCOC1)C(=O)NCC2CCN(CC2)C3=NC=NC4=C3C=CN4 s_2708__23827838__4147098	12	0.15841584158415842	0.18811881188118812	9	0	1	0
C#CCC1CCCCN1C(=O)NCC2CCN(CC2)C3=NC=NC4=C3C=CN4 s_2708__23827838__13913608	11	0.15841584158415842	0.19661016949152543	6	0	3	0
[N-]=[N+]=N[C@H]1CCCC[C@H]1C(=O)NCC2CCN(CC2)C3=NC=NC4=C3C=CN4 s_11__22180642__22537104	11	0.15841584158415842	0.2089041095890411	8	0	1	0
CCN(CC1CCN(CC1)C2=NC=NC3=C2C=NN3)C(=O)[C@H]4CCCC[C@H]4O m_276450__14193364__27785808__28201338	12	0.15841584158415842	0.2062937062937063	8	0	2	0
CCN(CC1CCN(CC1)C2=NC=NC3=C2N=CN3)C(=O)[C@@H]4CCCCN4C m_276450__14193364__14206714__18955122	12	0.15841584158415842	0.2302158273381295	9	0	1	0
O=C1C2=CC=CC=C2N=CN1CCN3CCN(CC3)C4=CN=CC5=NC=NN45 s_2230__9417632__7471562	11	0.15789473684210525	0.19469026548672566	6	0	4	1
O=C1C2=CC=CC=C2N=CN1CCN3CCN(CC3)C4=CN=CC5=NN=NN45 s_2230__18364006__7471562	12	0.15789473684210525	0.18075801749271136	7	0	4	1
[N-]=[N+]=N[C@H]1CCCC[C@H]1C(=O)NCCC2CCN(CC2)C3=NC=NC4=C3C=CN4 m_276450__14193098__27784696__18251492	10	0.1568627450980392	0.20136518771331058	8	0	1	0
CCC1=NC=CC=C1C(=O)NCCN2CCN(CC2)C3=CC=NC4=NC=CN34 m_276450__18755804__27812038__28204368	12	0.1568627450980392	0.1697530864197531	6	0	4	0
CNC1=NC=CC=C1C(=O)NCCN2CCN(CC2)C3=CC=NC4=NC=CN34 m_276450__18755804__27810598__28204368	12	0.1568627450980392	0.1853035143769968	6	0	4	0
CN(CC1CCCCO1)C(=O)NCC2CCN(CC2)C3=NC=NC4=C3C=CN4 s_2708__23827838__1182350	11	0.1568627450980392	0.18241042345276873	8	0	1	0
NC1=C(C=CC2=C1CCCC2)C(=O)NC3CCN(CC3)C4=NC=NC5=C4C=NN5 m_276450__14192934__27783490__28201338	12	0.1568627450980392	0.19941348973607037	9	0	1	1
CC1=C(C(=O)C2=CC=CN=C2N1)C(=O)N3CCN(CC3)C4=C5C=CN=C5NC=N4 s_22__15608426__28465996	12	0.1568627450980392	0.27466666666666667	5	0	5	0
O=C(NCCC1CCN(CC1)C2=NC=NC3=C2SC=N3)C4CCCN5C4=CC=N5 m_276450__14193098__14203920__28201854	12	0.1568627450980392	0.19733333333333333	10	0	0	1
CC1CCOCC1C(=O)N2CC[C@H](C2)N3CCN(CC3)C4=NC=NC5=C4C=CN5 m_276450__27869470__27782246__18251492	11	0.1568627450980392	0.24749163879598662	7	0	2	2
CC1OCCCC1C(=O)N2CC[C@H](C2)N3CCN(CC3)C4=NC=NC5=C4OC=C5 m_276450__27869470__14200316__28201534	12	0.1568627450980392	0.265625	8	0	2	2
CN1CCOCC1C(=O)N2CC[C@@H](C2)N3CCN(CC3)C4=NC=NC5=C4C=CN5 m_276450__27869474__14200248__18251492	11	0.1568627450980392	0.23509933774834438	8	0	1	2
C[C@H]1OCCC[C@H]1C(=O)N2CC[C@H](C2)N3CCN(CC3)C4=NC=NC5=C4OC=C5 m_276450__27869470__27788150__28201534	12	0.1568627450980392	0.265625	8	0	2	2
O=C1C2=CC=CC=C2N=CN1CCN3CCN(CC3)C4=C5C=CN=C5NC=N4 s_2230__15607896__7471562	10	0.15625	0.23030303030303031	5	0	4	1
NC(CC1CCCCC1)C(=O)NCC2CCN(CC2)C3=NC=NC4=C3C=CN4 s_240690__24674464__10972482	12	0.15625	0.21505376344086022	8	0	2	0
N[C@@H](CC1CCCCC1)C(=O)NCC2CCN(CC2)C3=NC=NC4=C3C=CN4 s_240690__24674464__14038880	12	0.15625	0.21505376344086022	8	0	2	0
N[C@H](CC1CCCCC1)C(=O)NCC2CCN(CC2)C3=NC=NC4=C3C=CN4 s_240690__24674464__18333788	12	0.15625	0.21505376344086022	8	0	2	0
O=C(NCC1CCN(CC1)C2=NC=NC3=C2C=CN3)C(F)CC4CCCCC4 s_11__22180642__9600240	12	0.15625	0.1951219512195122	8	0	2	0
O=C(NCC1CCN(CC1)C2=NC=NC3=C2C=CN3)C(O)CC4CCCCC4 s_22__16803922__9280192	12	0.15625	0.19377162629757785	8	0	2	0
O=C(NCC1CCN(CC1)C2=NC=NC3=C2C=CN3)[C@@H](O)CC4CCCCC4 s_22__16803922__20050984	12	0.15625	0.19377162629757785	8	0	2	0
O=C(NCC1CCN(CC1)C2=NC=NC3=C2C=CN3)[C@H](O)CC4CCCCC4 s_22__16803922__20826202	12	0.15625	0.19377162629757785	8	0	2	0
O=C1NC2=CC=CC=C2C=C1CC(=O)N3CCC(CC3)C4=CC=CC5=C4C=CN5 s_527__13035034__761124	12	0.15625	0.32094594594594594	4	0	6	1
O=C(NCCC1CCN(CC1)C2=NC=NC3=C2C=CN3)C4CCCCC4C5CC5 m_276450__14193098__14205338__18251492	11	0.15625	0.18996415770609318	7	0	2	1
O=C(NCCN1CCN(CC1)C2=NC=NN3C2=NC=C3)C4CCCC5=NC=NN45 m_276450__18755804__18783510__28202336	12	0.15625	0.19293478260869565	9	0	1	1
O=C(NCCN1CCN(CC1)C2=NC=NN3C2=NC=C3)C4=C5CCCCN5C=C4 m_276450__18755804__14206410__28202336	11	0.15625	0.17015706806282724	9	0	0	1
CC1=C(CCCO1)C(=O)N2CCC3(CC2)CCN(CC3)C4=CC=NC5=NC=NN45 m_276450__18955116__14200236__18783450	12	0.15625	0.22865853658536586	9	0	1	1
CCN1C(=O)NC(=O)C(=C1N)NCC2CCN(CC2)C3=NC=NC4=C3C=CN4 s_27__16803670__116566	11	0.1553398058252427	0.24	8	0	1	1
NC1=C(C(=O)C2=CC(=CC=C2O1)F)CN3CCC(CC3)C4=CC=CC5=C4C=CN5 s_270004__13035046__24720676	11	0.1553398058252427	0.2042042042042042	5	0	4	0
CC1OCCCC1C(=O)N2CC[C@@H](C2)N3CCN(CC3)C4=NC=NC5=C4NC=C5 m_276450__27869474__14200316__28201464	12	0.1553398058252427	0.26129032258064516	8	0	2	2
CN1CCOCC1C(=O)N2CC[C@H](C2)N3CCN(CC3)C4=NC=NC5=C4C=NN5 m_276450__27869470__14200248__28201338	12	0.1553398058252427	0.23529411764705882	9	0	1	2
CCCN1CCCCC1C(=O)NCCC2CCN(C2)C3=NC=NC4=C3N=CN4 m_276450__14193272__27809982__18955122	12	0.1553398058252427	0.23214285714285715	9	0	1	0
CCCN1CCCCC1C(=O)NCCC2CCN(C2)C3=NC=NC4=C3OC=C4 m_276450__14193272__27809982__28201534	12	0.1553398058252427	0.26	9	0	1	0
CC(CC1CCCCC1)C(=O)NCC2CCN(CC2)C3=NC=NC4=C3OC=C4 m_276450__14192936__14203192__28201534	12	0.15463917525773196	0.2255892255892256	8	0	2	0
CC1CCCCC1C(=O)N(C)CCC2CCN(CC2)C3=NC=NC4=C3NC=C4 m_276450__14193134__14202220__28201464	11	0.15463917525773196	0.21107266435986158	8	0	1	0
CC1=CC2=C(C=C1NC(=O)N3CCC(CC3)C4=CC=CC5=C4C=CN5)OCCO2 s_2430__27548240__13035038	10	0.15463917525773196	0.2	7	0	1	1
C=C1C2=CC=CC=C2C(=O)N1CC(=O)N3CCC(CC3)C4=CC=CC5=C4C=CN5 s_527__13035034__210149	12	0.15463917525773196	0.21122112211221122	4	0	6	0
CCCN1CCCCC1C(=O)NCCN2CCN(CC2)C(=O)C3=CC=CN3CC m_275592__18897240__14136082__15856624	12	0.15463917525773196	0.18149466192170818	7	0	3	0
O=C(NCCN1CCN(CC1)C2=NC=CC3=CN=CN23)C4=NNC5=C4CCCC5 m_276450__18755804__14207032__28204286	12	0.15463917525773196	0.1634349030470914	10	0	0	0
O=C(NCCN1CCN(CC1)C2=NC=NN3C2=NC=C3)C4=C5CCCCC5=CO4 m_276450__18755804__14201254__28202336	12	0.15463917525773196	0.1837837837837838	9	0	1	1
CN1CCCCC1C(=O)N2CC[C@H](C2)N3CCN(CC3)C4=NC=NC5=C4CCC5 m_276450__27869470__14206930__14214378	12	0.15463917525773196	0.23174603174603176	7	0	3	2
CC1CCCCC1C(=O)N2CCC3(CC2)CCN(CC3)C4=NC=NC5=C4OC=C5 m_276450__18955116__14202220__28201534	12	0.15463917525773196	0.21476510067114093	8	0	2	1
O=C(C1CCCCC1F)N2CCC3(CC2)CCN(CC3)C4=NC=NC5=C4C=CN5 m_276450__18955116__27781992__18251492	11	0.15463917525773196	0.18815331010452963	7	0	2	1
O=C(C1CCCCC1O)N2CCC3(CC2)CCN(CC3)C4=NC=NC5=C4C=CN5 m_276450__18955116__27808288__18251492	11	0.15463917525773196	0.18815331010452963	7	0	2	1
O=C([C@H]1CCCC[C@@H]1O)N2CCC3(CC2)CCN(CC3)C4=NC=NC5=C4C=CN5 m_276450__18955116__27784680__18251492	11	0.15463917525773196	0.18815331010452963	7	0	2	1
CCCN1C(=O)NC(=O)C(=C1N)NCC2CCN(CC2)C3=NC=NC4=C3C=CN4 s_27__16803670__116561	10	0.15384615384615385	0.23795180722891565	8	0	1	1
CCN1CCOCC1CC(=O)NCC(C)N2CCN(CC2)C3=NC=NC4=C3C=CN4 m_276450__27870786__27786920__18251492	12	0.15384615384615385	0.22039473684210525	8	0	2	1
O=C1NC2CCCCC2CC1NCC3CCN(CC3)C4=NC=NC5=C4C=CN5 m_44__30207906__30194356	12	0.15306122448979592	0.2332155477031802	7	0	4	0
O=C(CC1CCCNC1=O)NCCC2CCN(CC2)C3=NC=NC4=C3C=CN4 m_276450__14193098__27782584__18251492	12	0.15306122448979592	0.21942446043165467	9	0	1	0
O=C(CN1CCCNC1=O)NCCC2CCN(CC2)C3=NC=NC4=C3C=CN4 m_276450__14193098__14200630__18251492	12	0.15306122448979592	0.21212121212121213	10	0	0	0
CC(OC1CCOCC1)C(=O)NCC2CCN(CC2)C3=NC=NC4=C3C=CN4 s_11__22180642__25986832	12	0.15306122448979592	0.18791946308724833	8	0	2	0
CN(CC1CCOCC1)C(=O)NCC2CCN(CC2)C3=NC=NC4=C3C=CN4 s_2708__23827838__17548094	12	0.15306122448979592	0.18305084745762712	9	0	1	0
O=C(NCC1CCN(CC1)C2=NC=NC3=C2C=CN3)C(=CC4CCCCC4)F s_22__16803922__9598826	11	0.15306122448979592	0.2440677966101695	8	0	1	0
CN(CCC1CCN(CC1)C2=NC=NC3=C2NC=C3)C(=O)[C@H]4CCCC[C@H]4O m_276450__14193134__27785808__28201464	11	0.15306122448979592	0.2053872053872054	8	0	1	0
CN(CCC1CCN(CC1)C2=NC=NC3=C2OC=C3)C(=O)[C@H]4CCCC[C@H]4O m_276450__14193134__27785808__28201534	11	0.15306122448979592	0.21311475409836064	8	0	1	0
C[C@H]1CC=CC[C@@H]1C(=O)N(C)CCC2CCN(CC2)C3=NC=NC4=C3C=CN4 m_276450__14193134__27784010__18251492	12	0.15306122448979592	0.20905923344947736	7	0	3	0
O=C(NCCN1CCN(CC1)C2=NC=NN3C2=CC=C3)C4CCCC5=NC=NN45 m_276450__18755804__18783510__18941674	11	0.15306122448979592	0.22163588390501318	8	0	1	1
O=C(NCCN1CCN(CC1)C2=NC=CC3=CN=CN23)C4=C5CCCCN5C=C4 m_276450__18755804__14206410__28204286	10	0.15306122448979592	0.14745308310991956	8	0	0	1
O=C(NCCN1CCN(CC1)C2=NC=CC3=CN=CN23)C4=NOC5=C4CCCC5 m_276450__18755804__14204022__28204286	12	0.15306122448979592	0.15608465608465608	10	0	0	0
O=C(NCCN1CCN(CC1)C2=NC=NC3=CC=NN23)C4=C5CCCCC5=CN4 m_276450__18755804__19429448__28204284	12	0.15306122448979592	0.14754098360655737	10	0	0	1
O=C(NCCN1CCN(CC1)C2=NC=NN3C2=CC=C3)C4=NNC5=C4CCCC5 m_276450__18755804__14207032__18941674	12	0.15306122448979592	0.2154255319148936	10	0	0	0
O=C(C1CCCCC1O)N2CCC3(CC2)CCN(CC3)C4=NC=NC5=C4C=NN5 m_276450__18955116__27808288__28201338	12	0.15306122448979592	0.1951219512195122	8	0	2	1
CCOC1=NC=CC=C1C(=O)NCCN2CCN(CC2)C3=CC=NC4=NC=CN34 m_276450__18755804__14202496__28204368	12	0.1523809523809524	0.16071428571428573	7	0	4	0
COCC1=CC=CN=C1C(=O)NCCN2CCN(CC2)C3=CC=NC4=NC=CN34 m_276450__18755804__27792398__28204368	12	0.1523809523809524	0.17159763313609466	8	0	3	0
[N-]=[N+]=N[C@H]1CCCC[C@H]1C(=O)NCCC2CCN(C2)C3=NC=NC4=C3N=CS4 m_276450__14193272__27784696__14155830	11	0.1523809523809524	0.23734177215189872	8	0	1	0
O=C(C[C@H]1CCCC[C@H]1F)NCCC2CCN(CC2)C3=NC=NC4=C3C=CN4 m_276450__14193098__27781330__18251492	12	0.15151515151515152	0.19298245614035087	9	0	1	0
C=C(CN1CCOCC1)C(=O)NCC2CCN(CC2)C3=NC=NC4=C3C=CN4 s_11__22180642__23852128	12	0.15151515151515152	0.21428571428571427	9	0	1	0
CC(OC1CCCCC1)C(=O)NCC2CCN(CC2)C3=NC=NC4=C3NC=C4 m_276450__14192936__27800512__28201464	12	0.15151515151515152	0.20257234726688103	8	0	2	0
CC(OC1CCCCC1)C(=O)NCC2CCN(CC2)C3=NC=NC4=C3OC=C4 m_276450__14192936__27800512__28201534	12	0.15151515151515152	0.2037037037037037	8	0	2	0
O=C(NCC1CCN(CC1)C2=NC=NC3=C2C=NN3)C(=CC4CCCCC4)F m_276450__14192936__27789818__28201338	12	0.15151515151515152	0.24915824915824916	9	0	1	0
CN(CCC1CCN(CC1)C2=NC=NC3=C2C=CN3)C(=O)C4COCCN4C m_276450__14193134__14200248__18251492	11	0.15151515151515152	0.22408026755852842	9	0	0	0
CN(CCC1CCN(CC1)C2=NC=NC3=C2N=CN3)C(=O)[C@H]4CCCC[C@@H]4O m_276450__14193134__27784680__18955122	11	0.15151515151515152	0.18181818181818182	8	0	1	0
O=C1OC2=CC=CC=C2C=C1CC(=O)N3CCC(CC3)C4=CC=CC5=C4C=CN5 s_11__22174136__22272908	12	0.15151515151515152	0.2276923076923077	5	0	5	1
O=C(CN1N=NC2=CC=CC=C2C1=O)N3CCC(CC3)C4=CC=CC5=C4C=CN5 s_527__13035034__157541	12	0.15151515151515152	0.21100917431192662	5	0	5	0
O=C1C2=CC=CC=C2N=CN1CC(=O)N3CCC(CC3)C4=CC=CC5=C4C=CN5 s_527__13035034__155235	11	0.15151515151515152	0.22756410256410256	4	0	5	1
O=C(CN1C(=O)C2=CC=CN=C2C1=O)N3CCC(CC3)C4=CC=CC5=C4C=CN5 s_22__13035022__2823924	12	0.15151515151515152	0.19090909090909092	6	0	4	0
O=C(CN1C(=O)C2CCCCC2C1=O)N3CC=C(CC3)C4=CC=NC5=C4C=CN5 s_11__22183562__54031	11	0.15151515151515152	0.25249169435215946	6	0	3	0
O=C(NCCN1CCN(CC1)C2=CC=NC3=CC=NN23)C4CCCC5=NC=NN45 m_276450__18755804__18783510__28201460	11	0.15151515151515152	0.1984126984126984	8	0	1	1
O=C(NCCN1CCN(CC1)C2=CC=NC3=NC=CN23)C4=C5CCCCN5N=C4 m_276450__18755804__14201978__28204368	10	0.15151515151515152	0.18716577540106952	8	0	0	0
O=C(NCCN1CCN(CC1)C2=NC=NN3C2=CC=C3)C4=C5CCCCN5N=N4 m_276450__18755804__27785320__18941674	11	0.15151515151515152	0.19799498746867167	9	0	0	0
O=C(NCCN1CCN(CC1)C2=NC=NN3C2=CC=C3)C4=COC5=C4CCCC5 m_276450__18755804__27786072__18941674	12	0.15151515151515152	0.2020997375328084	10	0	0	0
O=C(NCCN1CCN(CC1)C2=NC=NN3C2=CC=C3)C4=NOC5=C4CCCC5 m_276450__18755804__14204022__18941674	12	0.15151515151515152	0.21012658227848102	10	0	0	0
CCN(CC1CCN(CC1)C2=CC=NC3=NC=NN23)C(=O)C4=C(CCCC4)Cl m_276450__14193364__27797300__18783450	11	0.15151515151515152	0.2523961661341853	8	0	1	0
CC1=NC2=CC=CC=C2C(=O)N1CC(=O)N3CCN(CC3)C4=CN=CC5=NC=NN45 s_527__9417630__9703978	12	0.15	0.19436619718309858	6	0	5	0
O=C1NC2=CC=CC=C2C(=C1CN3CCN(CC3)C4=C5C=CN=C5NC=N4)Cl s_270004__24159310__14575900	12	0.15	0.27761194029850744	6	0	5	0
CC(OC1CCCCC1)C(=O)NCC2CCN(CC2)C3=NC=NC4=C3N=CN4 m_276450__14192936__27800512__18955122	12	0.15	0.17549668874172186	8	0	2	0
CC(OC1CCNCC1)C(=O)NCC2CCN(CC2)C3=NC=NC4=C3C=CN4 s_240690__24674464__24777242	12	0.15	0.19463087248322147	8	0	2	0
CN(CC1COCCO1)C(=O)NCC2CCN(CC2)C3=NC=NC4=C3C=CN4 s_2708__23827838__11985584	12	0.15	0.1941747572815534	9	0	1	0
CCN1C=CN=C(C1=O)N2CCC(CC2)NCC3=C(C4=C(C=C3)CCCC4)O s_270004__9085932__24596084	12	0.15	0.25483870967741934	8	0	2	1
CC1=C(CCCO1)C(=O)N(C)CCC2CCN(CC2)C3=CC=NC4=NC=CN34 m_276450__14193134__14200236__28204368	10	0.15	0.22435897435897437	8	0	0	0
CC1=C(CCCO1)C(=O)N2CC[C@H](C2)N3CCN(CC3)C4=NC=NN5C4=NC=C5 m_276450__27869470__14200236__28202336	12	0.15	0.2530487804878049	9	0	1	2
O=C(C1CCCCC1O)N2CC[C@H](C2)N3CCN(CC3)C4=NC=NC5=C4NC=C5 m_276450__27869470__27808288__28201464	11	0.15	0.2558139534883721	7	0	2	2
O=C([C@@H]1CCCC[C@H]1O)N2CC[C@@H](C2)N3CCN(CC3)C4=NC=NC5=C4NC=C5 m_276450__27869474__27798274__28201464	11	0.15	0.2558139534883721	7	0	2	2
CCN(CC1CCN(CC1)C2=NC=NC3=C2NC=C3)C(=O)C4CCCCC4C m_276450__14193364__14202220__28201464	12	0.15	0.2222222222222222	8	0	2	0
O=C(NC1=CN=C2C=CC=CN2C1=O)N3CC=C(CC3)C4=CC=NC5=C4C=CN5 s_2430__22529678__22576782	12	0.14953271028037382	0.28835978835978837	4	0	6	1
O=C(CN1N=CC2=C(C1=O)CCCC2)N3CCN(CC3)C4=CN=CC5=NC=NN45 s_11__22169690__14868728	11	0.14893617021276595	0.22994652406417113	8	0	1	0
CCC1=C(CCCO1)C(=O)NCCN2CCN(CC2)C3=CC=NC4=NC=NN34 m_276450__18755804__27791440__18783450	10	0.1485148514851485	0.2344213649851632	7	0	1	0
CCC1=C(CCCO1)C(=O)NCCN2CCN(CC2)C3=NC=NN4C3=CC=C4 m_276450__18755804__27791440__18941674	10	0.1485148514851485	0.26331360946745563	7	0	1	0
CO[C@H]1CCCC[C@H]1C(=O)NCCC2CCN(CC2)C3=NC=NC4=C3N=CN4 m_276450__14193098__27782064__18955122	11	0.1485148514851485	0.1836734693877551	8	0	1	0
CC1=NC2=NC=CC=C2C=C1CC(=O)N3CCC(CC3)C4=CC=CC5=C4C=CN5 s_11__22174136__22272842	10	0.1485148514851485	0.1639871382636656	4	0	4	1
O=C(NCCC1CCN(CC1)C2=NC=NC3=C2CCC3)C4CCCC5=C4N=CN5 m_276450__14193098__20152074__14214378	12	0.1485148514851485	0.18155619596541786	7	0	3	1
O=C(NCCN1CCN(CC1)C2=NC=CC3=CN=CN23)C4CCCC5=NC=NN45 m_276450__18755804__18783510__28204286	11	0.1485148514851485	0.17032967032967034	8	0	1	1
O=C([C@H]1CCCC[C@H]1O)N2CC[C@@H](C2)N3CCN(CC3)C4=NC=NC5=C4N=CN5 m_276450__27869474__27785808__18955122	11	0.1485148514851485	0.23103448275862068	7	0	2	2
CCCC1CCCC1C(=O)NCCC2CCN(CC2)C3=NC=NC4=C3N=CN4 m_276450__14193098__14203984__18955122	12	0.1485148514851485	0.18345323741007194	8	0	2	0
CCCN1CCCC1C(=O)NCCC2CCN(CC2)C3=NC=NC4=C3N=CN4 m_276450__14193098__14205908__18955122	12	0.1485148514851485	0.21739130434782608	9	0	1	0
CCN(CC1CCN(CC1)C2=NC=NC3=C2N=CN3)C(=O)C4CCCCC4C m_276450__14193364__14202220__18955122	12	0.1485148514851485	0.19494584837545126	8	0	2	0
CCN(CC1CCN(CC1)C2=NC=NC3=C2NC=C3)C(=O)[C@H]4CCCC[C@H]4O m_276450__14193364__27785808__28201464	12	0.1485148514851485	0.21621621621621623	8	0	2	0
CCN(CC1CCN(CC1)C2=NC=NC3=C2OC=C3)C(=O)[C@H]4CCCC[C@@H]4O m_276450__14193364__27784680__28201534	12	0.1485148514851485	0.2236842105263158	8	0	2	0
C1=CC2=C(C=CN2)C(=C1)C3CCN(CC3)CCC4=CC=C5OCCCC5=C4 s_2230__13035036__23291970	7	0.14736842105263157	0.14006514657980457	5	0	0	2
O=C(CN1N=CC2=C(C1=O)CCCC2)N3CCN(CC3)C4=CN=CC5=NN=NN45 s_11__22179816__14868728	12	0.14736842105263157	0.21750663129973474	9	0	1	0
NC(CC1CCCCO1)C(=O)NCC2CCN(CC2)C3=NC=NC4=C3C=CN4 s_240690__24674464__13975276	12	0.14705882352941177	0.22	8	0	2	0
CC(C(=O)NCC1CCN(CC1)C2=NC=NC3=C2C=CN3)N4CCNCC4=O s_240690__24674464__12227856	12	0.14705882352941177	0.225	9	0	1	0
CC(C(=O)NCC1CCN(CC1)C2=NC=NC3=C2C=CN3)N4CCOCC4=O s_11__22180642__26281288	12	0.14705882352941177	0.22866894197952217	9	0	1	0
CC1=C(C(=NC2=CC=CC=C12)O)C(=O)N3CCC(CC3)C4=CC=CC5=C4C=CN5 s_22__13035022__6663460	12	0.14705882352941177	0.16993464052287582	5	0	5	0
CC1=NC2=CC=CC=C2C(=O)N1CC(=O)N3CCC(CC3)C4=CC=CC5=CN=CC=C45 s_527__18967554__9703978	11	0.14705882352941177	0.24104234527687296	4	0	5	0
O=C(CCN1C(=O)C2=CC=CC=C2N=C1S)N3CCN(CC3)C4=C5C=CN=C5NC=N4 s_22__15608426__326448	12	0.14705882352941177	0.24860335195530725	6	0	4	0
O=C(NCCC1CCN(CC1)C2=NC=NC3=C2N=CN3)C4CCCC5=C4N=CN5 m_276450__14193098__20152074__18955122	11	0.14705882352941177	0.18694362017804153	8	0	1	1
CC1=C(CCCO1)C(=O)N2CC[C@@H](C2)N3CCN(CC3)C4=CC=NC5=NC=CN45 m_276450__27869474__14200236__28204368	10	0.14705882352941177	0.2664576802507837	7	0	1	2
CC1=C(CCCO1)C(=O)N2CC[C@@H](C2)N3CCN(CC3)C4=NC=NC5=CC=NN45 m_276450__27869474__14200236__28204284	12	0.14705882352941177	0.2245508982035928	9	0	1	2
CC1=C(CCCO1)C(=O)N2CC[C@H](C2)N3CCN(CC3)C4=CC=NC5=NC=CN45 m_276450__27869470__14200236__28204368	10	0.14705882352941177	0.2664576802507837	7	0	1	2
CC1CCOCC1C(=O)N2CC[C@@H](C2)N3CCN(CC3)C4=NC=NC5=C4OC=C5 m_276450__27869474__27782246__28201534	12	0.14705882352941177	0.26813880126182965	8	0	2	2
COCC1COCCN1C(=O)NCC2CCN(CC2)C3=NC=NC4=C3C=CN4 s_2708__23827838__13270320	11	0.14705882352941177	0.18543046357615894	8	0	1	0
COC[C@@H]1COCCN1C(=O)NCC2CCN(CC2)C3=NC=NC4=C3C=CN4 s_2708__23827838__26983118	11	0.14705882352941177	0.18543046357615894	8	0	1	0
COC[C@H]1COCCN1C(=O)NCC2CCN(CC2)C3=NC=NC4=C3C=CN4 s_2708__23827838__26983152	11	0.14705882352941177	0.18543046357615894	8	0	1	0
CCN(CC1CCN(CC1)C2=NC=NC3=C2N=CN3)C(=O)C4CCCCC4O m_276450__14193364__27808288__18955122	12	0.14705882352941177	0.19298245614035087	8	0	2	0
O=C(CC1=CC2=CC=CC=C2C=C1O)N3CCC(CC3)C4=CC=CC5=C4C=CN5 s_22__13035022__21389038	12	0.14583333333333334	0.15770609318996415	5	0	5	1
[N-]=[N+]=N[C@H]1CCCC[C@H]1C(=O)NCCC2CCN(CC2)C3=NC=NC4=C3NC=C4 m_276450__14193098__27784696__28201464	11	0.14563106796116504	0.22112211221122113	9	0	1	0
CCN1CCOCC1C(=O)NCCC2CCN(CC2)C3=NC=NC4=C3C=NN4 m_276450__14193098__14204356__28201338	12	0.14563106796116504	0.22772277227722773	9	0	1	0
O=C1NC2=C(C=C1NC(=O)N3CC=C(CC3)C4=CC=NC5=C4C=CN5)CCCC2 s_2430__11680994__22576782	11	0.14563106796116504	0.23641304347826086	6	0	3	1
CC1=CC2=C(N=CN=C2S1)N3CCC(CC3)NCC4=C(C5=C(C=C4)OCCO5)C s_270004__23850852__24721074	11	0.14563106796116504	0.2288135593220339	9	0	0	2
NC1=C(C=CC2=C1CCCC2)C(=O)NC3CCN(CC3)C4=NC=NC5=C4OC=C5 m_276450__14192934__27783490__28201534	12	0.14563106796116504	0.2050561797752809	9	0	1	1
O=C(NCCC1CCN(CC1)C2=NC=NC3=C2OC=C3)C4CCCN5C4=CC=N5 m_276450__14193098__14203920__28201534	12	0.14563106796116504	0.21333333333333335	10	0	0	1
CN1CCOCC1C(=O)N2CC[C@H](C2)N3CCN(CC3)C4=NC=NC5=C4NC=C5 m_276450__27869470__14200248__28201464	12	0.14563106796116504	0.2508038585209003	9	0	1	2
C1=NC=C(N2C1=NC=N2)N3CCN(CC3)CCC4=CC=C5OCCCC5=C4 s_2230__9417632__23291970	9	0.14432989690721648	0.1642651296829971	7	0	0	2
C1=NC=C(N2C1=NN=N2)N3CCN(CC3)CCC4=CC=C5OCCCC5=C4 s_2230__18364006__23291970	10	0.14432989690721648	0.14814814814814814	8	0	0	2
O=C(CN1N=CC2=C(C1=O)CCCC2)N3CCN(CC3)C4=C5C=CN=C5NC=N4 s_11__22168874__14868728	10	0.14432989690721648	0.26558265582655827	7	0	1	0
CC1CCCCC1C(=O)N2CC[C@H](C2)N3CCN(CC3)C4=NC=NC5=C4CCC5 m_276450__27869470__14202220__14214378	12	0.14432989690721648	0.2253968253968254	6	0	4	2
O=C(C1=C(CCCC1)Cl)N2CC[C@@H](C2)N3CCN(CC3)C4=NC=NN5C4=NC=C5 m_276450__27869474__27797300__28202336	11	0.14432989690721648	0.267515923566879	8	0	1	2
CN(CC1=CCCOC1)C(=O)NCC2CCN(CC2)C3=NC=NC4=C3C=CN4 s_2708__23827838__11986992	11	0.14423076923076922	0.21337579617834396	9	0	0	0
CN1C=NC2=C(N=CN=C12)N3CCC(CC3)CCNC(=O)[C@H]4CCCC[C@H]4N=[N+]=[N-] m_276450__14193098__27784696__28204382	12	0.14423076923076922	0.18770226537216828	9	0	1	0
CC1=CC2=C(C=C1NC(=O)N3CC=C(CC3)C4=CC=NC5=C4C=CN5)OCCO2 s_2430__27548240__22576782	12	0.14423076923076922	0.22507122507122507	8	0	2	1
CC1=NC2=NC=CC=C2C=C1CC(=O)N3CC=C(CC3)C4=CC=NC5=C4C=CN5 s_11__22183562__22272842	12	0.14423076923076922	0.208955223880597	5	0	5	1
O=C(NC1CCN(CC1)C2=NC=NC3=C2C=CN3)C4=CC5=C(C=C4F)NCCC5 m_276450__14192934__27781052__18251492	12	0.14423076923076922	0.1930835734870317	9	0	1	1
CC1=CC2=C(N=CN=C2S1)N3CCC(CC3)NCC4=C(C5=C(C=C4)OCCO5)Cl s_270004__23850852__24714706	11	0.14423076923076922	0.2219178082191781	9	0	0	2
CC1CCOCC1C(=O)N2CC[C@@H](C2)N3CCN(CC3)C4=NC=NC5=C4N=CN5 m_276450__27869474__27782246__18955122	12	0.14423076923076922	0.23825503355704697	8	0	2	2
CN1CCOCC1C(=O)N2CC[C@@H](C2)N3CCN(CC3)C4=NC=NC5=C4N=CN5 m_276450__27869474__14200248__18955122	12	0.14423076923076922	0.22442244224422442	9	0	1	2
COCC1C=CCCN1C(=O)NCC2CCN(CC2)C3=NC=NC4=C3C=CN4 s_2708__23827838__17523228	12	0.14423076923076922	0.2282958199356913	7	0	3	0
C#CCOC1=CC(=C(C(=C1)C)CN2CC=C(CC2)C3=CC=NC4=C3C=CN4)C s_270004__24159482__24720298	12	0.14423076923076922	0.17682926829268292	7	0	3	0
CCN1CCCCC1C(=O)NCCC2CCN(CC2)C3=NC=NC4=C3CCC4 m_276450__14193098__14205232__14214378	12	0.14285714285714285	0.21035598705501618	7	0	3	0
CCN1CCCCC1C(=O)NCCN2CCN(CC2)C3=CC=NC4=CC=NN34 m_276450__18755804__14205232__28201460	10	0.14285714285714285	0.21885521885521886	7	0	1	0
C1=CC2=C(N=CNC2=N1)N3CCN(CC3)CCC4=CC=C5OCCCC5=C4 s_2230__15607896__23291970	8	0.14285714285714285	0.20118343195266272	6	0	0	2
C1=CC2=CC=C(C=C2C=C1)CCN3CCN(CC3)C4=CN=CC5=NC=NN45 s_2230__9417632__4915570	12	0.14285714285714285	0.15737704918032788	6	0	4	2
CC1=NNC2=NC=NC(=C12)N3CCC(CC3)CCNC(=O)[C@H]4CCCC[C@H]4N=[N+]=[N-] m_276450__14193098__27784696__18783642	12	0.14285714285714285	0.2064516129032258	9	0	1	1
COCC1=CC=CC(=C1)N2CCN(CC2)C(=O)CC3=C(C4=CC=CC=C4N=C3C)C s_22__26976960__300168	12	0.14285714285714285	0.21739130434782608	4	0	6	1
O=C1C2=CC=CC=C2C=CN1CC(=O)N3CCC(CC3)C4=CC=CC5=C4C=CN5 s_527__13035034__9457988	12	0.14285714285714285	0.20249221183800623	5	0	5	1
O=C([C@H]1CCCC[C@@H]1O)N2CCC3(CC2)CCN(CC3)C4=NC=NC5=C4NC=C5 m_276450__18955116__27784680__28201464	12	0.14285714285714285	0.2053872053872054	8	0	2	1
O=C([C@H]1CCCC[C@H]1O)N2CCC3(CC2)CCN(CC3)C4=NC=NC5=C4NC=C5 m_276450__18955116__27785808__28201464	12	0.14285714285714285	0.2053872053872054	8	0	2	1
CCN1C=CN=C(C1=O)N2CCC(CC2)NCC3=CC4=C(CCOC4)N=C3Cl s_270004__9085932__15505518	12	0.14150943396226415	0.21866666666666668	9	0	1	1
NC1=C(C(=O)C2=CC(=CC=C2O1)F)CN3CCN(CC3)C4=C5C=CN=C5NC=N4 s_270004__24159310__24720676	12	0.14150943396226415	0.25067385444743934	6	0	4	0
CCCCN1CCCCC1C(=O)NCCN2CCN(CC2)C3=CC=NC4=CC=NN34 m_276450__18755804__28192490__28201460	11	0.1414141414141414	0.2255892255892256	8	0	1	1
O=C(CC1=CC2=C(C=C1Br)OCCO2)N3CCC(CC3)C4=CC=CC5=C4C=CN5 s_11__22174136__117015	10	0.1414141414141414	0.17445482866043613	7	0	1	1
CC1=C(C(=O)N2N=CC=C2N1)CC(=O)N3CCN(CC3)C4=CN=CC5=NC=NN45 s_527__9417630__3392756	11	0.1414141414141414	0.26208651399491095	5	0	4	0
O=C(C1=C(CCCC1)Cl)N2CC[C@H](C2)N3CCN(CC3)C4=NC=CC5=CN=CN45 m_276450__27869470__27797300__28204286	10	0.1414141414141414	0.25245901639344265	7	0	1	2
C1=CC2=C(C=CN2)C(=C1)C3CCN(CC3)CCC4=CC=C5OCCOC5=C4 s_2230__13035036__8635612	8	0.14130434782608695	0.14814814814814814	6	0	0	2
C1=CC2=CC=C(C=C2C=C1)CCN3CCN(CC3)C4=C5C=CN=C5NC=N4 s_2230__15607896__4915570	11	0.14130434782608695	0.19932432432432431	5	0	4	2
CC1=NC2=CC=CC=C2C(=C1CC(=O)N3CC=C(CC3)C4=CC=NC5=C4C=CN5)C s_11__22183562__54867	12	0.14018691588785046	0.21846153846153846	5	0	6	0
O=C(NC1=CC2=C(CCCC2)N=C1Cl)N3CC=C(CC3)C4=CC=NC5=C4C=CN5 m_2430__26895820__22576782	10	0.14018691588785046	0.2010178117048346	6	0	2	1
CCN1CCCCC1C(=O)NCCN2CCN(CC2)C3=NC=NN4C3=CC=C4 m_276450__18755804__14205232__18941674	10	0.14	0.2483221476510067	7	0	1	0
CC1CCCCN1CC(=O)NCCN2CCN(CC2)C3=NC=CC4=CN=CN34 m_276450__18755804__27801806__28204286	12	0.14	0.17454545454545456	9	0	1	0
CN1CCCCC1CC(=O)NCCN2CCN(CC2)C3=CC=NC4=NC=CN34 m_276450__18755804__27801120__28204368	10	0.14	0.23049645390070922	6	0	2	0
CN1CCCCC1CC(=O)NCCN2CCN(CC2)C3=NC=NN4C3=CC=C4 m_276450__18755804__27801120__18941674	11	0.14	0.25	7	0	2	0
CC1=C(COCC1)C(=O)N(C)CCC2CCN(CC2)C3=NC=CC4=CN=CN34 m_276450__14193134__27785454__28204286	11	0.14	0.22259136212624583	9	0	0	0
CN(CCC1CCN(CC1)C2=NC=NC3=C2NC=C3)C(=O)C4COCCN4C m_276450__14193134__14200248__28201464	12	0.14	0.24025974025974026	10	0	0	0
CC1=CC2=C(N=CN=C2S1)N3CCC(CC3)NCC4=CC5=C(C=C4C)OCCO5 s_207__26103914__27080120	10	0.14	0.22857142857142856	8	0	0	2
CC1=C(C(=O)N2N=CC=C2N1)CC(=O)N3CCN(CC3)C4=CN=CC5=NN=NN45 s_11__22179816__3392752	12	0.14	0.2462686567164179	6	0	4	0
CC1=NC2=CC=CC=C2C(=O)N1CC(=O)N3CCC(CC3)C4=CC=NC5=CC=CC=C45 s_527__10706244__9703978	12	0.14	0.23870967741935484	5	0	5	0
O=C(NCCC1CCN(CC1)C2=CC=NC3=NC=CN23)C4=CC=C5N4CCCC5 m_276450__14193098__27784568__28204368	12	0.14	0.16711590296495957	10	0	0	1
CC1=C(COCC1)C(=O)N2CC[C@H](C2)N3CCN(CC3)C4=NC=NN5C4=NC=C5 m_276450__27869470__27785454__28202336	12	0.14	0.26498422712933756	9	0	1	2
CC1CCOCC1C(=O)N(C)CCC2CCN(CC2)C3=NC=NC4=C3NC=C4 m_276450__14193134__27782246__28201464	12	0.13861386138613863	0.22112211221122113	9	0	1	0
CN(CCC1CCN(CC1)C2=NC=NC3=C2N=CN3)C(=O)C4COCCN4C m_276450__14193134__14200248__18955122	12	0.13861386138613863	0.21666666666666667	10	0	0	0
CCCCN1CCCCC1C(=O)NCCN2CCN(CC2)C3=NC=NN4C3=CC=C4 m_276450__18755804__28192490__18941674	11	0.13861386138613863	0.2550335570469799	8	0	1	1
CC1=C(C(=O)N2N=CC=C2N1)CC(=O)N3CCN(CC3)C4=C5C=CN=C5NC=N4 s_11__22168874__3392752	10	0.13861386138613863	0.26884422110552764	4	0	4	0
O=C(NCCC1CCN(CC1)C2=NC=NC3=C2CCC3)C4CCCN5C4=NC=C5 m_276450__14193098__27794386__14214378	12	0.13861386138613863	0.1797752808988764	7	0	3	1
O=C(NCCN1CCN(CC1)C2=CC=NC3=CC=NN23)C4CCCC5=C4N=CS5 m_276450__18755804__27786258__28201460	10	0.13861386138613863	0.22192513368983957	7	0	1	1
C1=NC=C(N2C1=NC=N2)N3CCN(CC3)CCC4=CC=C5OCCOC5=C4 s_2230__9417632__8635612	10	0.13829787234042554	0.15976331360946747	8	0	0	2
C1=NC=C(N2C1=NN=N2)N3CCN(CC3)CCC4=CC=C5OCCOC5=C4 s_2230__18364006__8635612	11	0.13829787234042554	0.1495601173020528	9	0	0	2
COCC1=C(C=C(C(=C1C)CNC2CCN(CC2)C3=C4C=C(SC4=NC=N3)C)C)C s_270004__23850852__12905998	10	0.13725490196078433	0.22189349112426035	8	0	0	3
CC1=C(COCC1)C(=O)N2CC[C@@H](C2)N3CCN(CC3)C4=CC=NC5=NC=NN45 m_276450__27869474__27785454__18783450	11	0.13725490196078433	0.26993865030674846	8	0	1	2
CC1=C(COCC1)C(=O)N2CC[C@H](C2)N3CCN(CC3)C4=NC=CC5=CN=CN45 m_276450__27869470__27785454__28204286	11	0.13725490196078433	0.2435064935064935	8	0	1	2
CCN(CC1CCN(CC1)C2=CC=NC3=NC=CN23)C(=O)C4=C(CCOC4)C m_276450__14193364__27785454__28204368	11	0.13725490196078433	0.2508250825082508	8	0	1	0
CCN(CC1CCN(CC1)C2=NC=CC3=CN=CN23)C(=O)C4=C(CCOC4)C m_276450__14193364__27785454__28204286	12	0.13725490196078433	0.23	9	0	1	0
CCN(CC1CCN(CC1)C2=NC=NN3C2=CC=C3)C(=O)C4=C(CCOC4)C m_276450__14193364__27785454__18941674	12	0.13725490196078433	0.2727272727272727	9	0	1	0
CC1=NC2=CC=CC=C2N=C1NCC3CCN(CC3)C4=NC=NC5=C4C=CN5 s_27__16803670__335080	12	0.1368421052631579	0.18670886075949367	7	0	4	0
CN(CCC1CCN(CC1)C2=CC=NC3=NC=CN23)C(=O)CN4CCCCC4 m_276450__14193134__27815118__28204368	12	0.1368421052631579	0.20802919708029197	9	0	1	0
C1=CC2=C(N=CNC2=N1)N3CCN(CC3)CCC4=CC=C5OCCOC5=C4 s_2230__15607896__8635612	9	0.1368421052631579	0.19938650306748465	7	0	0	2
CC1=NC2=NC=NN2C(=C1CC(=O)N3CCN(CC3)C4=CN=CC5=NC=NN45)C s_11__22169690__115783	11	0.1368421052631579	0.1643835616438356	7	0	2	0
O=C(NC1=C(C2=C(C=C1)CNCC2)F)N3CCC(CC3)C4=CC=CC5=C4C=CN5 m_273458__11122836__13035088	10	0.13592233009708737	0.1762917933130699	7	0	1	1
ClC1=C2CCCCC2=NC3=CC(=CC=C13)N4CCN(CC4)C5=CN=CC6=NC=NN56 s_27__9417626__10340864	11	0.13592233009708737	0.18933333333333333	6	0	3	0
O=C(NCC1CCN(CC1)C2=NC=NC3=C2C=CN3)N4CCOCC4CCO s_2708__23827838__13432756	12	0.13592233009708737	0.1832797427652733	8	0	2	0
CN(CCC1CCN(CC1)C2=NC=NC3=C2CCC3)C(=O)[C@H]4CCCC[C@H]4O m_276450__14193134__27785808__14214378	12	0.13541666666666666	0.18037974683544303	7	0	3	0
O=C(NCCN1CCN(CC1)C2=CC=NC3=CC=NN23)C4CCCC5N4CCC5 m_276450__18755804__14204648__28201460	11	0.13541666666666666	0.22259136212624583	8	0	1	2
CCN1CCOCC1C(=O)NCCC2CCN(CC2)C3=NC=NC4=C3N=CN4 m_276450__14193098__14204356__18955122	12	0.1346153846153846	0.21666666666666667	9	0	1	0
O=C(CN1C(=O)C2=CC=CC=C2N=C1S)N3CCC(CC3)C4=CC=CC5=CC=CC=C45 s_22__2303350__309126	12	0.13402061855670103	0.25	5	0	5	0
C#CCOC1=CC(=C(C(=C1)C)CNC2CCN(CC2)C3=C4C=C(SC4=NC=N3)C)C s_270004__23850852__24720298	12	0.13333333333333333	0.22674418604651161	8	0	2	1
CC1=CC2=C(N=CN=C2S1)N3CCC(CC3)NCC4=NC5=C(C=C4Cl)OCCO5 s_207__26103914__30159554	12	0.13333333333333333	0.21549636803874092	10	0	0	1
O=C(CC1=CC2=C(C=C1Br)OCCO2)N3CC=C(CC3)C4=CC=NC5=C4C=CN5 s_11__22183562__117015	12	0.13333333333333333	0.20512820512820512	8	0	2	1
C#CCC1COCCN1C(=O)NCC2CCN(CC2)C3=NC=NC4=C3C=CN4 m_2708__23827838__16902468	12	0.13333333333333333	0.18471337579617833	7	0	3	0
CCC1CCCCC1C(=O)NCCN2CCN(CC2)C3=CC=NC4=CC=NN34 m_276450__18755804__14201692__28201460	10	0.1326530612244898	0.21283783783783783	6	0	2	0
CCC1CCCCC1C(=O)NCCN2CCN(CC2)C3=NC=NN4C3=NC=C4 m_276450__18755804__14201692__28202336	11	0.1326530612244898	0.20209059233449478	7	0	2	0
CC1CCCCC1CC(=O)NCCN2CCN(CC2)C3=CC=NC4=CC=NN34 m_276450__18755804__14206122__28201460	12	0.1326530612244898	0.21283783783783783	8	0	2	0
O=C(NCCN1CCN(CC1)C2=CC=NC3=CC=NN23)C4CCCC5=CC=NN45 m_276450__18755804__27790108__28201460	11	0.1326530612244898	0.2074468085106383	7	0	2	1
O=C([C@H]1CCCC[C@H]1O)N2CC[C@H](C2)N3CCN(CC3)C4=NC=NC5=C4CCC5 m_276450__27869470__27785808__14214378	12	0.1326530612244898	0.2267080745341615	6	0	4	2
COC1CCCCC1C(=O)NCCN2CCN(CC2)C3=NC=NN4C3=NC=C4 m_276450__18755804__14206084__28202336	11	0.13131313131313133	0.20930232558139536	8	0	1	0
CO[C@H]1CCCC[C@H]1C(=O)NCCC2CCN(CC2)C3=NC=NC4=C3CCC4 m_276450__14193098__27782064__14214378	12	0.13131313131313133	0.18209876543209877	7	0	3	0
CC(CN1CCCCC1)C(=O)NCC2CCN(CC2)C3=NC=NN4C3=CC=C4 m_276450__14192936__27811214__18941674	12	0.13131313131313133	0.2255892255892256	9	0	1	0
CCCN1CCCC1C(=O)NCCN2CCN(CC2)C3=CC=NC4=CC=NN34 m_276450__18755804__14205908__28201460	11	0.13131313131313133	0.22372881355932203	8	0	1	0
CCCN1CCC[C@H]1C(=O)NCCN2CCN(CC2)C3=CC=NC4=CC=NN34 m_276450__18755804__27801074__28201460	11	0.13131313131313133	0.22372881355932203	8	0	1	0
CC1=NC2=CC=CN=C2N=C1NCC3CCN(CC3)C4=NC=NC5=C4C=CN5 s_27__16803670__14643966	12	0.13	0.1834862385321101	8	0	3	0
CCC1CCCCC1C(=O)NCCN2CCN(CC2)C3=CC=NC4=NC=NN34 m_276450__18755804__14201692__18783450	10	0.13	0.2135593220338983	6	0	2	0
CCC1CCCCC1C(=O)NCCN2CCN(CC2)C3=NC=NC4=CC=NN34 m_276450__18755804__14201692__28204284	11	0.13	0.17586206896551723	7	0	2	0
O=C(NCC1=CC2=C(CCCC2)N=C1O)NNC(=O)C3=CC=CC4=C3C=CN4 s_2708__12644124__23005518	12	0.13	0.14666666666666667	10	0	0	1
COC1CCCCC1C(=O)NCCN2CCN(CC2)C3=CC=NC4=NC=NN34 m_276450__18755804__14206084__18783450	10	0.12871287128712872	0.2182410423452769	7	0	1	0
COC1CCCCC1C(=O)NCCN2CCN(CC2)C3=NC=NC4=CC=NN34 m_276450__18755804__14206084__28204284	11	0.12871287128712872	0.18211920529801323	8	0	1	0
COC1CCCCC1C(=O)NCCN2CCN(CC2)C3=NC=NN4C3=CC=C4 m_276450__18755804__14206084__18941674	10	0.12871287128712872	0.24437299035369775	7	0	1	0
CO[C@H]1CCCC[C@@H]1C(=O)NCCN2CCN(CC2)C3=NC=NC4=CC=NN34 m_276450__18755804__27790956__28204284	11	0.12871287128712872	0.18211920529801323	8	0	1	0
CC1=NC2=NC=NN2C(=C1CC(=O)N3CCN(CC3)C4=C5C=CN=C5NC=N4)C s_11__22168874__115783	10	0.12871287128712872	0.2096317280453258	6	0	2	0
CCCC1CCCC1C(=O)NCCN2CCN(CC2)C3=CC=NC4=NC=NN34 m_276450__18755804__14203984__18783450	11	0.12871287128712872	0.2135593220338983	7	0	2	0
CCCC1CCCC1C(=O)NCCN2CCN(CC2)C3=NC=NC4=CC=NN34 m_276450__18755804__14203984__28204284	12	0.12871287128712872	0.17586206896551723	8	0	2	0
CCCN1CCC[C@H]1C(=O)NCCN2CCN(CC2)C3=CC=NC4=NC=CN34 m_276450__18755804__27801074__28204368	10	0.12871287128712872	0.23357664233576642	7	0	1	0
CCCN1CCC[C@H]1C(=O)NCCN2CCN(CC2)C3=CC=NC4=NC=NN34 m_276450__18755804__27801074__18783450	11	0.12871287128712872	0.22448979591836735	8	0	1	0
CC(C(=O)NCC1CCN(CC1)C2=CC=NC3=NC=NN23)N4CCCCC4=O m_276450__14192936__14205148__18783450	12	0.12745098039215685	0.2305084745762712	9	0	1	0
C1=NC2=NC=NC2=C(N1)N3CCC(CC3)NCC4=CC=C5SCCCC5=C4 s_270004__23845418__24721742	11	0.12745098039215685	0.1896551724137931	9	0	0	2
CC1=NC2=CC=CC=C2C=C1NC(=O)N3CCN(CC3)C4=C5C=CN=C5NC=N4 s_2430__22523656__22577650	12	0.12745098039215685	0.20414201183431951	5	0	5	1
CC1=NC2=NC=CC=C2C=C1CC(=O)N3CCN(CC3)C4=CN=CC5=NC=NN45 s_11__22169690__22272842	12	0.12745098039215685	0.1639784946236559	6	0	4	1
CC1=NC2=CC=CC=C2C(=C1C(=O)N3CCN(CC3)C4=C5C=CN=C5NC=N4)C s_22__15608426__9475876	12	0.12745098039215685	0.19005847953216373	5	0	5	0
O=C(NCCN1CCN(CC1)C2=CC=NC3=CC=NN23)C4CCCC5=C4C=NN5 m_276450__18755804__14202058__28201460	12	0.12745098039215685	0.2138728323699422	9	0	1	0
CCCC1=C(C=NN1)C(=O)NCCN2CCN(CC2)C3=CC=NC4=NC=CN34 m_276450__18755804__14207018__28204368	12	0.12745098039215685	0.18125	8	0	2	0
CC1=NC2=CC=CC=C2C(=C1CC(=O)N3CCN(CC3)C4=CN=CC5=NC=NN45)C s_527__9417630__155628	12	0.1262135922330097	0.16759776536312848	6	0	5	0
O=C(CN1C(=O)C2=CC=CC=C2N=C1S)N3CCN(CC3)C4=C5C=CN=C5NC=N4 s_22__15608426__309126	12	0.1262135922330097	0.22752808988764045	6	0	5	0
O=CN1CCOCC1C(=O)NCCC2CCN(CC2)C3=NC=NC4=C3NC=C4 m_276450__14193098__27784776__28201464	12	0.1262135922330097	0.24758842443729903	10	0	0	1
CCCN1CCCCC1C(=O)N[C@H](C)CN2CCN(CC2)C3=NC=NN4C3=NC=C4 m_276450__27871500__27809982__28202336	12	0.1262135922330097	0.2152777777777778	9	0	1	1
O=C(NCCN1CCN(CC1)C2=NC=NN3C2=CC=C3)C4CCCCN4CC(F)F m_276450__18755804__27786722__18941674	12	0.1262135922330097	0.24429967426710097	9	0	1	0
CC1=NC2=NC=CC=C2C=C1CC(=O)N3CCN(CC3)C4=C5C=CN=C5NC=N4 s_11__22168874__22272842	11	0.1262135922330097	0.20114942528735633	5	0	4	1
O=C(NCCN1CCN(CC1)C2=NC=NC3=CC=NN23)C4CCCC5=C4N=CN5 m_276450__18755804__20152074__28204284	11	0.1262135922330097	0.17478510028653296	8	0	1	1
O=C(NCCN1CCN(CC1)C2=CC=NC3=NC=CN23)C4=C5CCOCC5=CO4 m_276450__18755804__14205410__28204368	11	0.1262135922330097	0.17989417989417988	8	0	1	1
O=C(NCCN1CCN(CC1)C2=CC=NC3=NC=CN23)C4=C5CCOCC5=NN4 m_276450__18755804__27791730__28204368	12	0.1262135922330097	0.17344173441734417	10	0	0	0
O=C(NCCN1CCN(CC1)C2=CC=NC3=NC=NN23)C4=C5CCOCC5=CO4 m_276450__18755804__14205410__18783450	12	0.1262135922330097	0.17994858611825193	9	0	1	1
O=C(NCCN1CCN(CC1)C2=NC=CC3=CN=CN23)C4=C5CCOCC5=CO4 m_276450__18755804__14205410__28204286	12	0.1262135922330097	0.14736842105263157	9	0	1	1
C1=CC2=C(N1)N=CN=C2N3CCC(CC3)CNC4=CN=C5CCCCC5=N4 s_27__16803670__11243714	9	0.125	0.17065868263473055	7	0	0	1
CCCN1CCCCC1C(=O)NCCC2CCN(CC2)C3=CC(=NC4=NC=NN34)C m_276450__14193098__27809982__14214578	12	0.125	0.22508038585209003	9	0	1	1
O=C(CN1C(=O)C2=CC=CC=C2N=C1S)N3CCC(CC3)C4=CC=CC5=CN=CC=C45 s_22__18967540__309126	12	0.125	0.23659305993690852	5	0	5	0
O=C(NCCN1CCN(CC1)C2=NC=CC3=CN=CN23)C4CCCC5=C4C=NN5 m_276450__18755804__14202058__28204286	12	0.125	0.18731117824773413	9	0	1	0
O=C(NCCN1CCN(CC1)C2=NC=NN3C2=CC=C3)C4CCCC5=C4N=CN5 m_276450__18755804__20152074__18941674	10	0.125	0.22969187675070027	7	0	1	1
O=C(NCCN1CCN(CC1)C2=NC=NN3C2=CC=C3)C4CCCC5=C4NN=C5 m_276450__18755804__14202060__18941674	12	0.125	0.23529411764705882	7	0	3	0
CCN(CC1CCN(CC1)C2=CC=NC3=NC=NN23)C(=O)C4=C(CCOC4)Cl m_276450__14193364__27794768__18783450	12	0.125	0.2631578947368421	9	0	1	0
CCCN1CCCCC1C(=O)N[C@H](C)CN2CCN(CC2)C3=CC=NC4=NC=CN34 m_276450__27871500__27809982__28204368	10	0.12380952380952381	0.23636363636363636	7	0	1	1
CCCN1CCCCC1C(=O)N[C@H](C)CN2CCN(CC2)C3=NC=CC4=CN=CN34 m_276450__27871500__27809982__28204286	11	0.12380952380952381	0.19133574007220217	8	0	1	1
CCCCN1CCOCC1C(=O)NCCN2CCN(CC2)C3=CC=NC4=NC=NN34 m_276450__18755804__14205386__18783450	12	0.12380952380952381	0.2082018927444795	9	0	1	1
CC1=C(SCCO1)C(=O)N2CC[C@@H](C2)N3CCN(CC3)C4=NC=CC5=CN=CN45 m_276450__27869474__27810424__28204286	12	0.12380952380952381	0.2125748502994012	9	0	1	2
C1=CC2=C(N1)N=CN=C2N3CCC(CC3)CNC4=NC=C5CCCCC5=N4 s_27__16803670__10971420	11	0.12244897959183673	0.17220543806646527	9	0	0	0
O=C(NCCN1CCN(CC1)C2=CC=NC3=CC=NN23)C4CCCN5C4=CC=N5 m_276450__18755804__14203920__28201460	11	0.12244897959183673	0.20533333333333334	9	0	0	1
CCN(CC1CCN(CC1)C2=CC=NC3=NC=CN23)C(=O)C=C4CCCCC4 m_276450__14193364__14200008__28204368	12	0.12244897959183673	0.24113475177304963	9	0	1	0
COC1=CC=CC=C1N2CCC(CC2)NCC3=C(C4=C(C=C3Br)OCCO4)Cl s_207__23043504__26990598	12	0.12121212121212122	0.18037974683544303	9	0	1	1
O=C(C[C@H]1CCCC[C@@H]1O)NCCN2CCN(CC2)C3=CC=NC4=CC=NN34 m_276450__18755804__27784860__28201460	12	0.12121212121212122	0.2138157894736842	8	0	2	0
O=C(C[C@H]1CCCC[C@H]1F)NCCN2CCN(CC2)C3=CC=NC4=CC=NN34 m_276450__18755804__27781330__28201460	12	0.12121212121212122	0.2145214521452145	9	0	1	0
O=C(NCCN1CCN(CC1)C2=NC=CC3=CN=CN23)C4CCCN5C4CCC5 m_276450__18755804__27782786__28204286	12	0.12121212121212122	0.1875	8	0	2	1
O=C(NCCN1CCN(CC1)C2=NC=NN3C2=CC=C3)C4CCCN5C4CCC5 m_276450__18755804__27782786__18941674	12	0.12121212121212122	0.24919093851132687	8	0	2	1
CC1CCCC=C1C(=O)N2CCC3(CC2)CCN(CC3)C4=CC=NC5=NC=CN45 m_276450__18955116__27795172__28204368	12	0.12121212121212122	0.2422145328719723	7	0	3	1
O=C(CC1CCCNC1=O)NCCN2CCN(CC2)C3=CC=NC4=NC=NN34 m_276450__18755804__27782584__18783450	12	0.12	0.25597269624573377	9	0	1	0
O=C(CC1CCCNC1=O)NCCN2CCN(CC2)C3=NC=CC4=CN=CN34 m_276450__18755804__27782584__28204286	12	0.12	0.22181818181818183	9	0	1	0
O=C(CN1CCCCC1=O)NCCC2CCN(CC2)C3=NC=NN4C3=CC=C4 m_276450__14193098__14200608__18941674	12	0.12	0.2408026755852843	10	0	0	0
CC1=CC2=C(C=C1NC(=O)N3CCN(CC3)C4=C5C=CN=C5NC=N4)OCCO2 s_2430__27548240__22577650	11	0.12	0.20520231213872833	8	0	1	1
CC1=CC2=C(C=C1NC(=O)N3CCN(CC3)C4=CN=CC5=NC=NN45)OCCO2 s_2430__27548240__9417634	12	0.12	0.192090395480226	9	0	1	1
O=C(NCCN1CCN(CC1)C2=CC=NC3=NC=NN23)C4=C5NCCCN5N=C4 m_276450__18755804__27796260__18783450	12	0.12	0.17962466487935658	10	0	0	0
O=C(NCCN1CCN(CC1)C2=NC=NN3C2=CC=C3)C4=C5NCCCN5N=C4 m_276450__18755804__27796260__18941674	12	0.12	0.19437340153452684	10	0	0	0
CC1=NC2=C(C=C1C(=O)NC3CCN(CC3)C4=C5N=CN=C5N=CN4)CCCN2 s_240690__7402370__20642414	11	0.11926605504587157	0.20971867007672634	8	0	1	1
O=C(C[C@@H]1CCCC[C@H]1O)NCCN2CCN(CC2)C3=NC=CC4=CN=CN34 m_276450__18755804__27785122__28204286	12	0.1188118811881188	0.17894736842105263	8	0	2	0
O=C(C[C@H]1CCCC[C@@H]1O)NCCN2CCN(CC2)C3=NC=CC4=CN=CN34 m_276450__18755804__27784860__28204286	12	0.1188118811881188	0.17894736842105263	8	0	2	0
O=C(C[C@H]1CCCC[C@@H]1O)NCCN2CCN(CC2)C3=NC=NN4C3=CC=C4 m_276450__18755804__27784860__18941674	12	0.1188118811881188	0.24262295081967214	8	0	2	0
O=C(C[C@H]1CCCC[C@H]1F)NCCN2CCN(CC2)C3=CC=NC4=NC=CN34 m_276450__18755804__27781330__28204368	11	0.1188118811881188	0.22340425531914893	8	0	1	0
O=C(C[C@H]1CCCC[C@H]1F)NCCN2CCN(CC2)C3=CC=NC4=NC=NN34 m_276450__18755804__27781330__18783450	12	0.1188118811881188	0.2119205298013245	9	0	1	0
CC1CCCC=C1C(=O)N(C)CCC2CCN(CC2)C3=NC=CC4=CN=CN34 m_276450__14193134__27795172__28204286	12	0.1188118811881188	0.21379310344827587	8	0	2	0
O=C1C2=CC=CC=C2N=CN1CC(=O)N3CCN(CC3)C4=C5C=CN=C5NC=N4 s_11__22168874__54496	12	0.1188118811881188	0.22647058823529412	5	0	5	1
O=C1NC2CCC1CC2C(=O)NCCN3CCN(CC3)C4=CC=NC5=NC=CN45 m_276450__18755804__27782922__28204368	10	0.1188118811881188	0.23448275862068965	6	0	2	1
O=C(NCCC1CCN(CC1)C2=CC=NC3=NC=CN23)C4CCCC5=NC=CN45 m_276450__14193098__14203366__28204368	12	0.1188118811881188	0.195906432748538	9	0	1	1
O=C(NCCC1CCN(CC1)C2=CC=NC3=NC=NN23)C4CCCC5=NC=NN45 m_276450__14193098__18783510__18783450	12	0.1188118811881188	0.1931216931216931	9	0	1	1
O=C(NCCN1CCN(CC1)C2=CC=NC3=NC=NN23)C4CCCN5C4=CC=N5 m_276450__18755804__14203920__18783450	11	0.1188118811881188	0.20698924731182797	9	0	0	1
O=C(NCCN1CCN(CC1)C2=NC=NN3C2=NC=C3)C4CCCN5C4=CC=N5 m_276450__18755804__14203920__28202336	12	0.1188118811881188	0.1983695652173913	10	0	0	1
C#CCOC1=CC(=C(C(=C1)C)CN2CCN(CC2)C3=CN=CC4=NC=NN34)C s_270004__9417640__24720298	12	0.1188118811881188	0.14792899408284024	8	0	2	0
CC1=NC2=C(C=C1C(=O)NC3CCN(CC3)C4=NC=NC5=CC=NN45)CCCN2 m_276450__14192934__27783770__28204284	12	0.11818181818181818	0.20365535248041775	9	0	1	1
NC1=CC2=C(C=C1C(=O)NC3CCN(CC3)C4=C5N=CN=C5N=CN4)CCCC2 s_240690__7402370__16766576	12	0.11764705882352941	0.20857142857142857	9	0	1	1
O=C(NC1CCN(CC1)C2=C3N=CN=C3N=CN2)C4=CC5=C(C=C4O)CCCC5 s_22__3225174__7552496	12	0.11764705882352941	0.19444444444444445	9	0	1	1
O=C(NCCC1CCN(CC1)C2=CC=NC3=CC=NN23)C4CCCC5=NC=NN45 m_276450__14193098__18783510__28201460	12	0.11764705882352941	0.18635170603674542	9	0	1	1
O=C(NCCN1CCN(CC1)C2=NC=NN3C2=CC=C3)C4CCCN5C4=NC=C5 m_276450__18755804__27794386__18941674	10	0.11764705882352941	0.22662889518413598	7	0	1	1
O=C(NCCC1CCN(CC1)C2=CC=NC3=CC=NN23)C4=C5CCCCN5C=C4 m_276450__14193098__14206410__28201460	11	0.11764705882352941	0.165374677002584	9	0	0	1
O=C(C1=C(CCOC1)Cl)N2CC[C@H](C2)N3CCN(CC3)C4=NC=NN5C4=NC=C5 m_276450__27869470__27794768__28202336	12	0.11764705882352941	0.2724458204334365	9	0	1	2
C#CCOC1=CC(=C(C(=C1)C)CN2CCN(CC2)C3=C4C=CN=C4NC=N3)C s_270004__24159310__24720298	11	0.11764705882352941	0.18654434250764526	7	0	2	0
CCN1CCOCC1C(=O)NCCN2CCN(CC2)C3=CC=NC4=NC=CN34 m_276450__18755804__14204356__28204368	10	0.11650485436893204	0.19795221843003413	7	0	1	0
N#CC1=CC2=C(CCCC2)N=C1NCC3CCN(CC3)C4=NC=NC5=C4C=CN5 s_27__16803670__210463	11	0.11650485436893204	0.1928374655647383	8	0	1	0
N#CC1=C2CCCCC2=CN=C1NCC3CCN(CC3)C4=NC=NC5=C4C=CN5 s_27__16803670__27424172	11	0.11650485436893204	0.19658119658119658	9	0	0	0
N#CC1=C2CCCCC2=NN=C1NCC3CCN(CC3)C4=NC=NC5=C4C=CN5 s_27__16803670__15704084	10	0.11650485436893204	0.2005420054200542	8	0	0	0
O=C(NCCN1CCN(CC1)C2=NC=NC3=CC=NN23)C4CCCN5C4=NC=C5 m_276450__18755804__27794386__28204284	11	0.11650485436893204	0.17002881844380405	8	0	1	1
O=C(NCCC1CCN(CC1)C2=CC=NC3=NC=CN23)C4=C5CCCCN5C=C4 m_276450__14193098__14206410__28204368	10	0.11650485436893204	0.1693548387096774	8	0	0	1
CC1CCCC=C1C(=O)N2CC[C@@H](C2)N3CCN(CC3)C4=CC=NC5=NC=NN45 m_276450__27869474__27795172__18783450	12	0.11650485436893204	0.27531645569620256	7	0	3	2
CC1CCCC=C1C(=O)N2CC[C@H](C2)N3CCN(CC3)C4=CC=NC5=NC=NN45 m_276450__27869470__27795172__18783450	12	0.11650485436893204	0.27531645569620256	7	0	3	2
CC1CCCC=C1C(=O)N2CC[C@H](C2)N3CCN(CC3)C4=NC=NN5C4=CC=C5 m_276450__27869470__27795172__18941674	12	0.11650485436893204	0.29874213836477986	7	0	3	2
[N-]=[N+]=N[C@H]1CCCC[C@H]1C(=O)NCCN2CCN(CC2)C3=CC=NC4=NC=CN34 m_276450__18755804__27784696__28204368	9	0.11538461538461539	0.23024054982817868	7	0	1	0
[N-]=[N+]=N[C@H]1CCCC[C@H]1C(=O)NCCN2CCN(CC2)C3=NC=CC4=CN=CN34 m_276450__18755804__27784696__28204286	10	0.11538461538461539	0.18771331058020477	8	0	1	0
[N-]=[N+]=N[C@H]1CCCC[C@H]1C(=O)NCCN2CCN(CC2)C3=NC=NC4=CC=NN34 m_276450__18755804__27784696__28204284	11	0.11538461538461539	0.18627450980392157	9	0	1	0
CCC1=C(CCCO1)C(=O)NCCC2CCN(CC2)C3=CC=NC4=CC=NN34 m_276450__14193098__27791440__28201460	11	0.11538461538461539	0.2245508982035928	8	0	1	0
O=C(NC1CCN(CC1)C2=CC=NC3=CC=NN23)C4=C(C5=C(C=C4)CCCC5)O m_276450__14192934__27800458__28201460	12	0.11538461538461539	0.1763085399449036	8	0	2	1
O=C(NCCN1CCN(CC1)C2=NC=NN3C2=CC=C3)C4CCOCC45CCC5 m_276450__18755804__27783116__18941674	12	0.11538461538461539	0.24050632911392406	8	0	2	1
O=C(NCCC1CCN(CC1)C2=NC=CC3=CN=CN23)C4CCCC5=NC=NN45 m_276450__14193098__18783510__28204286	12	0.11538461538461539	0.16576086956521738	9	0	1	1
O=C(NCCN1CCN(CC1)C2=CC=NC3=NC=CN23)C4CCCN5C4=NN=C5 m_276450__18755804__18783872__28204368	10	0.11538461538461539	0.2046783625730994	7	0	1	0
O=C(NCCC1CCN(CC1)C2=CC=NC3=NC=NN23)C4=C5CCCCN5C=C4 m_276450__14193098__14206410__18783450	11	0.11538461538461539	0.17447916666666666	9	0	0	1
O=C(NCCC1CCN(CC1)C2=NC=CC3=CN=CN23)C4=C5CCCCC5=CO4 m_276450__14193098__14201254__28204286	12	0.11538461538461539	0.16759776536312848	9	0	1	1
O=C(NCCC1CCN(CC1)C2=NC=NN3C2=CC=C3)C4=C5CCCCN5N=N4 m_276450__14193098__27785320__18941674	12	0.11538461538461539	0.19047619047619047	10	0	0	0
O=C(C1=C(CCOC1)Cl)N2CC[C@H](C2)N3CCN(CC3)C4=NC=CC5=CN=CN45 m_276450__27869470__27794768__28204286	11	0.11538461538461539	0.2564102564102564	8	0	1	2
CCN1CCOCC1CC(=O)NCCN2CCN(CC2)C3=NC=CC4=CN=CN34 m_276450__18755804__27786920__28204286	12	0.11428571428571428	0.16776315789473684	9	0	2	0
NC1=C(C=CC2=C1CCCC2)C(=O)NC3CCN(CC3)C4=C5N=CN=C5N=CN4 s_22__3225174__21057206	12	0.11428571428571428	0.21142857142857144	9	0	1	1
O=C(NC1CCN(CC1)C2=C3N=CN=C3N=CN2)C4=C(C5=C(C=C4)CCCC5)O s_22__3225174__8750606	12	0.11428571428571428	0.19722222222222222	8	0	2	1
CN(CCC1CCN(CC1)C2=NC=NN3C2=NC=C3)C(=O)C4CCCCN4C m_276450__14193134__14206930__28202336	12	0.1134020618556701	0.21180555555555555	10	0	0	0
CCC1=C(CCCO1)C(=O)NCCC2CCN(CC2)C3=NC=NC4=CC=NN34 m_276450__14193098__27791440__28204284	12	0.11320754716981132	0.20426829268292682	9	0	1	0
C[C@H](CN1CCN(CC1)C2=NC=NN3C2=NC=C3)NC(=O)[C@H]4CCCC[C@H]4N=[N+]=[N-] m_276450__27871500__27784696__28202336	12	0.11320754716981132	0.21122112211221122	9	0	1	1
NC1=C(C=CC2=C1CCCC2)C(=O)NC3CCN(CC3)C4=NC=NN5C4=CC=C5 m_276450__14192934__27783490__18941674	12	0.11320754716981132	0.2084507042253521	9	0	1	1
C1=NC2=NC=NC2=C(N1)N3CCC(CC3)NCC4=CC=C5CCCCC5=C4 s_270004__23845418__10429812	10	0.11224489795918367	0.17771084337349397	8	0	0	2
O=C(C=C1CCCCC1)N2CC[C@H](C2)N3CCN(CC3)C4=CC=NC5=NC=NN45 m_276450__27869470__14200008__18783450	12	0.11224489795918367	0.2597402597402597	9	0	1	1
CN1CCCCC1C(=O)N2CCC3(CC2)CCN(CC3)C4=CC=NC5=NC=CN45 m_276450__18955116__14206930__28204368	11	0.11224489795918367	0.21942446043165467	8	0	1	1
CN1CCCCC1C(=O)N2CCC3(CC2)CCN(CC3)C4=CC=NC5=NC=NN45 m_276450__18955116__14206930__18783450	12	0.11224489795918367	0.22033898305084745	9	0	1	1
CN1CCCC[C@@H]1C(=O)N2CCC3(CC2)CCN(CC3)C4=CC=NC5=NC=CN45 m_276450__18955116__18957698__28204368	11	0.11224489795918367	0.21942446043165467	8	0	1	1
CN1CCCC[C@@H]1C(=O)N2CCC3(CC2)CCN(CC3)C4=NC=CC5=CN=CN45 m_276450__18955116__18957698__28204286	12	0.11224489795918367	0.18996415770609318	9	0	1	1
CN1CCCC[C@H]1C(=O)N2CCC3(CC2)CCN(CC3)C4=CC=NC5=NC=NN45 m_276450__18955116__14206714__18783450	12	0.11224489795918367	0.22033898305084745	9	0	1	1
[N-]=[N+]=N[C@H]1CCCC[C@H]1C(=O)NCCN2CCN(CC2)C3=NC=NN4C3=CC(=C4)Cl m_276450__18755804__27784696__28202766	11	0.11214953271028037	0.24624624624624625	8	0	1	1
CC1=NC2=NC=CN2C(=C1)N3CCC(CC3)CCNC(=O)[C@H]4CCCC[C@H]4N=[N+]=[N-] m_276450__14193098__27784696__28204332	11	0.11214953271028037	0.19934640522875818	8	0	1	1
NC1=NC2=C(C=C1C(=O)NC3CCN(CC3)C4=C5N=CN=C5N=CN4)CCCC2 s_22__3225174__16783538	11	0.11214953271028037	0.18159203980099503	8	0	1	1
N#CC1=CC2=C(CCSC2)N=C1NCC3CCN(CC3)C4=NC=NC5=C4C=CN5 s_27__16803670__17068690	12	0.11214953271028037	0.185378590078329	9	0	1	0
CN(CCC1CCN(CC1)C2=CC=NC3=NC=CN23)C(=O)[C@@H]4CCCCN4C m_276450__14193134__14206714__28204368	10	0.1111111111111111	0.21942446043165467	8	0	0	0
CN(CCC1CCN(CC1)C2=CC=NC3=NC=NN23)C(=O)[C@@H]4CCCCN4C m_276450__14193134__14206714__18783450	11	0.1111111111111111	0.22033898305084745	9	0	0	0
CN(CCC1CCN(CC1)C2=NC=CC3=CN=CN23)C(=O)C4CCCCN4C m_276450__14193134__14206930__28204286	11	0.1111111111111111	0.18996415770609318	9	0	0	0
CN(CCC1CCN(CC1)C2=NC=NC3=CC=NN23)C(=O)[C@H]4CCCCN4C m_276450__14193134__18957698__28204284	12	0.1111111111111111	0.1903114186851211	10	0	0	0
CN(CCC1CCN(CC1)C2=NC=NN3C2=CC=C3)C(=O)[C@H]4CCCCN4C m_276450__14193134__18957698__18941674	11	0.1111111111111111	0.24414715719063546	9	0	0	0
C[C@H](CN1CCN(CC1)C2=NC=NC3=CC=NN23)NC(=O)[C@H]4CCCC[C@H]4N=[N+]=[N-] m_276450__27871500__27784696__28204284	12	0.1111111111111111	0.18627450980392157	9	0	1	1
O=C(NC1=CC2=C(CCCC2)N=C1Cl)C3CCN(CC3)C4=CN=CC5=NN=NN45 s_11__25823018__14916382	12	0.1111111111111111	0.19743589743589743	9	0	1	1
O=C1NC2=C(C=C1NC(=O)N3CCN(CC3)C4=C5C=CN=C5NC=N4)CCCC2 s_2430__11680994__22577650	10	0.1111111111111111	0.273224043715847	6	0	2	1
O=C1NC2=C(C=C1NC(=O)N3CCN(CC3)C4=CN=CC5=NC=NN45)CCCC2 s_2430__11680994__9417634	11	0.1111111111111111	0.24390243902439024	7	0	2	1
O=C1NC2=C(C=C1NC(=O)N3CCN(CC3)C4=CN=CC5=NN=NN45)CCCC2 s_2430__11680994__18364008	12	0.1111111111111111	0.23513513513513515	8	0	2	1
O=C1NC2=C(C=C1C(=O)NC3CCN(CC3)C4=CC=NC5=CC=NN45)CCCC2 m_276450__14192934__14201516__28201460	12	0.1111111111111111	0.22562674094707522	8	0	2	1
O=C(C=C1CCCCC1)N2CC[C@@H](C2)N3CCN(CC3)C4=NC=NN5C4=CC=C5 m_276450__27869474__14200008__18941674	12	0.1111111111111111	0.2838709677419355	9	0	1	1
O=C(CC1=CCCCC1)N2CC[C@H](C2)N3CCN(CC3)C4=CC=NC5=CC=NN45 m_276450__27869470__14200074__28201460	12	0.1111111111111111	0.25316455696202533	9	0	1	1
O=C(NC1CCN(CC1)C2=CC=NC3=NC=CN23)C4=CC5=C(C=C4F)NCCC5 m_276450__14192934__27781052__28204368	12	0.11009174311926606	0.20348837209302326	9	0	1	1
O=C(CN1CCOCC1=O)NCCN2CCN(CC2)C3=CC=NC4=NC=CN34 m_276450__18755804__14206022__28204368	11	0.11	0.17482517482517482	9	0	0	0
O=C(CN1CCOCC1=O)NCCN2CCN(CC2)C3=CC=NC4=NC=NN34 m_276450__18755804__14206022__18783450	12	0.11	0.16883116883116883	10	0	0	0
CCOC1=CC=CC(=N1)N2CCC(CC2)NCC3=C(C4=C(C=C3)CCCC4)O s_270004__23844396__24596084	11	0.11	0.18181818181818182	5	1	3	1
CN1CCCCC1C(=O)N2CC[C@@H](C2)N3CCN(CC3)C4=CC=NC5=CC=NN45 m_276450__27869474__14206930__28201460	11	0.11	0.23432343234323433	8	0	1	2
CN1CCCCC1C(=O)N2CC[C@@H](C2)N3CCN(CC3)C4=NC=NN5C4=NC=C5 m_276450__27869474__14206930__28202336	12	0.11	0.22448979591836735	9	0	1	2
CN1CCCC[C@@H]1C(=O)N2CC[C@H](C2)N3CCN(CC3)C4=NC=NN5C4=NC=C5 m_276450__27869470__18957698__28202336	12	0.11	0.22448979591836735	9	0	1	2
CN1CCCC[C@H]1C(=O)N2CC[C@H](C2)N3CCN(CC3)C4=NC=NN5C4=NC=C5 m_276450__27869470__14206714__28202336	12	0.11	0.22448979591836735	9	0	1	2
CCN(CC1CCN(CC1)C2=CC=NC3=CC=NN23)C(=O)C4CCCCN4C m_276450__14193364__14206930__28201460	12	0.11	0.2222222222222222	9	0	1	0
CN1CCCCC1CC(=O)NCCC2CCN(CC2)C3=CC=NC4=CC=NN34 m_276450__14193098__27801120__28201460	12	0.10891089108910891	0.18211920529801323	8	0	2	0
O=C1NC2=C(C=C1C(=O)NC3CCN(CC3)C4=C5N=CN=C5N=CN4)CCCC2 s_22__3225174__4555110	12	0.10891089108910891	0.23876404494382023	8	0	2	1
O=C1NC2=C(C=C1C(=O)NC3CCN(CC3)C4=CC=NC5=NC=CN45)CCCC2 m_276450__14192934__14201516__28204368	11	0.10891089108910891	0.2287390029325513	7	0	2	1
O=C(NCCC1CCN(CC1)C2=CC=NC3=NC=CN23)C4CCCC5N4CCC5 m_276450__14193098__14204648__28204368	11	0.10891089108910891	0.21631205673758866	8	0	1	2
O=C(NCCC1CCN(CC1)C2=NC=NN3C2=CC=C3)C4CCCC5N4CCC5 m_276450__14193098__14204648__18941674	12	0.10891089108910891	0.24092409240924093	9	0	1	2
O=C(CC1=CCCCC1)N2CC[C@@H](C2)N3CCN(CC3)C4=CC=NC5=NC=NN45 m_276450__27869474__14200074__18783450	12	0.10891089108910891	0.25477707006369427	9	0	1	1
N#CC1=CC=CC=C1N2CCC(CC2)NCC3=C(C4=C(C=C3Br)OCCO4)Cl s_207__21548606__26990598	12	0.10784313725490197	0.18238993710691823	9	0	1	1
C1=CC2=C(N1)N=CN=C2N3CCC(CC3)CNC4=NC=C5COCCC5=N4 s_27__16803670__14591802	12	0.10784313725490197	0.17008797653958943	10	0	0	0
O=C(CC1=CCCCC1)N2CC[C@H](C2)N3CCN(CC3)C4=NC=CC5=CN=CN45 m_276450__27869470__14200074__28204286	12	0.10784313725490197	0.22895622895622897	9	0	1	1
CN1CCCCC1C(=O)N2CC[C@@H](C2)N3CCN(CC3)C4=CC=NC5=NC=NN45 m_276450__27869474__14206930__18783450	11	0.10784313725490197	0.23588039867109634	8	0	1	2
CN1CCCCC1C(=O)N2CC[C@@H](C2)N3CCN(CC3)C4=NC=NC5=CC=NN45 m_276450__27869474__14206930__28204284	12	0.10784313725490197	0.19932432432432431	9	0	1	2
CN1CCCCC1C(=O)N2CC[C@H](C2)N3CCN(CC3)C4=NC=NN5C4=CC=C5 m_276450__27869470__14206930__18941674	11	0.10784313725490197	0.2631578947368421	8	0	1	2
CN1CCCC[C@@H]1C(=O)N2CC[C@@H](C2)N3CCN(CC3)C4=NC=CC5=CN=CN45 m_276450__27869474__18957698__28204286	11	0.10784313725490197	0.20141342756183744	8	0	1	2
CN1CCCC[C@@H]1C(=O)N2CC[C@H](C2)N3CCN(CC3)C4=CC=NC5=NC=NN45 m_276450__27869470__18957698__18783450	11	0.10784313725490197	0.23588039867109634	8	0	1	2
CN1CCCC[C@@H]1C(=O)N2CC[C@H](C2)N3CCN(CC3)C4=NC=CC5=CN=CN45 m_276450__27869470__18957698__28204286	11	0.10784313725490197	0.20141342756183744	8	0	1	2
CN1CCCC[C@@H]1C(=O)N2CC[C@H](C2)N3CCN(CC3)C4=NC=NN5C4=CC=C5 m_276450__27869470__18957698__18941674	11	0.10784313725490197	0.2631578947368421	8	0	1	2
CN1CCCC[C@H]1C(=O)N2CC[C@@H](C2)N3CCN(CC3)C4=CC=NC5=NC=CN45 m_276450__27869474__14206714__28204368	10	0.10784313725490197	0.24555160142348753	7	0	1	2
CN1CCCC[C@H]1C(=O)N2CC[C@@H](C2)N3CCN(CC3)C4=NC=NC5=CC=NN45 m_276450__27869474__14206714__28204284	12	0.10784313725490197	0.19932432432432431	9	0	1	2
CCN(CC1CCN(CC1)C2=CC=NC3=NC=CN23)C(=O)[C@H]4CCCCN4C m_276450__14193364__18957698__28204368	11	0.10784313725490197	0.23104693140794225	8	0	1	0
CCN(CC1CCN(CC1)C2=NC=CC3=CN=CN23)C(=O)C4CCCCN4C m_276450__14193364__14206930__28204286	12	0.10784313725490197	0.2014388489208633	9	0	1	0
CCN(CC1CCN(CC1)C2=NC=NN3C2=CC=C3)C(=O)C4CCCCN4C m_276450__14193364__14206930__18941674	12	0.10784313725490197	0.25418060200668896	9	0	1	0
CCN1CCCCC1C(=O)NCCC2CCN(CC2)C3=NC=NN4C3=CC=C4 m_276450__14193098__14205232__18941674	11	0.10679611650485436	0.24414715719063546	8	0	1	0
O=CN1CCOCC1C(=O)NCCN2CCN(CC2)C3=CC=NC4=NC=CN34 m_276450__18755804__27784776__28204368	10	0.10679611650485436	0.20408163265306123	8	0	0	1
CN1CCCCC1CC(=O)NCCC2CCN(CC2)C3=NC=NN4C3=CC=C4 m_276450__14193098__27801120__18941674	12	0.10679611650485436	0.2138157894736842	8	0	2	0
O=C(CN1C(=O)C2CCCCC2C1=O)N3CCN(CC3)C4=CN=CC5=NC=NN45 s_527__9417630__156526	11	0.10638297872340426	0.22077922077922077	7	0	2	0
O=C(CN1C(=O)C2CCCCC2C1=O)N3CCN(CC3)C4=CN=CC5=NN=NN45 s_527__18364004__156526	12	0.10638297872340426	0.20512820512820512	8	0	2	0
CC1=NC2=CC=CC=C2C=C1CNC3CCN(CC3)C4=C5N=CN=C5N=CN4 s_270004__23845418__17632470	12	0.10576923076923077	0.1676470588235294	7	0	4	1
COCC1=C(C=C(C(=C1C)CNC2CCN(CC2)C3=C4N=CN=C4N=CN3)C)C s_270004__23845418__12905998	11	0.10576923076923077	0.17220543806646527	10	0	0	2
C1=NC2=NC=NC2=C(N1)N3CCC(CC3)NCC4=CC=C5CCCOC5=C4 s_270004__23845418__24173844	11	0.10576923076923077	0.16901408450704225	9	0	0	2
C1=NC2=NC=NC2=C(N1)N3CCC(CC3)NCC4=CC=C5OCCCC5=C4 s_270004__23845418__13262986	11	0.10576923076923077	0.18285714285714286	9	0	0	2
CCCCN1CCCCC1C(=O)NCCC2CCN(CC2)C3=CC=NC4=NC=NN34 m_276450__14193098__28192490__18783450	12	0.10576923076923077	0.22033898305084745	9	0	1	1
O=C(CN1C(=O)C2CCCCC2C1=O)N3CCN(CC3)C4=C5C=CN=C5NC=N4 s_11__22168874__54031	10	0.10526315789473684	0.2724252491694352	6	0	2	0
C=CN1N=NC=C1C(=O)N2CCC(CC2)CCNC(=O)[C@H]3CCCC[C@H]3N=[N+]=[N-] m_275592__14114834__18923578__25326696	12	0.10476190476190476	0.16271186440677965	9	0	1	1
O=C(NCCN1CCN(CC1)C2=CC=NC3=NC=CN23)C4COCCN4CC(F)F m_276450__18755804__14205390__28204368	12	0.10377358490566038	0.2	9	0	1	0
CCCN1CCCCC1C(=O)NCC(C)N2CCN(CC2)C3=CC=NC4=NC=CN34 m_276450__27870786__27809982__28204368	10	0.10377358490566038	0.24	7	0	1	1
O=C(C1=C(C2=C(C=C1Br)OCCO2)Cl)N3CCN(CC3)C4=C5C=CN=C5NC=N4 s_22__15608426__26978044	12	0.10377358490566038	0.20266666666666666	9	0	1	0
O=C(NCCC1CCN(CC1)C2=NC=CC3=CN=CN23)C4CCCC5=C4N=CS5 m_276450__14193098__27786258__28204286	11	0.10377358490566038	0.17777777777777778	8	0	1	1
CN(CCC1CCN(CC1)C2=CC=NC3=NC=CN23)C(=O)CC4CCCCC4 m_276450__14193134__14199844__28204368	12	0.10309278350515463	0.18345323741007194	8	0	2	0
CCCOC1=CC=C(C(=C1)C)CNC2CCN(CC2)C3=C4N=CN=C4N=CN3 s_270004__23845418__11986782	11	0.102803738317757	0.1761194029850746	9	0	0	2
N#CC1=CC2=C(CCOC2)N=C1NCC3CCN(CC3)C4=NC=NC5=C4C=CN5 s_27__16803670__10688934	12	0.102803738317757	0.17941952506596306	9	0	1	0
N#CC1=CC2=C(COCC2)N=C1NCC3CCN(CC3)C4=NC=NC5=C4C=CN5 m_27__16803670__15704064	12	0.102803738317757	0.18421052631578946	9	0	1	0
CC(CC1CCCCC1)C(=O)NCC2CCN(CC2)C3=CC=NC4=CC=NN34 m_276450__14192936__14203192__28201460	12	0.10204081632653061	0.1891891891891892	8	0	2	0
CCOC1=CC=CC(=N1)N2CCC(CC2)NCC3=CC4=C(C=C3C)OCCO4 s_207__26105178__27080120	12	0.10204081632653061	0.18095238095238095	7	1	2	1
CC1CCCCC1C(=O)N(C)CCC2CCN(CC2)C3=NC=NN4C3=NC=C4 m_276450__14193134__14202220__28202336	12	0.10204081632653061	0.18118466898954705	9	0	1	0
CC1CCCCC1C(=O)N2CCC3(CC2)CCN(CC3)C4=CC=NC5=NC=NN45 m_276450__18955116__14202220__18783450	12	0.10204081632653061	0.18983050847457628	8	0	2	1
CCCOC1=CC=C(C(=C1)O)CNC2CCN(CC2)C3=C4N=CN=C4N=CN3 s_270004__23845418__7548594	12	0.10185185185185185	0.17964071856287425	9	0	1	2
CN(CCC1CCN(CC1)C2=CC=NC3=CC=NN23)C(=O)C4CCCCC4F m_276450__14193134__27781992__28201460	11	0.10101010101010101	0.17647058823529413	8	0	1	0
CN(CCC1CCN(CC1)C2=CC=NC3=CC=NN23)C(=O)C4CCCCC4O m_276450__14193134__27808288__28201460	11	0.10101010101010101	0.17763157894736842	8	0	1	0
CN(CCC1CCN(CC1)C2=NC=NN3C2=NC=C3)C(=O)[C@H]4CCCC[C@H]4O m_276450__14193134__27785808__28202336	12	0.10101010101010101	0.1836734693877551	9	0	1	0
CCOC1=CC=CC(=N1)N2CCC(CC2)NCC3=C(C(=C(C=C3C)C)COC)C s_270004__23844396__12905998	12	0.10101010101010101	0.1757188498402556	7	1	2	2
C[C@H](CC1CCCCC1)C(=O)NCC2CCN(CC2)C3=NC=CC4=CN=CN34 m_276450__14192936__14201338__28204286	12	0.1	0.16546762589928057	8	0	2	0
CC1CCCCC1C(=O)N(C)CCC2CCN(CC2)C3=NC=NC4=CC=NN34 m_276450__14193134__14202220__28204284	12	0.1	0.15570934256055363	9	0	1	0
C1=NC2=NC=NC2=C(N1)N3CCC(CC3)NCC4=CC=C5OCCOC5=C4 s_270004__23845418__7454720	12	0.1	0.1804733727810651	10	0	0	2
O=C(NC1=CN=C2C=CC=CN2C1=O)N3CCN(CC3)C4=CN=CC5=NC=NN45 s_2430__22529678__9417634	12	0.1	0.2559366754617414	5	0	5	1
CC1CCCCC1C(=O)N2CC[C@@H](C2)N3CCN(CC3)C4=CC=NC5=CC=NN45 m_276450__27869474__14202220__28201460	11	0.1	0.22847682119205298	7	0	2	2
CCC1CCCCC1C(=O)NCCC2CCN(CC2)C3=CC=NC4=CC=NN34 m_276450__14193098__14201692__28201460	11	0.09900990099009901	0.17845117845117844	7	0	2	0
CN(CCC1CCN(CC1)C2=CC=NC3=NC=CN23)C(=O)[C@H]4CCCC[C@H]4O m_276450__14193134__27785808__28204368	10	0.09900990099009901	0.17832167832167833	7	0	1	0
CN(CCC1CCN(CC1)C2=CC=NC3=NC=NN23)C(=O)C4CCCCC4O m_276450__14193134__27808288__18783450	11	0.09900990099009901	0.1893687707641196	8	0	1	0
CN(CCC1CCN(CC1)C2=NC=CC3=CN=CN23)C(=O)[C@@H]4CCCC[C@H]4O m_276450__14193134__27798274__28204286	11	0.09900990099009901	0.15331010452961671	8	0	1	0
CN(CCC1CCN(CC1)C2=NC=NC3=CC=NN23)C(=O)C4CCCCC4F m_276450__14193134__27781992__28204284	12	0.09900990099009901	0.15436241610738255	9	0	1	0
CN(CCC1CCN(CC1)C2=NC=NC3=CC=NN23)C(=O)[C@@H]4CCCC[C@H]4O m_276450__14193134__27798274__28204284	12	0.09900990099009901	0.15593220338983052	9	0	1	0
CN(CCC1CCN(CC1)C2=NC=NN3C2=CC=C3)C(=O)C4CCCCC4O m_276450__14193134__27808288__18941674	11	0.09900990099009901	0.2098360655737705	8	0	1	0
O=C(NC1=CN=C2C=CC=CN2C1=O)N3CCN(CC3)C4=C5C=CN=C5NC=N4 s_2430__22529678__22577650	11	0.09900990099009901	0.28763440860215056	4	0	5	1
CCN(CC1CCN(CC1)C2=CC=NC3=CC=NN23)C(=O)C4CCCCC4F m_276450__14193364__27781992__28201460	12	0.09900990099009901	0.18688524590163935	8	0	2	0
CCN(CC1CCN(CC1)C2=CC=NC3=CC=NN23)C(=O)C4CCCCC4O m_276450__14193364__27808288__28201460	12	0.09900990099009901	0.18811881188118812	8	0	2	0
CC1=CC2=C(C=C1CNC3CCN(CC3)C4=C5N=CN=C5N=CN4)OCCO2 s_207__26103832__27080120	11	0.09803921568627451	0.18128654970760233	10	0	0	1
OC1=C(C=CC2=C1CCCC2)CNC3CCN(CC3)C4=C5N=CN=C5N=CN4 s_270004__23845418__24596084	10	0.09803921568627451	0.17714285714285713	8	0	1	1
CCOC1=CC=CC(=N1)N2CCC(CC2)NCC3=C(C4=C(C=C3)CNCC4)C s_271302__25707162__25926038	12	0.09803921568627451	0.175	7	1	2	1
COC1=CC=CC(=C1)N2CCC(CC2)NCC3=C(C4=C(C=C3Br)OCCO4)Cl s_207__2206506__26990598	12	0.09803921568627451	0.17834394904458598	8	1	1	1
COC1=CC(=C(C=C1OC)CNC2CCN(CC2)C3=C4N=CN=C4N=CN3)C s_270004__23845418__7549262	12	0.09803921568627451	0.17325227963525835	10	0	0	3
C1=NC2=NC=NC2=C(N1)N3CCC(CC3)NCC4=CC=C5CCNCC5=C4 s_271302__25409304__11953826	11	0.09803921568627451	0.16566265060240964	9	0	0	2
C1=NC2=NC=NC2=C(N1)N3CCC(CC3)NCC4=CC=C5CNCCC5=C4 s_271302__25409304__15423092	11	0.09803921568627451	0.16766467065868262	9	0	0	2
CC1CCCCC1C(=O)N2CC[C@@H](C2)N3CCN(CC3)C4=CC=NC5=NC=NN45 m_276450__27869474__14202220__18783450	11	0.09803921568627451	0.2292358803986711	7	0	2	2
CC1CCCCC1C(=O)N2CC[C@H](C2)N3CCN(CC3)C4=NC=CC5=CN=CN45 m_276450__27869470__14202220__28204286	11	0.09803921568627451	0.19434628975265017	7	0	2	2
CC1CCCCC1C(=O)N2CC[C@H](C2)N3CCN(CC3)C4=NC=NN5C4=CC=C5 m_276450__27869470__14202220__18941674	11	0.09803921568627451	0.25742574257425743	7	0	2	2
CCN(CC1CCN(CC1)C2=NC=NN3C2=CC=C3)C(=O)C4CCCCC4C m_276450__14193364__14202220__18941674	12	0.09803921568627451	0.2214765100671141	8	0	2	0
CCC1CCCCC1C(=O)NCCC2CCN(CC2)C3=CC=NC4=NC=NN34 m_276450__14193098__14201692__18783450	11	0.0970873786407767	0.18983050847457628	7	0	2	0
CC(CN1CCOCC1)C(=O)NCC2CCN(CC2)C3=CC=NC4=NC=CN34 m_276450__14192936__14204274__28204368	12	0.0970873786407767	0.18556701030927836	9	0	1	0
CC(OC1CCCCC1)C(=O)NCC2CCN(CC2)C3=NC=NN4C3=CC=C4 m_276450__14192936__27800512__18941674	12	0.0970873786407767	0.20496894409937888	8	0	2	0
C1=NC2=NC=NC2=C(N1)N3CCC(CC3)NCC4=CC=C5CCOCC5=C4 s_270004__23845418__14589964	11	0.0970873786407767	0.16	9	0	0	2
C1=NC2=NC=NC2=C(N1)N3CCC(CC3)NCC4=CC=C5COCCC5=C4 s_270004__23845418__13907236	11	0.0970873786407767	0.1657142857142857	9	0	0	2
CCN(CC1CCN(CC1)C2=CC=NC3=NC=CN23)C(=O)C4CCCCC4F m_276450__14193364__27781992__28204368	11	0.0970873786407767	0.19298245614035087	7	0	2	0
CCN(CC1CCN(CC1)C2=CC=NC3=NC=CN23)C(=O)[C@H]4CCCC[C@H]4O m_276450__14193364__27785808__28204368	11	0.0970873786407767	0.18947368421052632	7	0	2	0
CCN(CC1CCN(CC1)C2=CC=NC3=NC=NN23)C(=O)[C@H]4CCCC[C@@H]4O m_276450__14193364__27784680__18783450	12	0.0970873786407767	0.2	8	0	2	0
CCN(CC1CCN(CC1)C2=NC=CC3=CN=CN23)C(=O)C4CCCCC4F m_276450__14193364__27781992__28204286	12	0.0970873786407767	0.16433566433566432	8	0	2	0
CCN(CC1CCN(CC1)C2=NC=CC3=CN=CN23)C(=O)C4CCCCC4O m_276450__14193364__27808288__28204286	12	0.0970873786407767	0.16433566433566432	8	0	2	0
CCN(CC1CCN(CC1)C2=NC=NN3C2=CC=C3)C(=O)C4CCCCC4O m_276450__14193364__27808288__18941674	12	0.0970873786407767	0.21967213114754097	8	0	2	0
CC1=C(C=CC2=C1CCNC2)CNC3CCN(CC3)C4=C5N=CN=C5N=CN4 s_271302__25409304__25926038	11	0.09615384615384616	0.17365269461077845	10	0	0	1
COC1CCCCC1C(=O)NCCC2CCN(CC2)C3=CC=NC4=NC=CN34 m_276450__14193098__14206084__28204368	10	0.09615384615384616	0.18027210884353742	7	0	1	0
CO[C@H]1CCCC[C@@H]1C(=O)NCCC2CCN(CC2)C3=NC=CC4=CN=CN34 m_276450__14193098__27790956__28204286	11	0.09615384615384616	0.15593220338983052	8	0	1	0
CO[C@H]1CCCC[C@H]1C(=O)NCCC2CCN(CC2)C3=CC=NC4=NC=CN34 m_276450__14193098__27782064__28204368	10	0.09615384615384616	0.18027210884353742	7	0	1	0
CO[C@H]1CCCC[C@H]1C(=O)NCCC2CCN(CC2)C3=NC=CC4=CN=CN34 m_276450__14193098__27782064__28204286	11	0.09615384615384616	0.15593220338983052	8	0	1	0
C[C@H]1OCCC[C@H]1C(=O)N(C)CCC2CCN(CC2)C3=NC=NN4C3=CC=C4 m_276450__14193134__27788150__18941674	12	0.09615384615384616	0.2197452229299363	9	0	1	0
CN(CCC1CCN(CC1)C2=CC=NC3=CC=NN23)C(=O)[C@H]4CCCC[C@H]4N=[N+]=[N-] m_276450__14193134__27784696__28201460	12	0.09615384615384616	0.18971061093247588	9	0	1	0
O=C(CC1=CCOCC1)N2CC[C@@H](C2)N3CCN(CC3)C4=CC=NC5=NC=CN45 m_276450__27869474__14202374__28204368	12	0.09615384615384616	0.26885245901639343	9	0	1	1
CC1=C(C=CC2=C1OCCO2)CNC3CCN(CC3)C4=C5N=CN=C5N=CN4 s_270004__23845418__24721074	12	0.09523809523809523	0.18208092485549132	11	0	0	1
O=C(NCCC1CCN(CC1)C2=CC=NC3=NC=NN23)C4CCCC5=C4N=CN5 m_276450__14193098__20152074__18783450	11	0.09523809523809523	0.19373219373219372	8	0	1	1
O=C(NCCC1CCN(CC1)C2=NC=NC3=CC=NN23)C4CCCC5=C4N=CN5 m_276450__14193098__20152074__28204284	12	0.09523809523809523	0.16473988439306358	9	0	1	1
C1=NC2=NC=NC2=C(N1)N3CCC(CC3)NCC4=CC=C5CCCOC5=N4 s_207__26103832__28667332	12	0.09433962264150944	0.16624685138539042	10	0	0	1
O=C(NCCC1CCN(CC1)C2=NC=CC3=CN=CN23)C4CCCC5=C4N=CN5 m_276450__14193098__20152074__28204286	11	0.09433962264150944	0.1632047477744807	8	0	1	1
CC1OCCCC1C(=O)N2CC[C@H](C2)N3CCN(CC3)C4=NC=CC5=CN=CN45 m_276450__27869470__14200316__28204286	12	0.09433962264150944	0.2059800664451827	8	0	2	2
CC1OCCCC1C(=O)N2CC[C@H](C2)N3CCN(CC3)C4=NC=NN5C4=CC=C5 m_276450__27869470__14200316__18941674	12	0.09433962264150944	0.26332288401253917	8	0	2	2
C[C@H]1OCCC[C@H]1C(=O)N2CC[C@@H](C2)N3CCN(CC3)C4=NC=NN5C4=CC=C5 m_276450__27869474__27788150__18941674	12	0.09433962264150944	0.26332288401253917	8	0	2	2
CCN(CC1CCN(CC1)C2=CC=NC3=NC=CN23)C(=O)[C@H]4CCCO[C@H]4C m_276450__14193364__27788150__28204368	12	0.09433962264150944	0.2	8	0	2	0
O=C(CN1C(=O)[C@H]2CC=CC[C@H]2C1=O)N3CCN(CC3)C4=C5C=CN=C5NC=N4 s_11__22168874__10564384	12	0.09375	0.2806451612903226	6	0	4	0
O=C([C@H]1CCCC[C@@H]1O)N2CCC3(CC2)CCN(CC3)C4=CC=NC5=CC=NN45 m_276450__18955116__27784680__28201460	12	0.09278350515463918	0.17763157894736842	8	0	2	1
ClC1=NC2=C(C=C1CNC3CCN(CC3)C4=C5N=CN=C5N=CN4)COCC2 s_270004__23845418__15505518	10	0.09259259259259259	0.15158924205378974	9	0	0	1
O=C(NCCC1CCN(CC1)C2=CC=NC3=NC=CN23)C4=C5CCOCC5=CO4 m_276450__14193098__14205410__28204368	12	0.09259259259259259	0.18157894736842106	9	0	1	1
O=C(C1CCCCC1O)N2CCC3(CC2)CCN(CC3)C4=CC=NC5=NC=CN45 m_276450__18955116__27808288__28204368	11	0.09090909090909091	0.17832167832167833	7	0	2	1
O=C(C1CCCCC1O)N2CCC3(CC2)CCN(CC3)C4=NC=NN5C4=CC=C5 m_276450__18955116__27808288__18941674	12	0.09090909090909091	0.2098360655737705	8	0	2	1
O=C([C@@H]1CCCC[C@H]1O)N2CCC3(CC2)CCN(CC3)C4=CC=NC5=NC=NN45 m_276450__18955116__27798274__18783450	12	0.09090909090909091	0.1893687707641196	8	0	2	1
O=C([C@@H]1CCCC[C@H]1O)N2CCC3(CC2)CCN(CC3)C4=NC=CC5=CN=CN45 m_276450__18955116__27798274__28204286	12	0.09090909090909091	0.15331010452961671	8	0	2	1
O=C([C@H]1CCCC[C@@H]1O)N2CCC3(CC2)CCN(CC3)C4=NC=CC5=CN=CN45 m_276450__18955116__27784680__28204286	12	0.09090909090909091	0.15331010452961671	8	0	2	1
O=C([C@H]1CCCC[C@H]1O)N2CCC3(CC2)CCN(CC3)C4=NC=NN5C4=CC=C5 m_276450__18955116__27785808__18941674	12	0.09090909090909091	0.2098360655737705	8	0	2	1
O=C(CC1CCCCC1)N2CC[C@@H](C2)N3CCN(CC3)C4=CC=NC5=NC=CN45 m_276450__27869474__14199844__28204368	12	0.09	0.23843416370106763	8	0	2	1
O=C(NC1CCN(CC1)C2=C3N=CN=C3N=CN2)C4=C(C5=C(CCNC5)N=C4)O s_240690__7402370__14390754	12	0.08928571428571429	0.18393782383419688	8	0	2	1
O=C(NCC1CCN(CC1)C2=CC=NC3=NC=CN23)C(O)CC4CCCCC4 m_276450__14192936__27805306__28204368	12	0.0891089108910891	0.1875	8	0	2	0
O=C(NCCC1CCN(CC1)C2=CC=NC3=NC=CN23)C4CCCCC4C5CC5 m_276450__14193098__14205338__28204368	11	0.0891089108910891	0.18345323741007194	7	0	2	1
O=C(NCCC1CCN(CC1)C2=CC=NC3=NC=NN23)C4CCCCC4C5CC5 m_276450__14193098__14205338__18783450	12	0.0891089108910891	0.18983050847457628	8	0	2	1
O=C(C=C1CCOCC1)N2CC[C@@H](C2)N3CCN(CC3)C4=CC=NC5=NC=CN45 m_276450__27869474__27813428__28204368	12	0.0891089108910891	0.25838926174496646	9	0	1	1
O=C(C1CCCCC1F)N2CC[C@@H](C2)N3CCN(CC3)C4=CC=NC5=CC=NN45 m_276450__27869474__27781992__28201460	11	0.0891089108910891	0.22508038585209003	7	0	2	2
O=C(C1CCCCC1O)N2CC[C@@H](C2)N3CCN(CC3)C4=NC=NN5C4=NC=C5 m_276450__27869474__27808288__28202336	12	0.0891089108910891	0.22333333333333333	8	0	2	2
O=C(C1CCCCC1O)N2CC[C@H](C2)N3CCN(CC3)C4=CC=NC5=CC=NN45 m_276450__27869470__27808288__28201460	11	0.0891089108910891	0.2297734627831715	7	0	2	2
O=C([C@@H]1CCCC[C@H]1O)N2CC[C@@H](C2)N3CCN(CC3)C4=CC=NC5=CC=NN45 m_276450__27869474__27798274__28201460	11	0.0891089108910891	0.2297734627831715	7	0	2	2
O=C([C@@H]1CCCC[C@H]1O)N2CC[C@H](C2)N3CCN(CC3)C4=NC=NN5C4=NC=C5 m_276450__27869470__27798274__28202336	12	0.0891089108910891	0.22333333333333333	8	0	2	2
O=C([C@H]1CCCC[C@H]1O)N2CC[C@@H](C2)N3CCN(CC3)C4=CC=NC5=CC=NN45 m_276450__27869474__27785808__28201460	11	0.0891089108910891	0.2297734627831715	7	0	2	2
O=C1NC2CCC1CC2C(=O)NCCC3CCN(CC3)C4=CC=NC5=CC=NN45 m_276450__14193098__27782922__28201460	12	0.08823529411764706	0.17857142857142858	8	0	2	1
O=C(CC1CCCNC1=O)NCCC2CCN(CC2)C3=CC=NC4=NC=CN34 m_276450__14193098__27782584__28204368	12	0.08737864077669903	0.213768115942029	9	0	1	0
O=C(NCC1CCN(CC1)C2=CC=NC3=NC=CN23)C(=CC4CCCCC4)F m_276450__14192936__27789818__28204368	11	0.08737864077669903	0.23809523809523808	8	0	1	0
O=C(NCC1CCN(CC1)C2=CC=NC3=NC=NN23)C(=CC4CCCCC4)F m_276450__14192936__27789818__18783450	12	0.08737864077669903	0.24115755627009647	9	0	1	0
CN(CCC1CCN(CC1)C2=CC=NC3=NC=CN23)C(=O)C4COCCN4C m_276450__14193134__14200248__28204368	11	0.08737864077669903	0.21548821548821548	9	0	0	0
CN(CCC1CCN(CC1)C2=NC=NN3C2=CC=C3)C(=O)C4COCCN4C m_276450__14193134__14200248__18941674	12	0.08737864077669903	0.24367088607594936	10	0	0	0
C[C@H]1OCCO[C@H]1C(=O)N(C)CCC2CCN(CC2)C3=CC=NC4=NC=CN34 m_276450__14193134__14206448__28204368	12	0.08737864077669903	0.18874172185430463	9	0	1	0
O=C(NCCC1CCN(CC1)C2=CC=NC3=NC=CN23)C4CCCCC45CCC5 m_276450__14193098__18937568__28204368	11	0.08737864077669903	0.18345323741007194	7	0	2	1
O=C(NCCC1CCN(CC1)C2=CC=NC3=NC=NN23)C4CCCN5C4=CC=N5 m_276450__14193098__14203920__18783450	12	0.08737864077669903	0.1897018970189702	10	0	0	1
O=C(C1CCCCC1F)N2CC[C@@H](C2)N3CCN(CC3)C4=NC=NC5=CC=NN45 m_276450__27869474__27781992__28204284	12	0.08737864077669903	0.1901639344262295	8	0	2	2
O=C(C1CCCCC1O)N2CC[C@@H](C2)N3CCN(CC3)C4=NC=NC5=CC=NN45 m_276450__27869474__27808288__28204284	12	0.08737864077669903	0.19536423841059603	8	0	2	2
O=C(C1CCCCC1O)N2CC[C@@H](C2)N3CCN(CC3)C4=NC=NN5C4=CC=C5 m_276450__27869474__27808288__18941674	11	0.08737864077669903	0.25806451612903225	7	0	2	2
O=C([C@@H]1CCCC[C@H]1O)N2CC[C@@H](C2)N3CCN(CC3)C4=CC=NC5=NC=CN45 m_276450__27869474__27798274__28204368	10	0.08737864077669903	0.23529411764705882	6	0	2	2
O=C([C@@H]1CCCC[C@H]1O)N2CC[C@@H](C2)N3CCN(CC3)C4=NC=NN5C4=CC=C5 m_276450__27869474__27798274__18941674	11	0.08737864077669903	0.25806451612903225	7	0	2	2
O=C([C@@H]1CCCC[C@H]1O)N2CC[C@H](C2)N3CCN(CC3)C4=NC=CC5=CN=CN45 m_276450__27869470__27798274__28204286	11	0.08737864077669903	0.1958762886597938	7	0	2	2
O=C([C@H]1CCCC[C@@H]1O)N2CC[C@H](C2)N3CCN(CC3)C4=CC=NC5=NC=NN45 m_276450__27869470__27784680__18783450	11	0.08737864077669903	0.23127035830618892	7	0	2	2
O=C([C@H]1CCCC[C@@H]1O)N2CC[C@H](C2)N3CCN(CC3)C4=NC=NN5C4=CC=C5 m_276450__27869470__27784680__18941674	11	0.08737864077669903	0.25806451612903225	7	0	2	2
O=C([C@H]1CCCC[C@H]1O)N2CC[C@@H](C2)N3CCN(CC3)C4=CC=NC5=NC=CN45 m_276450__27869474__27785808__28204368	10	0.08737864077669903	0.23529411764705882	6	0	2	2
O=C([C@H]1CCCC[C@H]1O)N2CC[C@H](C2)N3CCN(CC3)C4=CC=NC5=NC=NN45 m_276450__27869470__27785808__18783450	11	0.08737864077669903	0.23127035830618892	7	0	2	2
O=C([C@H]1CCCC[C@H]1O)N2CC[C@H](C2)N3CCN(CC3)C4=NC=NC5=CC=NN45 m_276450__27869470__27785808__28204284	12	0.08737864077669903	0.19536423841059603	8	0	2	2
O=C([C@H]1CCCC[C@H]1O)N2CC[C@H](C2)N3CCN(CC3)C4=NC=NN5C4=CC=C5 m_276450__27869470__27785808__18941674	11	0.08737864077669903	0.25806451612903225	7	0	2	2
O=C(C[C@H]1CCCC[C@H]1F)NCCC2CCN(CC2)C3=CC=NC4=NC=CN34 m_276450__14193098__27781330__28204368	12	0.08653846153846154	0.18596491228070175	9	0	1	0
CC1CCOCC1C(=O)N(C)CCC2CCN(CC2)C3=CC=NC4=NC=CN34 m_276450__14193134__27782246__28204368	11	0.08653846153846154	0.1945392491467577	8	0	1	0
CC1CCOCC1C(=O)N(C)CCC2CCN(CC2)C3=NC=NN4C3=CC=C4 m_276450__14193134__27782246__18941674	12	0.08653846153846154	0.22508038585209003	9	0	1	0
CN1CCOCC1C(=O)N2CC[C@H](C2)N3CCN(CC3)C4=CC=NC5=CC=NN45 m_276450__27869470__14200248__28201460	12	0.08653846153846154	0.22327044025157233	9	0	1	2
CC1CN2CCN1CC2C(=O)NCCC3CCN(CC3)C4=CC=NC5=NC=CN45 m_276450__14193098__27780752__28204368	12	0.08571428571428572	0.21830985915492956	9	0	1	0
O=C(NCCC1CCN(CC1)C2=NC=NC3=CC=NN23)C4CCCN5C4=NC=C5 m_276450__14193098__27794386__28204284	12	0.08571428571428572	0.1569767441860465	9	0	1	1
C[C@H]1OCCO[C@H]1C(=O)N2CC[C@@H](C2)N3CCN(CC3)C4=CC=NC5=NC=CN45 m_276450__27869474__14206448__28204368	12	0.08571428571428572	0.23278688524590163	8	0	2	2
BrC1=C(C=CC2=C1OCCO2)CNC3CCN(CC3)C4=C5N=CN=C5N=CN4 s_207__26103832__26940310	12	0.08490566037735849	0.18207282913165265	11	0	0	1
FC1=C(C=CC2=C1OCCO2)CNC3CCN(CC3)C4=C5N=CN=C5N=CN4 s_270004__23845418__16664914	12	0.08490566037735849	0.18028169014084508	11	0	0	1
O=C(NCCC1CCN(CC1)C2=CC=NC3=NC=NN23)C4CCCN5C4=NN=C5 m_276450__14193098__18783872__18783450	12	0.08490566037735849	0.1864406779661017	9	0	1	0
O=C(NCCC1CCN(CC1)C2=CC=NC3=NC=CN23)C4=C5NCCCN5N=C4 m_276450__14193098__27796260__28204368	12	0.08490566037735849	0.17287234042553193	10	0	0	0
CC1CCOCC1C(=O)N2CC[C@@H](C2)N3CCN(CC3)C4=NC=CC5=CN=CN45 m_276450__27869474__27782246__28204286	12	0.08490566037735849	0.2080536912751678	8	0	2	2
CN1CCOCC1C(=O)N2CC[C@@H](C2)N3CCN(CC3)C4=NC=CC5=CN=CN45 m_276450__27869474__14200248__28204286	12	0.08490566037735849	0.19205298013245034	9	0	1	2
CN1CCOCC1C(=O)N2CC[C@H](C2)N3CCN(CC3)C4=CC=NC5=NC=CN45 m_276450__27869470__14200248__28204368	11	0.08490566037735849	0.23076923076923078	8	0	1	2
CN1CCOCC1C(=O)N2CC[C@H](C2)N3CCN(CC3)C4=NC=NN5C4=CC=C5 m_276450__27869470__14200248__18941674	12	0.08490566037735849	0.253125	9	0	1	2
[N-]=[N+]=N[C@H]1CCCC[C@H]1C(=O)NCC2CCN(CC2)C3=CC=NC4=NC=NN34 m_276450__14192936__27784696__18783450	12	0.08490566037735849	0.2077922077922078	9	0	1	0
[N-]=[N+]=N[C@H]1CCCC[C@H]1C(=O)NCC2CCN(CC2)C3=NC=CC4=CN=CN34 m_276450__14192936__27784696__28204286	12	0.08490566037735849	0.17465753424657535	9	0	1	0
COCCN1N=C(C(=C1C)CNC2CCN(CC2)C3=C4N=CN=C4N=CN3)C s_270004__23845418__16661294	11	0.08490566037735849	0.1638888888888889	9	0	0	1
CCN(CC1CCN(CC1)C2=CC=NC3=NC=CN23)C(=O)C4COCCC4C m_276450__14193364__27782246__28204368	12	0.08490566037735849	0.2054794520547945	8	0	2	0
CCN1CCOCC1C(=O)NCCC2CCN(CC2)C3=CC=NC4=NC=NN34 m_276450__14193098__14204356__18783450	12	0.08411214953271028	0.21904761904761905	9	0	1	0
CCN1CCOCC1C(=O)NCCC2CCN(CC2)C3=NC=NN4C3=CC=C4 m_276450__14193098__14204356__18941674	12	0.08411214953271028	0.24290220820189273	9	0	1	0
C1=NC2=NC=NC2=C(N1)N3CCC(CC3)NCC4=CN=C5CCOCC5=C4 s_270004__23845418__16621826	10	0.08411214953271028	0.14578005115089515	8	0	0	2
O=C(NCCC1CCN(CC1)C2=CC=NC3=NC=CN23)C4CCOCC45CCC5 m_276450__14193098__27783116__28204368	12	0.08411214953271028	0.1891891891891892	8	0	2	1
[N-]=[N+]=N[C@H]1CCCC[C@H]1C(=O)NCCC2CCN(C2)C3=CC=NC4=CC=NN34 m_276450__14193272__27784696__28201460	12	0.08411214953271028	0.1987179487179487	9	0	1	0
CCN1CCOCC1CC(=O)NCCC2CCN(CC2)C3=CC=NC4=NC=CN34 m_276450__14193098__27786920__28204368	12	0.08256880733944955	0.18811881188118812	9	0	2	0
[N-]=[N+]=N[C@H]1CCCC[C@H]1C(=O)NCCC2CCN(C2)C3=NC=NN4C3=CC=C4 m_276450__14193272__27784696__18941674	12	0.08256880733944955	0.22929936305732485	9	0	1	0
COC1=NC(=C(C(=C1Cl)C)CNC2CCN(CC2)C3=C4N=CN=C4N=CN3)C s_270004__23845418__15096536	12	0.07207207207207207	0.1724137931034483	10	0	0	1
