alignment,dist,ecfp4,daylight,maj,min,hyb,sub
CC1=C(C(=O)N2CCCCC2=N1)CCN3CCN(CC3)C4=CC=CC5=C4C=CN5 s_2230__12304850__16949512,1,0.7014925373134329,0.7339055793991416,1,0,0,0
CC1=C(C(=O)N2CCCCC2=N1)CCN3CCN(CC3)C4=NC=NC5=C4C=CS5 s_2230__24395838__16949512,2,0.6911764705882353,0.6977611940298507,2,0,0,0
CC1=C(C(=O)N2CCCCC2=N1)CCN3CCN(CC3)C4=CC=CC5=C4C=NN5 s_2230__17793196__16949512,2,0.6764705882352942,0.7347826086956522,2,0,0,0
CC1=C(C(=O)N2C=CC=CC2=N1)CCN3CCN(CC3)C4=CC=CC5=C4C=CS5 s_2230__14793138__9780156,4,0.6714285714285714,0.7075098814229249,0,0,4,0
CC1=C(C(=O)N2CCCCC2=N1)CCN3C=C(N=N3)C4=CC=CC5=C4C=CS5 m_282512__24308046__24220098,5,0.6527777777777778,0.4953271028037383,3,0,1,0
CC1=C(C(=O)N2CCCCC2=N1)CCN3CCN(CC3)C4=CC=CC5=C4OC=C5 s_2230__28471962__16949512,2,0.6521739130434783,0.7359307359307359,2,0,0,0
CC1=CC=CC(=C1C)N2CCN(CC2)CCC3=C(N=C4CCCCN4C3=O)C s_2230__679276__16949512,4,0.6515151515151515,0.786046511627907,0,0,2,0
CC1=C(C(=O)N2CCCCC2=N1)CCN3CCN(CC3)C4=C(C(=CC=C4)Cl)Cl s_2230__14934458__16949512,4,0.6417910447761194,0.7522522522522522,2,0,0,0
CC1=C(C(=O)N2CCCCC2=N1)CCN3CCN(CC3)C4=C(C(=CC=C4)F)F s_2230__9292524__16949512,4,0.6417910447761194,0.7706422018348624,2,0,0,0
CC1=C(C(=O)N2CCCCC2=N1)CCN3CCN(CC3)C4=CC=CC(=C4C)Br s_2230__27708612__16949512,4,0.6323529411764706,0.75,1,0,1,0
CC1=C(C(=O)N2CCCCC2=N1)CCN3CCN(CC3)C4=CC=CC5=C4N=CN5 s_2230__13968354__16949512,2,0.6285714285714286,0.6842105263157895,2,0,0,0
COC1=CC=CC=C1N2CCN(CC2)CCC3=C(N=C4CCCCN4C3=O)C s_2230__665554__16949512,4,0.6268656716417911,0.7636363636363637,1,0,1,1
CC1=C(C(=O)N2CCCCC2=N1)CCN3CCN(CC3)C4=CC=CC=C4C#N s_2230__2561242__16949512,4,0.6176470588235294,0.7601809954751131,1,0,1,1
CC1=C(C(=O)N2CCCCC2=N1)CCN3CCN(CC3)C4=CC=CC5=C4NC(=O)N5 s_2230__13166788__16949512,3,0.6142857142857143,0.7016806722689075,2,0,0,1
CCOC1=CC=CC=C1N2CCN(CC2)CCC3=C(N=C4CCCCN4C3=O)C s_2230__665560__16949512,4,0.6086956521739131,0.7555555555555555,2,0,1,1
CC1=C(C(=O)N2CCCCC2=N1)CCN3CCN(CC3)C4=C(C(=CC=C4)F)C#N s_2230__665178__16949512,4,0.5972222222222222,0.7253218884120172,2,0,1,0
CC1=C(C(=O)N2CCCCC2=N1)CCN3CCN(CC3)C4=CC=CC=C4OC(F)F s_2230__2833942__16949512,5,0.5915492957746479,0.7379912663755459,2,0,1,1
CC1=C(C(=O)N2CCCCC2=N1)CCN3CCN(CC3)C4=CC=C5CCCC5=C4 s_2230__27337748__16949512,5,0.5882352941176471,0.7327586206896551,1,0,2,2
CC1=C(C(=O)N2CCCCC2=N1)CCN3CCN(CC3)C4=CC=CN=C4C#N s_2230__16516994__16949512,5,0.5833333333333334,0.6431372549019608,2,0,1,0
CCC1=CC=CC(=C1)N2CCN(CC2)CCC3=C(N=C4CCCCN4C3=O)C s_2230__25582804__16949512,4,0.5797101449275363,0.7706422018348624,0,0,2,1
CC1=C(C(=O)N2CCCCC2=N1)CCN3CCN(CC3)C4=CC=NC5=CC=CC=C45 s_2230__10117250__16949512,3,0.5774647887323944,0.7533039647577092,2,0,0,0
C#CC1=CC(=CC=C1)N2CCN(CC2)CCC3=C(N=C4CCCCN4C3=O)C s_2230__26079408__16949512,4,0.5633802816901409,0.7706422018348624,0,0,2,1
CC1=C(C(=O)N2CCCCC2=N1)CCN3CCN(CC3)C4=CC=CC(=C4)C#N s_2230__12551770__16949512,4,0.5633802816901409,0.7636363636363637,1,0,1,1
CC1=C(C(=O)N2CCCCC2=N1)CCN3CCN(CC3)C4=NSC5=CC=CC=C45 s_2230__13970256__16949512,5,0.5633802816901409,0.7269076305220884,3,0,0,2
CC1=C(C(=O)N2CCCCC2=N1)CCN3CCN(CC3)C4=NC5=CC=CC=C5S4 s_2230__7687160__16949512,5,0.5633802816901409,0.6387832699619772,3,0,0,3
CC1=C(C(=O)N2CCCCC2=N1)CCN3CCN(CC3)C4=C5C=NN(C5=NC=N4)C s_2230__665730__16949512,5,0.5616438356164384,0.5640138408304498,4,0,0,0
CC1=C(C(=O)N2CCCCC2=N1)CCN3CCN(CC3)C4=CC=C5NC=NC5=C4 s_2230__21218544__16949512,4,0.5616438356164384,0.6942148760330579,2,0,0,2
COCC1=CC=CC(=C1)N2CCN(CC2)CCC3=C(N=C4CCCCN4C3=O)C s_2230__26984180__16949512,4,0.5555555555555556,0.7433628318584071,2,0,1,1
CC1=C(C(=O)N2CCCCC2=N1)CCN3CCN(CC3)C4=CC=CC(=N4)C#N s_2230__15162876__16949512,5,0.547945205479452,0.6547619047619048,2,0,1,0
COC1=CC(=NC=N1)N2CCN(CC2)CCC3=C(N=C4CCCCN4C3=O)C s_2230__8799822__16949512,6,0.5416666666666666,0.6264591439688716,2,1,1,1
CC1=C(C(=O)N2CCCCC2=N1)CCN3CCN(CC3)C4=CN=CC=C4C#N s_2230__10433838__16949512,5,0.5405405405405406,0.6639676113360324,2,0,1,1
CC1=C(C(=O)N2CCCCC2=N1)CCN3CCN(CC3)C4=CC=NC5=CC(=CC=C45)Cl s_2230__7963106__16949512,4,0.5394736842105263,0.7166666666666667,2,0,0,1
CC1=C(C(=O)N2CCCCC2=N1)CCN3CCN(CC3)C4CC5=CC=CC=C5C4 s_2230__4821622__16949512,6,0.5362318840579711,0.6695652173913044,1,0,3,3
CC1=NN=C(C2=CC=CC=C12)N3CCN(CC3)CCC4=C(N=C5CCCCN5C4=O)C s_2230__22405758__16949512,5,0.5342465753424658,0.6666666666666666,3,0,0,1
COC1=CC=CN=C1N2CCN(CC2)CCC3=C(N=C4CCCCN4C3=O)C s_2230__21189704__16949512,5,0.527027027027027,0.6775510204081633,2,0,1,1
COC1=CC=NC(=C1)N2CCN(CC2)CCC3=C(N=C4CCCCN4C3=O)C s_2230__3392694__16949512,5,0.527027027027027,0.7016806722689075,1,1,1,1
CC1=C(C(=O)N2CCCCC2=N1)CCN3CCC(CC3)N4C=NC5=CC=CC=C45 s_2230__17309928__16949512,6,0.527027027027027,0.5555555555555556,4,0,0,2
CC1=C(C(=O)N2CCCCC2=N1)CCN3CCC(CC3)N4N=CC5=CC=CC=C45 s_2230__14471224__16949512,6,0.527027027027027,0.5610687022900763,4,0,0,2
CC1=C(C(=O)N2CCCCC2=N1)CCN3CCC(CC3)C4=CC=CC5=C4C=CN5 s_2230__13035036__16949512,2,0.5263157894736842,0.5787401574803149,2,0,0,0
CC1=C(C(=O)N2CCCCC2=N1)CCN3C=C(N=N3)C4=CC=CC5=C4SC=C5 s_274090__16949518__28725430,7,0.5256410256410257,0.4891640866873065,5,0,1,0
CC1=C(C(=O)N2CCCCC2=N1)CCN3CCC(CC3)N4CCC5=CC=CC=C45 s_2230__9819762__16949512,7,0.5205479452054794,0.6541666666666667,3,0,2,2
CC1=C(C(=O)N2CCCCC2=N1)CCN3CCN(CC3)C4=NC=CC=C4C#N s_2230__665518__16949512,5,0.52,0.6613545816733067,2,0,1,1
CC1=C(C(=O)N2CCCCC2=N1)CCN3CCN(CC3)C4=CC(=CC=N4)C#N s_2230__804578__16949512,5,0.52,0.6846473029045643,2,0,1,1
CC1=C(C(=O)N2CCCCC2=N1)CCN3CCN(CC3)C4=CC=NC(=C4)C#N s_2230__26079166__16949512,5,0.52,0.6721991701244814,2,0,1,1
O=C1C2=CC=CC=C2C(=O)N1CCN3CCN(CC3)C4=CC=CC5=C4C=CS5 s_2230__14793138__680282,8,0.515625,0.3765690376569037,3,0,4,0
COC1=CN=CC(=C1)N2CCN(CC2)CCC3=C(N=C4CCCCN4C3=O)C s_2230__12297314__16949512,5,0.5135135135135135,0.6546184738955824,1,1,1,1
CC1=C(C(=O)N2CCCCC2=N1)CCN3CCC(CC3)N4N=NC5=CC=CC=C45 s_2230__25583134__16949512,7,0.5135135135135135,0.5551330798479087,5,0,0,2
CCOC1=CC=CN=C1N2CCN(CC2)CCC3=C(N=C4CCCCN4C3=O)C s_2230__13138144__16949512,5,0.5131578947368421,0.6666666666666666,3,0,1,1
CC1=C(C(=O)N2CCCCC2=N1)CCN3CCC(CC3)CC4=CC=CC5=C4C=CN5 s_2230__26079434__16949512,3,0.5128205128205128,0.592,2,0,0,0
COC1=CC=NC(=N1)N2CCN(CC2)CCC3=C(N=C4CCCCN4C3=O)C s_2230__7460978__16949512,6,0.5066666666666667,0.6234817813765182,2,1,1,0
CC1=C(C(=O)N2C=CSC2=N1)CCN3CCN(CC3)C4=C5C=C(SC5=CC=C4)Br s_2230__22406464__10122656,5,0.5063291139240507,0.5616438356164384,1,0,2,1
CC1=C(C(=O)N2CCCCC2=N1)CCN3CCC(CC3)CC4=C5N=CN(C5=CC=C4)C m_2230__26079570__16949512,5,0.5063291139240507,0.5381818181818182,3,0,0,0
CC1=C(C(=O)N2C=CSC2=N1)CCN3CCN(CC3)C4=CC=CC5=C4C=CN5 s_2230__12304850__10122656,5,0.5,0.4389438943894389,2,0,2,0
CC1=C(C(=O)N2CCCCC2=N1)CCN3CCN(CC3)C4=NC=CN=C4C#N s_2230__20077358__16949512,6,0.5,0.5968992248062015,3,0,1,0
COC1=CN=CC(=N1)N2CCN(CC2)CCC3=C(N=C4CCCCN4C3=O)C s_2230__22407426__16949512,6,0.5,0.6015625,2,1,1,0
CC1=CC=CC(=C1C)C2CCN(CC2)CCC3=C(N=C4CCCCN4C3=O)C s_2230__13575530__16949512,5,0.5,0.6277056277056277,1,0,2,0
CC(=O)C1=CC=CC=C1NC(=O)CCCN2CCN(CC2)C3=CC=CC4=C3C=CS4 s_2230__14793138__11757162,10,0.5,0.4612068965517241,2,0,6,0
CCCCC1=NC(=C(C(=O)N1)CC(=O)N2CCN(CC2)C3=CC=CC4=C3C=CS4)C s_527__14793136__24335920,3,0.5,0.9056603773584906,0,0,1,2
CC1=C(C(=O)N2CCCCC2=N1)CCN3CCN(CC3)C4CCC5=CC=CC=C45 s_2230__22865356__16949512,6,0.5,0.6260162601626016,1,0,3,2
CC1=C(C(=O)N2CCCCC2=N1)CCN3CCN(CC3)C4=NC5=CC=CC=C5N4 s_2230__8124408__16949512,5,0.5,0.6375,3,0,0,3
CC1=C(C(=O)N2CCCCC2=N1)CCN3CCN(CC3)C4=NC5=CC=CC=C5O4 s_2230__3695184__16949512,5,0.5,0.5636363636363636,3,0,0,3
CCOC1=CC=NC(=N1)N2CCN(CC2)CCC3=C(N=C4CCCCN4C3=O)C s_2230__3695526__16949512,6,0.4935064935064935,0.60546875,2,1,2,0
CC1=C(C(=O)N2CCCCC2=N1)CCN3CC=C(CC3)C4=CC=CC5=CC=CC=C45 s_2230__2262196__16949512,4,0.4933333333333333,0.6324786324786325,2,0,1,0
COC1=CC=CC(=C1)C2CCN(CC2)CCC3=C(N=C4CCCCN4C3=O)C s_2230__2391464__16949512,5,0.4933333333333333,0.6092436974789915,1,1,1,1
CC1=C(C(=O)N2CCCCC2=N1)CCN3CCC(CC3)C4=C(C(=CC=C4)Cl)Cl s_2230__10391794__16949512,5,0.4933333333333333,0.6075949367088608,3,0,0,0
CC1=C(C(=O)N2CCCCC2=N1)CCN3CCC(CC3)C4=C(C(=CC=C4)F)F s_2230__11566760__16949512,5,0.4933333333333333,0.614406779661017,3,0,0,0
CC1=CC=CC(=C1C)C2=CCN(CC2)CCC3=C(N=C4CCCCN4C3=O)C s_2230__13451958__16949512,6,0.4868421052631579,0.5896414342629482,1,0,3,0
CC1=C(C(=O)N2C=CC=CC2=N1)CCN3CCN(CC3)C4=C5C=C(SC5=CC=C4)Br s_2230__22406464__9780156,5,0.4814814814814814,0.667910447761194,0,0,4,1
CC1=C(C(=O)N2C=CSC2=N1)CCN3CCN(CC3)C4=CC=CC5=C4C=NN5 s_2230__17793196__10122656,6,0.4810126582278481,0.4337748344370861,3,0,2,0
COC1=CC=CC(=C1)C2=CCN(CC2)CCC3=C(N=C4CCCCN4C3=O)C s_2230__2303336__16949512,6,0.4805194805194805,0.5764705882352941,1,1,2,1
CC1=C(C(=O)N2CCCCC2=N1)CCN3CCC(CC3)C4=CNC5=CC=CC=C45 s_2230__665714__16949512,5,0.4805194805194805,0.5725490196078431,3,0,0,2
CC1=C(C(=O)N2CCCCC2=N1)CCN3CCC(CC3)C4=CC5=CC=CC=C5N4 s_2230__2206656__16949512,5,0.4805194805194805,0.5675675675675675,3,0,0,3
CC1=C(C(=O)N2CCCCC2=N1)CCN3CCC(CC3)C4=CC=CC=C4CN s_269982__16770194__16949528,5,0.48,0.6336206896551724,2,0,1,1
CC1=C(C(=O)N2CCCCC2=N1)CCN3CCC(CC3)C4=CC=CC=C4CO s_2230__9164062__16949512,5,0.48,0.6196581196581197,1,1,1,1
COC1=CC=CC=C1C2CCN(CC2)CCC3=C(N=C4CCCCN4C3=O)C s_2230__17628986__16949512,5,0.48,0.602510460251046,2,0,1,1
CCC1=CC=CC=C1NC(=O)CCN2CCN(CC2)C3=CC=CC4=C3C=CS4 s_2230__14793138__18188028,11,0.48,0.3931623931623931,3,0,6,0
CC1=C(C(=O)N2CCCCC2=N1)CCN3CCC(CC3)C4=CC=CC=C4C#N s_2230__22996886__16949512,5,0.4736842105263157,0.6170212765957447,2,0,1,1
CC1=C(C(=O)N2CCCCC2=N1)CCN3CCC4(CC3)C(=O)NC5=CC=CC=C45 s_2230__15247444__16949512,5,0.4736842105263157,0.628,2,1,0,2
COC1=CC=CC=C1NC(=O)CCN2CCN(CC2)C3=CC=CC4=C3C=CS4 s_2230__14793138__804508,11,0.4736842105263157,0.3839662447257383,4,0,5,0
CC1=C(C(=O)N2CCCCC2=N1)CCN3CCN(CC3C)C4=CC=CC5=CN=CC=C45 s_2230__9420632__16949512,3,0.4698795180722891,0.7533039647577092,1,0,0,1
COC1=CC=CC(=C1F)C2CCN(CC2)CCC3=C(N=C4CCCCN4C3=O)C s_2230__9050844__16949512,5,0.4683544303797468,0.5887096774193549,2,1,1,0
CCOC1=CC=CC=C1C2CCN(CC2)CCC3=C(N=C4CCCCN4C3=O)C s_2230__5307032__16949512,5,0.4675324675324675,0.5918367346938775,3,0,1,1
COC1=CC=CC=C1C2=CCN(CC2)CCC3=C(N=C4CCCCN4C3=O)C s_2230__16924054__16949512,6,0.4675324675324675,0.5680933852140078,2,0,2,1
CC1=C(C(=O)N2CCCCC2=N1)CCN3CCC4(CC3)CNCC5=CC=CC=C45 s_269982__23176304__16949528,6,0.4675324675324675,0.5849802371541502,3,0,1,1
CC1=C(C(=O)N2CCCCC2=N1)CCN3CCC4(CC3)OCCC5=CC=CC=C45 s_2230__10890642__16949512,6,0.4675324675324675,0.5526315789473685,1,1,2,1
CC1=C(C(=O)N2CCCCC2=N1)CCN3CCC(CC3)C4=NC5=CC=CC=C5N4 s_2230__7462750__16949512,6,0.4675324675324675,0.582995951417004,4,0,0,3
CC1=C(C(=O)N2CCCCC2=N1)CCN3CCC(CC3)C4=NC5=CC=CC=C5O4 s_2230__679108__16949512,6,0.4675324675324675,0.5304659498207885,4,0,0,3
CC1=C(C(=O)N2CCCCC2=N1)CCN3CCN(CC3)C4=NC=CN(C4=O)C s_2230__20278136__16949512,6,0.4657534246575342,0.6239669421487604,3,0,1,0
CC1=C(C(=O)N2CCCCC2=N1)CCN3CCN(CC3)C(=O)C4=CC=CN4C s_2230__12121556__16949512,6,0.4657534246575342,0.5884615384615385,3,0,1,0
CC1=C(C(=O)N2CCCCC2=N1)CCN3CCN(CC3)C(=O)C4=CC=NN4C s_2230__21458684__16949512,6,0.4657534246575342,0.5763358778625954,3,0,1,0
CCN1C=CN=C1CN2CCN(CC2)CCC3=C(N=C4CCCCN4C3=O)C s_2230__3695196__16949512,8,0.4657534246575342,0.6065573770491803,3,0,3,0
CC1=C(C(=O)N2C=CC=CC2=N1)CCN3CCN(CC3)C4=CC=CC5=C4C=CN5 s_2230__12304850__9780156,5,0.4625,0.5335689045936396,1,0,4,0
CC1=C(C(=O)N2C=CSC2=N1)CCN3CCN(CC3)C4=CC=CC5=C4NC=C5 m_2230__12909440__10122656,6,0.4625,0.434640522875817,3,0,2,0
CC1=C(C(=O)N2C=CSC2=N1)CCN3CCN(CC3)C4=CC=CC5=C4OC=C5 s_2230__28471962__10122656,6,0.4625,0.4411764705882353,3,0,2,0
CC1=C(C(=O)N2CCCCC2=N1)CCN3CCC(CC3)N4C=NC5=CC=CN=C45 s_2230__15494046__16949512,7,0.4625,0.5217391304347826,5,0,0,2
CC1=C(C(=O)N2CCCCC2=N1)CCN3CCC(CC3)C4=NC5=CC=CN=C5S4 s_2230__25583960__16949512,7,0.4625,0.5413793103448276,5,0,0,3
O=C(CCN1CCN(CC1)C2=CC=CC3=C2C=CS3)NC4=CC=CC=C4CO s_2230__14793138__22606972,11,0.4605263157894737,0.4051724137931034,2,0,7,0
O=C1C2=CC=CC=C2N=CN1CCN3CCN(CC3)C4=CC=CC5=C4C=CS5 s_2230__14793138__7471562,7,0.4594594594594595,0.3740458015267175,2,0,4,1
CC1=C(C(=O)N2CCCCC2=N1)CCN3CCC(CC3)C4=NN=C5N4CCCC5 s_2230__8990960__16949512,10,0.4571428571428571,0.5107913669064749,5,0,3,1
CC1=C(C(=O)N2CCCCC2=N1)CCN3CCC(CC3)C4=CNC5=CC=CN=C45 s_2230__18057700__16949512,6,0.4567901234567901,0.5471698113207547,4,0,0,2
CC1=C(C(=O)N2CCCCC2=N1)CCN3CCC(CC3)C4=CNC5=NC=CC=C45 s_2230__7462992__16949512,5,0.4567901234567901,0.5291970802919708,3,0,0,4
CCOC1=CC=CC=C1C2=CCN(CC2)CCC3=C(N=C4CCCCN4C3=O)C s_2230__2206582__16949512,6,0.4556962025316455,0.5568181818181818,3,0,2,1
CC1=C(C(=O)N2CCCCC2=N1)CCN3CC=C(CC3)C4=CNC5=CC=CC=C45 s_2230__13421042__16949512,6,0.4556962025316455,0.5321428571428571,3,0,1,2
N#CC1=CC=CC=C1NC(=O)CCN2CCN(CC2)C3=CC=CC4=C3C=CS4 s_2230__14793138__7467108,11,0.4545454545454545,0.3914893617021276,3,0,6,0
CC1=C(C(=O)N2CCCCC2=N1)CCN3CCN(CC3)C4=NN5C=NN=C5C=C4 s_2230__3695172__16949512,7,0.4533333333333333,0.6133828996282528,5,0,0,1
CC1=C(C(=O)N2CCCCC2=N1)CCN3CCC(CC3)C4=NC=C5N4CCCC5 s_2230__9450278__16949512,9,0.4520547945205479,0.5069444444444444,4,0,3,1
CC1=C(C(=O)N2N=CC=C2N1)CC(=O)N3CCN(CC3)C4=CC=CC5=C4C=CS5 s_527__14793136__3392756,7,0.4512195121951219,0.3958333333333333,1,0,4,0
CC1=C(C(=O)N2CCCCC2=N1)CCN3CCC(CC3)C4=NN=C5N4CCC5 s_2230__2745108__16949512,8,0.4507042253521127,0.5183823529411765,5,0,2,0
CC1=C(C(=O)N2CCCCC2=N1)CCN3CCN(CC3)C4=CN5C=CN=C5C=C4 s_2230__22406644__16949512,5,0.4473684210526316,0.6442687747035574,3,0,0,2
CC1=C(C(=O)N2CCCCC2=N1)CCN3CCN(CC3)[C@@H]4CCCC[C@H]4CN s_269982__19898878__16949528,10,0.4459459459459459,0.7081339712918661,1,0,7,0
CC1=C(C(=O)N2CCCCC2=N1)CCN3CCN(CC3)C(=O)C4CCCN4C s_2230__7284534__16949512,9,0.4459459459459459,0.6915887850467289,3,0,4,0
CC1=C(C(=O)N2CCCCC2=N1)CCN3CCC(CC3)C4=NC5=C(S4)CCCC5 s_2230__11402236__16949512,9,0.4459459459459459,0.5101351351351351,4,0,3,2
CC1=C(C(=O)N2CCCCC2=N1)CCN3CCC(CC3)CCCN4C=CN=C4 m_2230__8644830__16949512,9,0.4459459459459459,0.5882352941176471,4,0,3,1
CC1=C(C(=O)N2C=CC=CC2=N1)CCN3CCN(CC3)C4=CC=CC5=C4C=NN5 s_2230__17793196__9780156,6,0.4444444444444444,0.5321428571428571,2,0,4,0
CC1=C(C(=O)N2C=CSC2=N1)CCN3CCN(CC3)C4=CC=CC5=C4N=CN5 s_2230__13968354__10122656,6,0.4444444444444444,0.4150943396226415,3,0,2,0
CC1=C(C(=O)N2CCCCC2=N1)CCN3C=C(C=N3)C4=CC=CC5=C4OCO5 s_2624__28902240__27219880,8,0.4444444444444444,0.4119402985074626,3,1,3,0
CC1=C(C(=O)N2C=CSC2=N1)CCN3CCN(CC3)C4=CC=CC5=C4NC(=O)N5 s_2230__13166788__10122656,7,0.4444444444444444,0.4332247557003257,3,0,2,1
CC1=C(C(=O)N2CCCCC2=N1)CCN3CCN(CC3)CCNC(=O)C4=CC=CO4 s_2230__24549986__16949512,6,0.4415584415584415,0.6275303643724697,1,1,2,2
CC1=C(C(=O)N2CCCCC2=N1)CCN3CCN(CC3)C4CCC5=NC=CN5C4 s_2230__20810194__16949512,9,0.4415584415584415,0.5302491103202847,3,0,4,1
CC1=C(C(=O)N2CCCCC2=N1)CCN3CCC(CC3)N4C=NC5=C4CCCC5 s_2230__17848164__16949512,9,0.44,0.5017421602787456,4,0,3,1
CC1=NC2=NC=NN2C(=C1CC(=O)N3CCN(CC3)C4=CC=CC5=C4C=CS5)C s_11__14793120__115783,7,0.4390243902439024,0.3223684210526316,3,0,2,0
CC1=C(C(=O)N2CCCCC2=N1)CCN3CCC(CC3)C4=CNC5=CN=CC=C45 s_2230__20055952__16949512,5,0.4390243902439024,0.5416666666666666,3,0,0,2
COCC1=CC=CC(=C1)C2=CN(N=N2)CCC3=C(N=C4CCCCN4C3=O)C m_282512__24308046__24203278,9,0.4390243902439024,0.4303405572755417,5,0,2,1
COC1=C(C=CC=C1C2CCN(C2)CCC3=C(N=C4CCCCN4C3=O)C)F s_2230__17654190__16949512,6,0.4390243902439024,0.5433962264150943,3,0,1,0
CCOC1=CC=CC=C1N2CCN(CC2)CCC3=C(N=C4SC=CN4C3=O)C s_2230__665560__10122656,8,0.4375,0.4463087248322148,3,0,3,1
CC1=C(C(=O)N2CCCCC2=N1)CCN3CCN(CC3)C4=CN=CC5=NC=NN45 s_2230__9417632__16949512,4,0.4358974358974359,0.5629370629370629,4,0,0,0
CC1=C(C(=O)N2CCCCC2=N1)CCN3CCN(CC3)C4=CN=CC5=NN=NN45 s_2230__18364006__16949512,5,0.4358974358974359,0.5413793103448276,5,0,0,0
CC1=NC2=NC=NN2C(=C1)N3CCN(CC3)CCC4=C(N=C5CCCCN5C4=O)C s_2230__7461824__16949512,5,0.4358974358974359,0.5570469798657718,4,0,0,1
CC1=NN2C(=CN=CC2=N1)N3CCN(CC3)CCC4=C(N=C5CCCCN5C4=O)C s_2230__9090830__16949512,5,0.4358974358974359,0.54,4,0,0,1
CC1=C(C(=O)N2CCCCC2=N1)CCN3CC=C(CC3)C4=CNC5=NC=CC=C45 s_2230__7460536__16949512,6,0.4337349397590361,0.49,3,0,1,4
CC1=C(C(=O)N2C=CSC2=N1)CCN3CCN(CC3)C4=C(C(=CC=C4)F)C#N s_2230__665178__10122656,8,0.4337349397590361,0.4248366013071895,3,0,3,0
CC1=C(C(=O)N2CCCCC2=N1)CCN3C=C(N=N3)C4=CC=CC(=C4C)CO s_274090__16949518__28726770,9,0.4337349397590361,0.4250764525993883,5,0,2,0
CC1=C(C(=O)N2C=CSC2=N1)CCN3CCN(CC3)C4=NC=NC5=C4SC=C5 s_2230__5635392__10122656,8,0.4320987654320987,0.4104046242774566,5,0,2,0
CC1=C(C(=O)N2CCCCC2=N1)CCN3CCC(CC3)C(=O)NCCC4=CC=CS4 s_2230__7461332__16949512,6,0.4320987654320987,0.6508620689655172,2,0,2,1
CC1=C(C(=O)N2CCCCC2=N1)CCN3CCN(CC3)C4=C5C=CN=C5NC=N4 s_2230__15607896__16949512,3,0.430379746835443,0.5949820788530465,3,0,0,0
CC1=CC=CC(=C1C)N2CCN(CC2)CCC3=C(N=C4C=CC=CN4C3=O)C s_2230__679276__9780156,8,0.430379746835443,0.556390977443609,0,0,6,0
CC1=C(C(=O)OC2=CC=CC=C12)C(=O)N3CCN(CC3)C4=CC=CC5=C4C=CS5 s_527__14793136__6671842,11,0.430379746835443,0.3780068728522336,4,0,5,0
COC1=C(C=CC=C1C2=CN(N=N2)CCC3=C(N=C4CCCCN4C3=O)C)F m_282512__24308046__24220242,9,0.4285714285714285,0.408284023668639,5,0,2,0
CC1=C(C(=O)N2CCCCC2=N1)CCN3C=C(N=N3)C4=CC=CC(=C4C)C#N m_282512__24308046__24203696,9,0.4285714285714285,0.4207317073170731,5,0,2,0
CC1=C(C(=O)N2C=CC=CC2=N1)CCN3CCN(CC3)C4=CC=CC5=C4OC=C5 s_2230__28471962__9780156,6,0.4268292682926829,0.5392857142857143,2,0,4,0
CC1=C(C(=O)N2CCCCC2=N1)CCN3C=C(N=N3)C4=CC=CC=C4CCN m_282512__24308046__24203602,9,0.4268292682926829,0.4320987654320987,4,0,3,1
CCOC1=CC=CC=C1C2=CN(N=N2)CCC3=C(N=C4CCCCN4C3=O)C s_274090__16949518__12386018,9,0.4268292682926829,0.425531914893617,5,0,2,1
O=C(CN1C(=O)C2CCCCC2C1=O)N3CCN(CC3)C4=CC=CC5=C4C=CS5 s_527__14793136__156526,7,0.4266666666666667,0.484304932735426,3,0,2,0
CC1=C(C(=O)N2CCCCC2=N1)CCN3CCC(CC3)N4N=NC5=C4CCCC5 s_2230__10383826__16949512,10,0.4266666666666667,0.4948453608247423,5,0,3,1
CC1=C(C(=O)N2C=CC=CC2=N1)CCN3CCN(CC3)C4=C(C(=CC=C4)F)F s_2230__9292524__9780156,8,0.425,0.5464684014869888,2,0,4,0
O=C(CN1C(=O)C2=CC=CC=C2C1=O)N3CCN(CC3)C4=CC=CC5=C4C=CS5 s_527__14793136__156271,10,0.4246575342465753,0.3643724696356275,3,0,5,0
CC1=C(C(=O)N2C=CC=CC2=N1)CCN3C=C(N=N3)C4=CC=CC5=C4C=CS5 s_273910__29019122__25421998,9,0.4235294117647059,0.3770491803278688,3,0,5,0
CC1=C(C(=O)N2CCCCC2=N1)CCN3C=C(N=N3)C4=CC=CC(=C4N)C#N s_274090__16949518__28728020,9,0.4235294117647059,0.4325153374233129,6,0,1,0
CC1=C(C(=O)N2C=CC=CC2=N1)CCN3CCN(CC3)C4=NC=NC5=C4SC=C5 s_2230__5635392__9780156,8,0.4216867469879518,0.4860681114551083,4,0,4,0
CC1=C(C(=O)NC2=CC=CC=C12)CC(=O)N3CCN(CC3)C4=CC=CC5=C4C=CS5 s_22__14793122__20854936,10,0.419753086419753,0.4714828897338403,3,0,6,0
CC1=NC2=CC=CC=C2C(=O)N1CC(=O)N3CCN(CC3)C4=CC=CC5=C4C=CS5 s_527__14793136__9703978,8,0.419753086419753,0.3682310469314079,2,0,5,0
CC1=C(C(=O)N2C=CC=CC2=N1)CCN3CCN(CC3)C4=CC=CC(=C4C)Br s_2230__27708612__9780156,8,0.419753086419753,0.5364963503649635,1,0,5,0
CC1=C(C(=O)N2C=CC=CC2=N1)CCN3CCN(CC3)C4=CC=CC(=C4C)Cl s_2230__13446300__9780156,8,0.419753086419753,0.5421245421245421,1,0,5,0
CC1=C(C(=O)N2CCCCC2=N1)CCN3C=C(N=N3)C4=C5C(=CC=C4)ON=C5N m_282512__24308046__24219794,8,0.4186046511627907,0.3896457765667575,4,1,1,1
CC1=C(C(=O)N2CCCCC2=N1)CCN3CCC(CC3)N4N=CC5=C4CNC5 s_269982__11506158__16949528,7,0.4177215189873418,0.4660194174757281,5,0,1,0
O=C1NC2=CC=CC=C2C(=C1CN3CCN(CC3)C4=CC=CC5=C4C=CS5)Cl s_270004__14793148__14575900,9,0.4177215189873418,0.4258555133079847,3,0,5,0
CC1=C(C(=O)N2CCCCC2=N1)CCN3CCC(CC3)C4=NN=C5N4C=CC=C5 s_2230__4819028__16949512,7,0.4177215189873418,0.5321428571428571,5,0,0,2
CC1=C(C(=O)N2CCCCC2=N1)CCN3CCC(CC3)C4=CN5C=CC=CC5=N4 s_2230__19628938__16949512,6,0.4177215189873418,0.5272727272727272,4,0,0,2
CC1=C(C(=O)N2CCCCC2=N1)CCN3CCC(CC3)C4=CC=NN4CCO s_2230__2544230__16949512,8,0.4177215189873418,0.5447761194029851,3,1,2,0
CC1=C(C(=O)N2C=CC=CC2=N1)CCN3CCN(CC3)C4=CC=CC(=C4O)Cl s_2230__16464374__9780156,8,0.4146341463414634,0.5345454545454545,2,0,4,0
COC1=CC=CC=C1N2CCN(CC2)CCC3=C(N=C4C=CC=CN4C3=O)C s_2230__665554__9780156,8,0.4125,0.5481481481481482,1,0,5,1
CC1=C(C(=O)N2CCCCC2=N1)CCN3CCC(CC3)C(O)C4=CC=NN4C s_2230__12156366__16949512,8,0.4125,0.5653846153846154,4,0,2,0
CC1=C(C(=O)N2CCCCC2=N1)CCN3CCC(CC3)C(O)C4=NC=CN4C s_2230__7558134__16949512,9,0.4125,0.5662650602409639,5,0,2,0
O=C1NC2=C(C=C1NC(=O)N3CCN(CC3)C4=CC=CC5=C4C=CS5)CCCC2 s_2430__11680994__14793140,7,0.4125,0.4266211604095563,3,0,2,1
CC1=C(C(=O)N2CCCCC2=N1)CCN3CCC(CC3)C4=NN=C5N4C=CN=C5 s_2230__18325406__16949512,7,0.4125,0.5342960288808665,5,0,0,2
CC1=C(C(=O)N2CCCCC2=N1)CCN3CCC(CC3)C4=CN5C=CC=NC5=N4 s_2230__19628974__16949512,7,0.4125,0.5315985130111525,5,0,0,2
COCC1=CC(=NO1)C2CCN(CC2)CCC3=C(N=C4CCCCN4C3=O)C s_2230__16514306__16949512,8,0.4125,0.5088967971530249,5,0,1,1
C1=CC2=C(C=CS2)C(=C1)N3CCN(CC3)CCC4=CC=C5OCCOC5=C4 s_2230__14793138__8635612,6,0.410958904109589,0.3449612403100775,4,0,0,2
CC1=C(C(=O)N2CCCCC2=N1)CCN3CCC(CC3)C4=NN=C5N4CCNC5 s_269982__22140850__16949528,10,0.4102564102564102,0.4864864864864865,5,0,3,1
CCN1C(=O)NN=C1C2CCN(CC2)CCC3=C(N=C4CCCCN4C3=O)C s_2230__7540170__16949512,9,0.4102564102564102,0.5714285714285714,4,1,2,0
CC1=C(C(=O)N2C=CC=CC2=N1)CCN3CCN(CC3)C4=CC=CC5=C4N=CN5 s_2230__13968354__9780156,6,0.4096385542168674,0.5016835016835017,2,0,4,0
CC1=C(C(=O)N2C=CC=CC2=N1)CCN3CCN(CC3)C4=CC=CC5=C4NC(=O)N5 s_2230__13166788__9780156,7,0.4096385542168674,0.513986013986014,2,0,4,1
CC1=C(C(=O)C2=CC=CN=C2N1)C(=O)N3CCN(CC3)C4=CC=CC5=C4C=CS5 s_22__14793122__28465996,9,0.4096385542168674,0.3944099378881988,2,0,5,0
CCC(NC(=O)NCCC1=C(N=C2CCCCN2C1=O)C)C3=CC=CC4=C3NC=C4 s_2708__18901578__17547888,7,0.4090909090909091,0.5215827338129496,4,0,1,2
C1=CC2=C(C=CS2)C(=C1)N3CCN(CC3)CCC4=CC=C5OCCCC5=C4 s_2230__14793138__23291970,5,0.4078947368421052,0.3432835820895522,3,0,0,2
CC1=C(C(=O)N2C=CC=CC2=N1)CCN3CCN(CC3)C4=CC=CC=C4C#N s_2230__2561242__9780156,8,0.4074074074074074,0.5404411764705882,1,0,5,1
COC1=CC=CC(=C1F)N2CCN(CC2)CCC3=C(N=C4C=CC=CN4C3=O)C s_2230__22406592__9780156,8,0.4047619047619047,0.5195729537366548,1,1,5,0
CC1=C(C(=O)N2C=CC=CC2=N1)CCN3CCN(CC3)C4=CC=CC5=CN=CC=C45 s_2230__26079272__9780156,6,0.4047619047619047,0.5454545454545454,1,0,4,0
CCOC1=CC=CC=C1N2CCN(CC2)CCC3=C(N=C4C=CC=CN4C3=O)C s_2230__665560__9780156,8,0.4024390243902439,0.5490909090909091,2,0,5,1
CC1=C(C(=O)N2CCCCC2=N1)CCN3C=C(N=N3)C4=CC=C(C5=C4C=NN5)F m_282512__24308046__24219452,8,0.4022988505747126,0.4040697674418604,5,0,1,1
CC1=C(C(=O)N2C=CC=CC2=N1)CCN3CCN(CC3)C4=C(C(=CC=C4)F)C#N s_2230__665178__9780156,8,0.4,0.5229681978798587,2,0,5,0
CC1=C(C(=O)N2CCCCC2=N1)CCN3CCC(CC3)C4=C5CNCCC5=NN4 s_269982__12707276__16949528,9,0.4,0.5086505190311419,5,0,2,2
CC1=C(C(=O)N2C=CC=CC2=N1)CCN3CCN(CC3)C4=CC=CC=C4OC(C)C s_2230__17793700__9780156,9,0.3975903614457831,0.5490909090909091,2,0,5,1
COCC1=CC=CC(=C1)N2CCN(CC2)CCC3=C(N=C4SC=CN4C3=O)C s_2230__26984180__10122656,8,0.3975903614457831,0.4448160535117056,3,0,3,1
CC1=NC2=CC=C(C=C2C(=O)N1CC(=O)N3CCN(CC3)C4=CC=CC5=C4C=CS5)O s_22__14793122__16762640,9,0.3953488372093023,0.356401384083045,2,0,5,0
CC1=C(C(=O)OC2=CC(=CC=C12)N)CC(=O)N3CCN(CC3)C4=CC=CC5=C4C=CS5 s_22__14793122__24347814,11,0.3953488372093023,0.3986710963455149,4,0,5,0
O=C1NC2=CC=CC=C2C(=C1C(=O)N3CCN(CC3)C4=CC=CC5=C4C=CS5)O s_487__14793132__25374498,11,0.3950617283950617,0.4007352941176471,2,0,7,0
CC1=C(C(=O)N2C=CC=CC2=N1)CCN3CCN(CC3)C4=CC=C5CCCC5=C4 s_2230__27337748__9780156,9,0.3950617283950617,0.5392857142857143,1,0,6,2
CC1=C(C(=O)N2C=CC=CC2=N1)CCN3CCN(CC3)C4=CC=CC=C4OC(F)F s_2230__2833942__9780156,9,0.3928571428571428,0.5376344086021505,2,0,5,1
O=C(NC1=CN=C2C=CC=CN2C1=O)N3CCN(CC3)C4=CC=CC5=C4C=CS5 s_2430__22529678__14793140,8,0.3928571428571428,0.4418604651162791,1,0,5,1
NC1=C(C(=O)C2=CC(=CC=C2O1)F)CN3CCN(CC3)C4=CC=CC5=C4C=CS5 s_270004__14793148__24720676,9,0.3928571428571428,0.369281045751634,3,0,4,0
CC1=C(C(=O)N2CCCCC2=N1)CCN3C=C(N=N3)C4=CC=NC5=C4N=CN5 m_282512__24308046__24203706,8,0.3908045977011494,0.3948126801152737,6,0,1,0
CC1=C(C(=O)N2CCCCC2=N1)CCN3CCN(C(C3)C)C4=NC=CN5C4=NN=C5 s_2230__7534636__16949512,6,0.388235294117647,0.5888888888888889,5,0,0,1
CC1=C(C(=O)N2C=CC=CC2=N1)CCN3CCN(CC3)C4=CC=CN=C4C#N s_2230__16516994__9780156,9,0.388235294117647,0.4785478547854785,2,0,5,0
O=C(CN1C(=O)C2=CC=CC=C2N=C1S)N3CCN(CC3)C4=CC=CC5=C4C=CS5 s_22__14793122__309126,9,0.3855421686746988,0.3519163763066202,3,0,5,0
O=C(NC1=CN=C2CCCCN2C1=O)N3CCN(CC3)C4=CC=CC5=C4C=CN5 s_2430__22529536__12304852,5,0.3855421686746988,0.4716312056737589,2,0,1,1
O=C(CC1=CC2=CC=CC=C2C=C1O)N3CCN(CC3)C4=CC=CC5=C4C=CS5 s_22__14793122__21389038,10,0.3846153846153846,0.371900826446281,3,0,5,1
CC1=CC2=C(C=C1NC(=O)N3CCN(CC3)C4=CC=CC5=C4C=CS5)OCCO2 s_2430__27548240__14793140,8,0.382716049382716,0.3321299638989169,5,0,1,1
O=C1NC2=CC=CC=C2C=C1CC(=O)N3CCN(CC3)C4=CC=CC5=C4C=CS5 s_527__14793136__761124,10,0.382716049382716,0.4881889763779528,2,0,6,1
O=C1OC2=CC=CC=C2C=C1CC(=O)N3CCN(CC3)C4=CC=CC5=C4C=CS5 s_11__14793120__22272908,10,0.382716049382716,0.4076655052264808,3,0,5,1
O=C(CN1N=CC2=CC=CC=C2C1=O)N3CCN(CC3)C4=CC=CC5=C4C=CS5 s_527__14793136__488308,11,0.382716049382716,0.314878892733564,4,0,5,0
O=C(CN1N=NC2=CC=CC=C2C1=O)N3CCN(CC3)C4=CC=CC5=C4C=CS5 s_527__14793136__157541,10,0.382716049382716,0.3368421052631579,3,0,5,0
CC1=C(C(=O)N2C=CC=CC2=N1)CCN3CCN(CC3)C4=CC=NC5=CC=CC=C45 s_2230__10117250__9780156,7,0.3809523809523809,0.5451263537906137,2,0,4,0
CC1=C(C(=O)N2C=CC=CC2=N1)CCN3CCN(CC3)C4=CN=CC5=CC=CC=C45 s_2230__9192186__9780156,7,0.3809523809523809,0.5226480836236934,2,0,4,0
O=C(CN1CCC2=CC=CC=C2C1=O)N3CCN(CC3)C4=CC=CC5=C4C=CS5 s_527__14793136__9452456,11,0.379746835443038,0.3544776119402985,3,0,6,0
CCC1=CC=CC(=C1)N2CCN(CC2)CCC3=C(N=C4C=CC=CN4C3=O)C s_2230__25582804__9780156,8,0.3780487804878049,0.5485074626865671,0,0,6,1
CC(C)C(NC(=O)N1CCN(CC1)C2=CC=CC3=C2C=CS3)C(=O)N4CCOCC4 s_68__23312044__26735642,9,0.3780487804878049,0.3909465020576131,3,0,4,0
O=C(NC1=CN=C2CCCCN2C1=O)N3CCN(CC3)C4=NC=NC5=C4C=CS5 s_2430__22529536__24395850,6,0.3764705882352941,0.4748427672955975,3,0,1,1
C#CCOC1=CC(=C(C(=C1)C)CN2CCN(CC2)C3=CC=CC4=C3C=CS4)C s_270004__14793148__24720298,8,0.375,0.3268482490272373,4,0,2,0
O=C(CN1CC2=CC=CC=C2OC1=O)N3CCN(CC3)C4=CC=CC5=C4C=CS5 s_527__14793136__11545756,12,0.3703703703703703,0.3133802816901408,4,0,6,0
O=C1NC2=CC=CC=C2SC1CC(=O)N3CCN(CC3)C4=CC=CC5=C4C=CS5 s_527__14793136__157859,12,0.3703703703703703,0.3978102189781022,3,0,7,0
C#CC1=CC(=CC=C1)N2CCN(CC2)CCC3=C(N=C4C=CC=CN4C3=O)C s_2230__26079408__9780156,8,0.369047619047619,0.550561797752809,0,0,6,1
CC1=C(C(=O)N2C=CC=CC2=N1)CCN3CCN(CC3)C4=CC=CC(=C4)C#N s_2230__12551770__9780156,8,0.369047619047619,0.5424354243542435,1,0,5,1
O=C(NC1=CN=C2CCCCN2C1=O)N3CCN(CC3)C4=CC=CC5=C4C=NN5 s_2430__22529536__17793198,6,0.369047619047619,0.4731182795698925,3,0,1,1
CC1=C(C(=O)N2C=CC=CC2=N1)CCN3CCN(CC3)C4=NSC5=CC=CC=C45 s_2230__13970256__9780156,9,0.369047619047619,0.5423728813559322,3,0,4,2
CC1=C(C(=O)N2C=CC=CC2=N1)CCN3CCN(CC3)C4=NC5=CC=CC=C5S4 s_2230__7687160__9780156,9,0.369047619047619,0.4886731391585761,3,0,4,3
CC1=C(C(=O)N2C=CSC2=N1)CCN3CCC(CC3)C4=CC=CC5=C4C=CN5 s_2230__13035036__10122656,6,0.367816091954023,0.3588957055214724,3,0,2,0
CCOC1=CC=CN=C1N2CCN(CC2)CCC3=C(N=C4SC=CN4C3=O)C s_2230__13138144__10122656,9,0.367816091954023,0.4161490683229814,4,0,3,1
O=C(NC1=CC2=C(C=C1Br)OCCO2)N3CCN(CC3)C4=CC=CC5=C4C=CS5 s_2430__737976__14793140,9,0.3658536585365853,0.3297872340425531,6,0,1,1
O=C(OC1=C(C2=C(C=C1)OCCO2)Cl)N3CCN(CC3)C4=CC=CC5=C4C=CS5 s_68__28413404__26735642,9,0.3658536585365853,0.2955326460481099,6,0,1,1
O=C1C2=CC=CC=C2CCC1CC(=O)N3CCN(CC3)C4=CC=CC5=C4C=CS5 s_527__14793136__16918182,11,0.3658536585365853,0.4471544715447154,2,0,7,0
COCC1=CC=CC(=C1)N2CCN(CC2)CCC3=C(N=C4C=CC=CN4C3=O)C s_2230__26984180__9780156,8,0.3647058823529411,0.5398550724637681,2,0,5,1
CSC1=CC=CC=C1NC(=O)CCN2CCN(CC2)C3=CC=CC4=C3C=CN4 s_2230__12304850__7467114,12,0.3625,0.2509505703422053,5,0,5,0
O=C(CC1=CC2=CC=CC=C2N=C1Cl)N3CCN(CC3)C4=CC=CC5=C4C=CS5 s_11__14793120__27839484,9,0.3614457831325301,0.3321554770318021,2,0,5,1
O=C1OC2=CC=CC=C2C=C1NC(=O)N3CCN(CC3)C4=CC=CC5=C4C=CS5 s_2430__22529320__14793140,11,0.3614457831325301,0.3224755700325732,4,0,5,1
O=C1C(=COC2=CC=CC=C12)NC(=O)N3CCN(CC3)C4=CC=CC5=C4C=CS5 s_68__28893786__26735642,10,0.3614457831325301,0.3322475570032573,3,0,5,1
CC1=C(C(=O)N2C=CC=CC2=N1)CCN3CCN(CC3)C4=CC=CC(=N4)C#N s_2230__15162876__9780156,9,0.3604651162790697,0.4899328859060403,2,0,5,0
CC1=C(C(=O)N2C=CC=CC2=N1)CCN3CCN(CC3)C4=CC=C5NC=NC5=C4 s_2230__21218544__9780156,8,0.3604651162790697,0.5085910652920962,2,0,4,2
CC1=C(C(=O)N2C=CC=CC2=N1)CCN3CCN(CC3)C4=CC=NC5=CC=C(C=C45)F s_2230__26079586__9780156,8,0.3595505617977528,0.5259515570934256,2,0,4,1
CC1=C(C(=O)N2C=CC=CC2=N1)CCN3CCN(CC3)C4=CN=CC=C4C#N s_2230__10433838__9780156,9,0.3563218390804598,0.4848484848484848,2,0,5,1
O=C(NC1=CN=C2CCCCN2C1=O)N3CCN(CC3)C4=CC=NC5=C4SC=C5 s_2430__22529536__22575770,7,0.3563218390804598,0.4675324675324675,4,0,1,1
COC1=CC(=NC=N1)N2CCN(CC2)CCC3=C(N=C4C=CC=CN4C3=O)C s_2230__8799822__9780156,10,0.3529411764705882,0.4736842105263157,2,1,5,1
O=C(NC1=C(C2=NC=CN=C2C=C1)Br)N3CCN(CC3)C4=CC=CC5=C4C=CS5 s_68__28400654__26735642,11,0.3529411764705882,0.3428571428571428,6,0,3,1
CCOC1=CC=NC(=N1)N2CCN(CC2)CCC3=C(N=C4SC=CN4C3=O)C s_2230__3695526__10122656,10,0.3522727272727273,0.382716049382716,3,1,4,0
O=C1NC2=NC=CC=C2C=C1NC(=O)N3CCN(CC3)C4=CC=CC5=C4C=CS5 s_68__29804264__26735642,11,0.3488372093023256,0.3384615384615385,4,0,5,1
O=C(NC1=CN=C2CCCCN2C1=O)N3CCN(CC3)C4=CC=CC5=C4OC=C5 s_2430__22529536__28470156,6,0.3488372093023256,0.475,3,0,1,1
CC1=C(C(=O)N2C=CC=CC2=N1)CCN3CCN(CC3)C4=C5C=CC=C(C5=CC=N4)Br s_2230__20009906__9780156,8,0.348314606741573,0.5172413793103449,2,0,4,0
CC1=C(C(=O)N2C=CC=CC2=N1)CCN3CCC(CC3)N4CCCC5=CC=CC=C45 s_2230__7461308__9780156,11,0.3448275862068966,0.4827586206896552,3,0,7,0
CC1=C(C(=O)N2C=CC=CC2=N1)CCN3CCN(CC3)C4=NN=CC5=CC=CC=C45 s_2230__7687184__9780156,8,0.3448275862068966,0.5119453924914675,3,0,4,0
COC1=CC=CN=C1N2CCN(CC2)CCC3=C(N=C4C=CC=CN4C3=O)C s_2230__21189704__9780156,9,0.3448275862068966,0.5085910652920962,2,0,5,1
COC1=CC=NC(=C1)N2CCN(CC2)CCC3=C(N=C4C=CC=CN4C3=O)C s_2230__3392694__9780156,9,0.3448275862068966,0.5157894736842106,1,1,5,1
O=C(NC1=CN=C2CCCCN2C1=O)N3CCN(CC3)C4=NC=NC5=C4SC=C5 s_2430__22529536__5635394,8,0.3448275862068966,0.4342507645259938,5,0,1,1
CC1=C(C(=O)N2C=CC=CC2=N1)CCN3CCN(CC3)C4CC5=CC=CC=C5C4 s_2230__4821622__9780156,10,0.3414634146341463,0.4927536231884058,1,0,7,3
CC1=C(C(=O)N2C=CC=CC2=N1)CCN3CCN(CC3)C4=NC=CC=C4C#N s_2230__665518__9780156,9,0.3409090909090909,0.4882943143812709,2,0,5,1
CC1=C(C(=O)N2C=CC=CC2=N1)CCN3CCN(CC3)C4=CC(=CC=N4)C#N s_2230__804578__9780156,9,0.3409090909090909,0.5051903114186851,2,0,5,1
CC1=C(C(=O)N2C=CC=CC2=N1)CCN3CCN(CC3)C4=CC=NC(=C4)C#N s_2230__26079166__9780156,9,0.3409090909090909,0.4982698961937716,2,0,5,1
CC(=O)C1=CC=CC=C1NC(=O)CCCN2CCN(CC2)C3=CC=CC4=C3C=CN4 s_2230__12304850__11757162,11,0.3373493975903614,0.2927756653992395,3,0,6,0
O=C(NC1=CN=C2CCCCN2C1=O)N3CCN(CC3)C4=CC=CC5=C4N=CN5 s_2430__22529536__26861752,6,0.3372093023255814,0.4440677966101695,3,0,1,1
CC1=C(C(=O)N2C=CC=CC2=N1)CCN3CCC(CC3)N4CCC5=CC=CC=C45 s_2230__9819762__9780156,11,0.3372093023255814,0.4843205574912892,3,0,6,2
CC1=C(C(=O)N2C=CC=CC2=N1)CCN3CCC(CC3)C4=CC=CC5=C4C=CN5 s_2230__13035036__9780156,6,0.3370786516853932,0.4323432343234323,2,0,4,0
CCOC1=CC=CN=C1N2CCN(CC2)CCC3=C(N=C4C=CC=CN4C3=O)C s_2230__13138144__9780156,9,0.3370786516853932,0.5033557046979866,3,0,5,1
CCCCC1=NC(=C(C(=O)N1)CC(=O)N2CCN(CC2)C3=CC=CC4=C3C=CN4)C s_22__11825898__24335918,4,0.3370786516853932,0.6707818930041153,1,0,1,2
COC1=CN=CC(=C1)N2CCN(CC2)CCC3=C(N=C4C=CC=CN4C3=O)C s_2230__12297314__9780156,9,0.3333333333333333,0.4848484848484848,1,1,5,1
CC(=O)C1=CC=CC=C1NC(=O)CCCN2CCN(CC2)C3=CC=CC4=C3C=NN4 s_2230__17793196__11757162,12,0.3333333333333333,0.3023255813953488,4,0,6,0
O=C1C2=CC=CC=C2C(=O)N1CCN3CCN(CC3)C4=C5C=C(SC5=CC=C4)Br s_2230__22406464__680282,9,0.3333333333333333,0.3647058823529411,3,0,4,1
CC1=C(C(=O)N2C=CC=CC2=N1)CCN3CCC(CC3)N4C=NC5=CC=CC=C45 s_2230__17309928__9780156,10,0.3333333333333333,0.4142394822006472,4,0,4,2
CC1=C(C(=O)N2C=CC=CC2=N1)CCN3CCC(CC3)N4N=CC5=CC=CC=C45 s_2230__14471224__9780156,10,0.3333333333333333,0.4166666666666667,4,0,4,2
CC1=C(C(=O)N2C=CC=CC2=N1)CCN3CCC(CC3)N4N=NC5=CC=CC=C45 s_2230__25583134__9780156,11,0.3333333333333333,0.4102564102564102,5,0,4,2
COC1=CC=CC(=C1F)C2CCN(CC2)CCC3=C(N=C4SC=CN4C3=O)C s_2230__9050844__10122656,9,0.3333333333333333,0.3636363636363636,3,1,3,0
CC1=C(C(=O)N2C=CC=CC2=N1)CCN3C=C(N=N3)C4=CC=CC5=C4SC=C5 s_273910__29019122__25421906,11,0.3296703296703296,0.3753424657534246,5,0,5,0
CC1=C(C(=O)N2C=CC=CC2=N1)CCN3CCC(CC3)CC4=CC=CC5=C4C=CN5 s_2230__26079434__9780156,7,0.3296703296703296,0.4463087248322148,2,0,4,0
CCCCC1=NC(=C(C(=O)N1)CC(=O)N2CCN(CC2)C3=NC=NC4=C3C=CS4)C s_527__24395882__24335920,5,0.3296703296703296,0.6415770609318996,2,0,1,2
COC1=CC=NC(=N1)N2CCN(CC2)CCC3=C(N=C4C=CC=CN4C3=O)C s_2230__7460978__9780156,10,0.3295454545454545,0.4693877551020408,2,1,5,0
CCOC1=CC=CC=C1C2CCN(CC2)CCC3=C(N=C4SC=CN4C3=O)C s_2230__5307032__10122656,9,0.3295454545454545,0.3670886075949367,4,0,3,1
CC1=C(C(=O)N2C=CC=CC2=N1)CCN3CCC(CC3)C4=CC=CC5=CC=CC=C45 s_2230__2303372__9780156,7,0.3255813953488372,0.4760147601476014,2,0,4,0
CCOC1=CC=NC(=N1)N2CCN(CC2)CCC3=C(N=C4C=CC=CN4C3=O)C s_2230__3695526__9780156,10,0.3222222222222222,0.4587458745874587,2,1,6,0
CC1=C(C(=O)N2C=CC=CC2=N1)CCN3CCN(CC3)C4=NC=CN=C4C#N s_2230__20077358__9780156,10,0.3218390804597701,0.4462540716612377,3,0,5,0
COC1=CN=CC(=N1)N2CCN(CC2)CCC3=C(N=C4C=CC=CN4C3=O)C s_2230__22407426__9780156,10,0.3218390804597701,0.4521452145214521,2,1,5,0
CC1=CC=CC(=C1C)C2CCN(CC2)CCC3=C(N=C4C=CC=CN4C3=O)C s_2230__13575530__9780156,9,0.3218390804597701,0.4571428571428571,1,0,6,0
CC1=C(C(=O)N2C=CC=CC2=N1)CCN3CCN(CC3)C4CCC5=CC=CC=C45 s_2230__22865356__9780156,10,0.3218390804597701,0.4675767918088737,1,0,7,2
CC1=C(C(=O)N2C=CC=CC2=N1)CCN3CCN(CC3)C4=NC5=CC=CC=C5N4 s_2230__8124408__9780156,9,0.3218390804597701,0.4652777777777778,3,0,4,3
CC1=C(C(=O)N2C=CC=CC2=N1)CCN3CCN(CC3)C4=NC5=CC=CC=C5O4 s_2230__3695184__9780156,9,0.3218390804597701,0.4254658385093168,3,0,4,3
CC1=C(C(=O)N2C=CC=CC2=N1)CCN3CCC(CC3)C4=NN=C5N4CCC5 s_2230__2745108__9780156,12,0.3214285714285714,0.3955696202531645,5,0,6,0
CC1=C(C(=O)N2C=CC=CC2=N1)CCN3CCC(CC3)N4N=C5C=CC=CC5=N4 m_2230__16517384__9780156,11,0.3214285714285714,0.4276094276094276,5,0,4,3
O=C1C2=CC=CC=C2C(=O)N1CCN3CCN(CC3)C4=NC=NC5=C4C=CS5 s_2230__24395838__680282,10,0.32,0.271523178807947,5,0,4,0
COC1=CC=CC(=C1)C2CCN(CC2)CCC3=C(N=C4C=CC=CN4C3=O)C s_2230__2391464__9780156,9,0.3181818181818182,0.445993031358885,1,1,5,1
CC1=C(C(=O)N2C=CC=CC2=N1)CCN3CCC(CC3)C4=C(C(=CC=C4)F)F s_2230__11566760__9780156,9,0.3181818181818182,0.4491228070175438,3,0,4,0
O=C1C2=CC=CC=C2C(=O)N1CCC3=CCN(CC3)C4=NC=CC5=C4C=CS5 s_27__9581216__1009294,11,0.3170731707317073,0.3557046979865771,5,0,5,0
CCC1=CC=CC=C1NC(=O)CCN2CCN(CC2)C3=CC=CC4=C3C=CN4 s_2230__12304850__18188028,12,0.3170731707317073,0.2386363636363636,4,0,6,0
O=C1NC2=CC=CC=C2SC1CCN3CCN(CC3)C4=CC=CC5=C4C=CN5 s_2230__12304850__10902816,11,0.3132530120481928,0.2593856655290102,4,0,6,0
COC1=CC=CC=C1NC(=O)CCN2CCN(CC2)C3=CC=CC4=C3C=CN4 s_2230__12304850__804508,12,0.3132530120481928,0.2368421052631578,5,0,5,0
CCCCC1=NC(=C(C(=O)N1)CC(=O)N2CCN(CC2)C3=CC=NC4=C3SC=C4)C s_22__13570828__24335918,6,0.3118279569892473,0.6468401486988847,3,0,1,2
CC1=NC(=C2C=NN(C2=N1)C)N3CCN(CC3)CCC4=C(N=C5C=CC=CN5C4=O)C s_2230__4931908__9780156,10,0.3111111111111111,0.4256559766763848,4,0,4,1
CCOC1=CC=CC=C1C2=CCN(CC2)CCC3=C(N=C4SC=CN4C3=O)C s_2230__2206582__10122656,10,0.3111111111111111,0.3652694610778443,4,0,4,1
O=C1C2=CC=CC=C2C(=O)N1CCN3CCN(CC3)C4=CC=CC5=C4C=CN5 s_2230__12304850__680282,9,0.3108108108108108,0.2304832713754646,4,0,4,0
O=C(CN1N=CC2=C(C1=O)CCCC2)N3CCN(CC3)C4=CC=CC5=C4C=CN5 s_1626__22069002__22121714,8,0.3103448275862069,0.290519877675841,5,0,1,0
O=C1NC2=CC=CC=C2SC1CCN3CCN(CC3)C4=CC=CC5=C4C=NN5 s_2230__17793196__10902816,12,0.3095238095238095,0.2708333333333333,5,0,6,0
CCN1N=C(C2=CC=CC=C12)CCCN3CCN(CC3)C4=CC=CC5=C4C=CN5 s_270004__12304860__24721672,12,0.3095238095238095,0.2211538461538461,3,0,7,0
CC1=C(C(=O)N2C=CC=CC2=N1)CCN3CC=C(CC3)C4=CC=CC5=CC=CC=C45 s_2230__2262196__9780156,8,0.3068181818181818,0.4628975265017668,2,0,5,0
CC1=C(C(=O)N2C=CC=CC2=N1)CCN3CCC(CC3)C4=CC=CC=C4CN s_269982__16770194__22498030,9,0.3068181818181818,0.4642857142857143,2,0,5,1
CC1=C(C(=O)N2C=CC=CC2=N1)CCN3CCC(CC3)C4=CC=CC=C4CO s_2230__9164062__9780156,9,0.3068181818181818,0.4558303886925795,1,1,5,1
COC1=CC=CC=C1C2CCN(CC2)CCC3=C(N=C4C=CC=CN4C3=O)C s_2230__17628986__9780156,9,0.3068181818181818,0.4409722222222222,2,0,5,1
O=C(CN1N=CC2=C(C1=O)CCCC2)N3CCN(CC3)C4=NC=NC5=C4C=CS5 s_11__24395822__14868728,9,0.3068181818181818,0.3268698060941828,6,0,1,0
O=C(NCCN1CCN(CC1)C2=NC=NC3=C2C=CS3)C4=CSC5=C4CCCC5 m_276450__18755804__14203690__18957688,10,0.3068181818181818,0.2513661202185792,8,0,0,0
O=C1C2=CC=CC=C2C(=O)N1CCN3CCN(CC3)C4=CC=CC5=C4C=NN5 s_2230__17793196__680282,10,0.3066666666666666,0.2330827067669172,5,0,4,0
O=C1C2=CC=CC=C2N=CN1CCN3CCN(CC3)C4=C5C=C(SC5=CC=C4)Br s_2230__22406464__7471562,8,0.3058823529411765,0.3633093525179856,2,0,4,2
COC1=CC=CC(=C1F)C2CCN(CC2)CCC3=C(N=C4C=CC=CN4C3=O)C s_2230__9050844__9780156,9,0.3043478260869565,0.4343434343434343,2,1,5,0
CC1=C(C(=O)N2C=CC=CC2=N1)CCN3CCC(CC3)C4=CC=CC5=CN=CC=C45 s_2230__10383828__9780156,7,0.3043478260869565,0.4421768707482993,2,0,4,0
CCCCC1=NC(=C(C(=O)N1)CC(=O)N2CCN(CC2)C3=CC=CC4=C3OC=C4)C s_22__28465444__24335918,5,0.3043478260869565,0.6721991701244814,2,0,1,2
CC1=C(C(=O)N2C=CC=CC2=N1)CCN3CCC(CC3)C4=CC=CC=C4C#N s_2230__22996886__9780156,9,0.3033707865168539,0.4522968197879858,2,0,5,1
CC1=CC=CC(=C1C)C2=CCN(CC2)CCC3=C(N=C4C=CC=CN4C3=O)C s_2230__13451958__9780156,10,0.3033707865168539,0.4381270903010033,1,0,7,0
CC1=C(C(=O)N2C=CC=CC2=N1)CCN3CCC4(CC3)C(=O)NC5=CC=CC=C45 s_2230__15247444__9780156,9,0.3033707865168539,0.4713804713804714,2,1,4,2
O=C(NCCN1CCN(CC1)C2=NC=NC3=C2C=CS3)C4=COC5=C4CCCC5 m_276450__18755804__27786072__18957688,10,0.3033707865168539,0.2506811989100817,8,0,0,0
CC(=O)C1=CC=CC=C1NC(=O)CCCN2CCN(CC2)C3=CC=CC4=C3N=CN4 s_2230__13968354__11757162,12,0.3023255813953488,0.2779783393501805,4,0,6,0
O=C(CCN1CCN(CC1)C2=CC=CC3=C2C=CN3)NC4=CC=CC=C4CO s_2230__12304850__22606972,12,0.3012048192771084,0.2480916030534351,3,0,7,0
CC1=C(C(=O)N2C=CC=CC2=N1)CCN3CCC(CC3)C4=NC5=CC=CN=C5S4 s_2230__25583960__9780156,11,0.3010752688172043,0.4208955223880597,5,0,4,3
CC1=C(C(=O)N2C=CC=CC2=N1)CCN3CCC(CC3)C4=NC5=CN=CC=C5S4 s_2230__25806648__9780156,10,0.3010752688172043,0.4059701492537313,4,0,4,3
CCOC1=CC=CC=C1C2CCN(CC2)CCC3=C(N=C4C=CC=CN4C3=O)C s_2230__5307032__9780156,9,0.3,0.4421768707482993,3,0,5,1
COC1=CC=CC(=C1)C2=CCN(CC2)CCC3=C(N=C4C=CC=CN4C3=O)C s_2230__2303336__9780156,10,0.3,0.4304635761589404,1,1,6,1
CC1=C(C(=O)N2C=CC=CC2=N1)CCN3CCC4(CC3)CNCC5=CC=CC=C45 s_269982__23176304__22498030,10,0.3,0.4395973154362416,3,0,5,1
CC1=C(C(=O)N2C=CC=CC2=N1)CCN3CCC4(CC3)OCCC5=CC=CC=C45 s_2230__10890642__9780156,10,0.3,0.4258064516129032,1,1,6,1
O=C(NCCN1CCN(CC1)C2=NC=NC3=C2C=CS3)C4=NNC5=C4CCCN5 m_276450__18755804__27783838__18957688,11,0.3,0.2809917355371901,9,0,0,0
CC1=C(C(=O)N2C=CC=CC2=N1)CCN3CCC(CC3)C4=CNC5=CC=CC=C45 s_2230__665714__9780156,9,0.3,0.4309210526315789,3,0,4,2
CC1=C(C(=O)N2C=CC=CC2=N1)CCN3CCC(CC3)C4=CC5=CC=CC=C5N4 s_2230__2206656__9780156,9,0.3,0.4281045751633986,3,0,4,3
CC1=C(C(=O)N2C=CC=CC2=N1)CCN3CCC(CC3)C4=NC5=CC=CC=C5N4 s_2230__7462750__9780156,10,0.3,0.4319727891156462,4,0,4,3
CC1=C(C(=O)N2C=CC=CC2=N1)CCN3CCC(CC3)C4=NC5=CC=CC=C5O4 s_2230__679108__9780156,10,0.3,0.401840490797546,4,0,4,3
N#CC1=CC=CC=C1NC(=O)CCN2CCN(CC2)C3=CC=CC4=C3C=CN4 s_2230__12304850__7467108,12,0.2976190476190476,0.2377358490566037,4,0,6,0
CC1=C(C(=O)N2C=CC=CC2=N1)CCN3CCC(CC3)C4=CC=NC5=CC=CC=C45 s_2230__10706192__9780156,8,0.2967032967032967,0.4391891891891892,3,0,4,0
CC1=C(C(=O)N2N=CC=C2N1)CC(=O)N3CCN(CC3)C4=CC=CC5=C4C=CN5 s_22__11825898__3392754,8,0.2967032967032967,0.2932960893854748,2,0,4,0
O=C(CN1N=CC2=C(C1=O)CCCC2)N3CCN(CC3)C4=CC=CC5=C4C=NN5 s_11__25843324__14868728,9,0.2954545454545454,0.2981366459627329,6,0,1,0
O=C1C2=CC=CC=C2N=CN1CCN3CCN(CC3)C4=NC=NC5=C4C=CS5 s_2230__24395838__7471562,9,0.2941176470588235,0.2879256965944272,4,0,4,1
CCN1C=CN=C1CN2CCN(CC2)CCC3=C(N=C4C=CC=CN4C3=O)C s_2230__3695196__9780156,12,0.2941176470588235,0.4452054794520548,3,0,7,0
CC1=C(C(=O)N2C=CC=CC2=N1)CCN3CC=C(CC3)C4=CC=CC(=C4F)Cl m_2230__16511224__9780156,10,0.2934782608695652,0.4193548387096774,3,0,5,0
CCCCC1=NC(=C(C(=O)N1)CC(=O)N2CCN(CC2)C3=CC=CC4=C3N=CN4)C s_22__13968870__24335918,5,0.2934782608695652,0.6264591439688716,2,0,1,2
CC1=C(C(=O)N2C=CSC2=N1)CCN3CCN(CC3)C4=CN=CC5=NC=NN45 s_2230__9417632__10122656,8,0.2921348314606741,0.3626062322946176,5,0,2,0
CC1=NN2C(=CN=CC2=N1)N3CCN(CC3)CCC4=C(N=C5SC=CN5C4=O)C s_2230__9090830__10122656,9,0.2921348314606741,0.3561643835616438,5,0,2,1
O=C(NCCN1CCN(CC1)C2=NC=NC3=C2C=CN3)C4=CN=C5N4CCCC5 m_276450__18755804__14206804__18251492,12,0.2921348314606741,0.1739130434782608,10,0,0,0
CC1=C(C(=O)N2C=CC=CC2=N1)CCN3CCC(CC3)N4C=NC5=CC=CN=C45 s_2230__15494046__9780156,11,0.2903225806451613,0.3944099378881988,5,0,4,2
CC1=C(CCCO1)C(=O)N2CC[C@H](C2)N3CCN(CC3)C4=NC=NC5=C4C=CS5 m_276450__27869470__14200236__18957688,9,0.2903225806451613,0.3549382716049383,6,0,1,2
C=CCC1CCCCN1C(=O)CCCN2C=C(N=N2)C3=CC=CC4=C3C=CS4 m_274860__17175286__15234898__23196854,10,0.2903225806451613,0.2625,4,0,4,1
O=C1C2=CC=CC=C2C(=O)N1CCC3=CCN(CC3)C4=NC=NC5=C4C=CS5 s_27__9581216__60938,12,0.2891566265060241,0.3103448275862069,6,0,5,0
CC1=C(C(=O)N2C=CSC2=N1)CCN3CCN(CC3)C4=C5C=CN=C5NC=N4 s_2230__15607896__10122656,7,0.2888888888888888,0.3855072463768116,4,0,2,0
CCN1CCCCC1C(=O)NCCN2CCN(CC2)C3=NC=NC4=C3C=CS4 m_276450__18755804__14205232__18957688,8,0.2888888888888888,0.3333333333333333,5,0,1,0
COC1=CC=CC=C1C2=CCN(CC2)CCC3=C(N=C4C=CC=CN4C3=O)C s_2230__16924054__9780156,10,0.2888888888888888,0.4229508196721311,2,0,6,1
O=C(CN1N=CC2=C(C1=O)CCCC2)N3CCN(CC3)C4=CC=NC5=C4SC=C5 s_11__22174274__14868728,10,0.2888888888888888,0.3028571428571429,7,0,1,0
CC1=C(C(=O)N2C=CC=CC2=N1)CCN3CCC(CC3)C4=CNC5=CC=CN=C45 s_2230__18057700__9780156,10,0.2872340425531915,0.4185303514376997,4,0,4,2
CC1=C(C(=O)N2C=CC=CC2=N1)CCN3CCC(CC3)C4=CNC5=NC=CC=C45 s_2230__7462992__9780156,9,0.2872340425531915,0.4037267080745341,3,0,4,4
CCCN1CCCCC1C(=O)NCCN2C=C(N=N2)C3=CC=CC4=C3C=CS4 m_276010__17281894__17254492__24751644,11,0.2872340425531915,0.2461059190031152,7,0,2,0
O=C1C2=CC=CC=C2N=CN1CCN3CCN(CC3)C4=CC=CC5=C4C=CN5 s_2230__12304850__7471562,8,0.2857142857142857,0.2363013698630137,3,0,4,1
O=C1C2=CC=CC=C2C(=O)N1CCN3CCN(CC3)C4=NC=NC5=C4SC=C5 s_2230__5635392__680282,12,0.2857142857142857,0.2236421725239616,7,0,4,0
CC1=C(C(=O)N2C=CC=CC2=N1)CCN3CCN(CC3)C(=O)C4=CC=CN4C s_2230__12121556__9780156,10,0.2857142857142857,0.4383116883116883,3,0,5,0
O=C(NC1=CN=C2CCCCN2C1=O)N3CCC(CC3)C4=CC=CC5=C4C=CN5 s_2430__22529536__13035038,6,0.2857142857142857,0.372168284789644,3,0,1,1
COC1=C(C=CC=C1C2CCN(C2)CCC3=C(N=C4C=CC=CN4C3=O)C)F s_2230__17654190__9780156,10,0.2842105263157894,0.405144694533762,3,0,5,0
CCC1=CC=CC=C1C(=O)NCCN2CCN(CC2)C3=NC=NC4=C3C=CS4 m_276450__18755804__14201874__18957688,11,0.2840909090909091,0.261437908496732,4,0,5,0
CNC1=CC=CC=C1C(=O)NCCN2CCN(CC2)C3=NC=NC4=C3C=CS4 m_276450__18755804__27814096__18957688,11,0.2840909090909091,0.28,4,0,5,0
CCOC1=CC=CC=C1C2=CCN(CC2)CCC3=C(N=C4C=CC=CN4C3=O)C s_2230__2206582__9780156,10,0.2826086956521739,0.4230769230769231,3,0,6,1
CC1=C(C(=O)N2N=CC=C2N1)CC(=O)N3CCN(CC3)C4=CC=CC5=C4C=NN5 s_11__25843324__3392752,9,0.2826086956521739,0.2897727272727273,3,0,4,0
CC1=NC2=NC=NN2C(=C1CC(=O)N3CCN(CC3)C4=CC=CC5=C4C=CN5)C s_1626__22069002__22102660,8,0.2826086956521739,0.2218844984802431,4,0,2,0
CC1=NC2=CC=CC=C2C(=O)N1CC(=O)N3CCN(CC3)C4=C5C=C(SC5=CC=C4)Br s_11__22183064__22136346,9,0.2826086956521739,0.3583617747440273,2,0,5,1
CC1=C(C(=O)N2C=CC=CC2=N1)CCN3CC=C(CC3)C4=CNC5=CC=CC=C45 s_2230__13421042__9780156,10,0.2826086956521739,0.4128440366972477,3,0,5,2
CCCC1=C(SN=N1)C(=O)NCCN2CCN(CC2)C3=NC=NC4=C3C=CS4 m_276450__18755804__27811504__18957688,11,0.2826086956521739,0.2565597667638484,8,0,1,0
CC1=C(C(=O)N2C=CC=CC2=N1)CCN3CCN(CC3)C4=NC=CN(C4=O)C s_2230__20278136__9780156,10,0.2823529411764706,0.4532871972318339,3,0,5,0
O=C(CN1N=CC2=C(C1=O)CCCC2)N3CCN(CC3)C4=CC=CC5=C4OC=C5 s_11__28469268__14868728,9,0.2808988764044944,0.2874617737003058,6,0,1,0
CC1=NC2=NC=NN2C(=C1CC(=O)N3CCN(CC3)C4=NC=NC5=C4C=CS5)C s_11__24395822__115783,9,0.2795698924731182,0.2591549295774648,5,0,2,0
CC1=C(COCC1)C(=O)N2CC[C@H](C2)N3CCN(CC3)C4=NC=NC5=C4C=CS5 m_276450__27869470__27785454__18957688,9,0.2795698924731182,0.3587301587301587,6,0,1,2
O=C1NC2=CC=CC=C2SC1CCN3CCN(CC3)C4=CC=CC5=C4N=CN5 s_2230__13968354__10902816,12,0.2790697674418604,0.2483660130718954,5,0,6,0
CC1=C(C(=O)N2C=CC=CC2=N1)CCN3CCN(CC3)C(=O)C4=CC=NN4C s_2230__21458684__9780156,10,0.2790697674418604,0.435064935064935,3,0,5,0
CC1=C(C(=O)N2C=CC=CC2=N1)CCN3CCN(CC3)C4=CN5C=CN=C5C=C4 s_2230__22406644__9780156,9,0.2790697674418604,0.4735099337748344,3,0,4,2
CC1=C(C(=O)N2C=CC=CC2=N1)CCN3CCN(CC3)C4=NN5C=NN=C5C=C4 s_2230__3695172__9780156,11,0.2790697674418604,0.4664536741214057,5,0,4,1
CCC1=CC=CN=C1C(=O)NCCN2CCN(CC2)C3=NC=NC4=C3C=CS4 m_276450__18755804__14204362__18957688,11,0.2777777777777778,0.2560240963855422,5,0,4,0
O=C(NCCN1CCN(CC1)C2=NC=NC3=C2SC=C3)C4=C5CCCCC5=CS4 m_276450__18755804__27810886__14214582,11,0.2777777777777778,0.2069892473118279,8,1,0,1
O=C(NCCN1CCN(CC1)C2=NC=NC3=C2SC=C3)C4=CSC5=C4CCCC5 m_276450__18755804__14203690__14214582,12,0.2777777777777778,0.213903743315508,10,0,0,0
CC1=C(C(=O)N2C=CC=CC2=N1)CCN3CCC(CC3)C4=NN=C5N4C=CC=C5 s_2230__4819028__9780156,11,0.2771084337349397,0.4148606811145511,5,0,4,2
CC1=C(C(=O)N2C=CC=CC2=N1)CCN3C=C(C=N3)C4=CC=CC5=C4OCO5 s_2624__28902240__27378702,12,0.2765957446808511,0.3227513227513227,3,1,7,0
CC1=C(C(=O)N2C=CC=CC2=N1)CCN3C=C(N=N3)C4=CC=CC5=C4OCO5 s_273910__29019122__25421384,12,0.2765957446808511,0.3073047858942065,4,1,6,0
O=C(NCCN1CCN(CC1)C2=NC=NC3=C2C=CS3)C4CCCC5=C4C=NN5 m_276450__18755804__14202058__18957688,10,0.2765957446808511,0.3095238095238095,7,0,1,0
O=C(NCCN1CCN(CC1)C2=NC=NC3=C2C=CS3)C4CCCC5=CN=CN45 m_276450__18755804__27783692__18957688,11,0.2765957446808511,0.3039772727272727,7,0,2,0
O=C1C2=CC=CC=C2C(=O)N1CCN3CCN(CC3)C4=CC=CC5=C4NC=C5 m_2230__12909440__680282,10,0.2763157894736842,0.2222222222222222,5,0,4,0
O=C1C2=CC=CC=C2C(=O)N1CCN3CCN(CC3)C4=CC=CC5=C4OC=C5 s_2230__28471962__680282,10,0.2763157894736842,0.2313432835820895,5,0,4,0
CC1=C(COCC1)C(=O)N(C)CCC2CCN(CC2)C3=NC=NC4=C3C=CS4 m_276450__14193134__27785454__18957688,9,0.2747252747252747,0.3279220779220779,7,0,0,0
O=C(NCCN1CCN(CC1)C2=NC=NC3=C2C=CS3)C4=CC=CC5=C4N=CN5 m_276450__18755804__14201520__18957688,11,0.2747252747252747,0.2445820433436532,5,0,4,1
CCCC1CCCC1C(=O)NCCN2CCN(CC2)C3=NC=NC4=C3C=CS4 m_276450__18755804__14203984__18957688,9,0.2747252747252747,0.3274021352313167,5,0,2,0
CC1=C(C(=O)N2C=CC=CC2=N1)CCN3C=C(N=N3)C4=CC=CC5=C4C=NN5 s_273910__29019122__25421768,11,0.2736842105263158,0.320855614973262,5,0,5,0
CC1=C(C(=O)N2N=CC=C2N1)CC(=O)N3CCN(CC3)C4=CC=NC5=C4SC=C5 s_11__22174274__3392752,10,0.2736842105263158,0.3010471204188482,4,0,4,0
CC1=C(C(=O)N2C=CC=CC2=N1)CCN3CCC(CC3)C4=CNC5=CN=CC=C45 s_2230__20055952__9780156,9,0.2736842105263158,0.4102564102564102,3,0,4,2
O=C1NC2=CC=CC=C2SC1CCN3CCN(CC3)C4=CC=CC5=C4OC=C5 s_2230__28471962__10902816,12,0.2727272727272727,0.2696245733788396,5,0,6,0
CC1=NN=C2N1C=CN=C2N3CCN(CC3)CCC4=C(N=C5C=CC=CN5C4=O)C s_2230__9109964__9780156,10,0.2727272727272727,0.4350453172205438,5,0,4,0
CC1=C(C(=O)NC2=CC=CC=C12)CC(=O)N3CCN(CC3)C4=CC=CC5=C4C=CN5 s_22__11825898__20854936,11,0.2727272727272727,0.3412969283276451,4,0,6,0
O=C1C2=CC=CC=C2C(=O)N1CCN3CCN(CC3)C4=CC=CC5=C4N=CN5 s_2230__13968354__680282,10,0.2727272727272727,0.215547703180212,5,0,4,0
CC1=NC2=CC=CC=C2C(=O)N1CC(=O)N3CCN(CC3)C4=NC=NC5=C4C=CS5 s_527__24395882__9703978,10,0.2717391304347826,0.2831858407079646,4,0,5,0
CCC1=CN=CC=C1C(=O)NCCN2CCN(CC2)C3=NC=NC4=C3C=CS4 m_276450__18755804__14204354__18957688,11,0.2717391304347826,0.2563291139240506,5,0,4,0
CNC1=CN=CC=C1C(=O)NCCN2CCN(CC2)C3=NC=NC4=C3C=CS4 m_276450__18755804__27812084__18957688,11,0.2717391304347826,0.2628205128205128,5,0,4,0
CC1=C(C(=O)C2=CC=CN=C2N1)C(=O)N3CCN(CC3)C4=NC=NC5=C4C=CS5 s_22__24035806__28465996,11,0.2717391304347826,0.3234501347708894,4,0,5,0
CC1=C(C(=O)N2C=CC=CC2=N1)CCN3CC=C(CC3)C4=CNC5=NC=CC=C45 s_2230__7460536__9780156,10,0.2708333333333333,0.3872832369942196,3,0,5,4
O=C1C2=CC=CC=C2N=CN1CCN3CCN(CC3)C4=CC=CC5=C4C=NN5 s_2230__17793196__7471562,9,0.2705882352941176,0.2387543252595155,4,0,4,1
CC1=C(C(=O)N2C=CC=CC2=N1)CCN3CCC(CC3)C4=CN5C=CC=CC5=N4 s_2230__19628938__9780156,10,0.2705882352941176,0.4006211180124223,4,0,4,2
CC1=C(C(=O)N2C=CC=CC2=N1)CCN3CCN(CC3)CCNC(=O)C4=CC=CO4 s_2230__24549986__9780156,10,0.2696629213483146,0.4612794612794613,1,1,6,2
CC1=C(C(=O)OC2=CC=CC=C12)C(=O)N3CCN(CC3)C4=CC=CC5=C4C=CN5 s_1626__22069002__22017184,12,0.2696629213483146,0.271875,5,0,5,0
O=C(NCCN1CCN(CC1)C2=NC=NC3=C2C=CS3)C4CCCCC4C5CC5 m_276450__18755804__14205338__18957688,9,0.2696629213483146,0.3274021352313167,5,0,2,1
COC1=CN=CC=C1C(=O)NCCN2CCN(CC2)C3=NC=NC4=C3C=CS4 m_276450__18755804__27815324__18957688,11,0.2688172043010752,0.2643312101910828,6,0,3,0
CC1=C(C(=O)N2N=CC=C2N1)CC(=O)N3CCN(CC3)C4=CC=CC5=C4NC=C5 m_527__12909438__3392756,9,0.2688172043010752,0.287292817679558,3,0,4,0
CC1=NC2=NC=NN2C(=C1CC(=O)N3CCN(CC3)C4=CC=CC5=C4C=NN5)C s_11__25843324__115783,9,0.2688172043010752,0.2191358024691358,5,0,2,0
O=C1NC2=CC=CC=C2C(=C1CN3CCN(CC3)C4=CC=CC5=C4C=CN5)Cl s_270004__12304860__14575900,10,0.2674418604651162,0.2935153583617747,4,0,5,0
O=C(NC1=CC=CC=C1Br)OCCN2CCN(CC2)C3=CC=CC4=C3C=CN4 s_2230__12304850__22379588,12,0.2674418604651162,0.2226277372262773,5,0,5,0
CC1=C(C(=O)N2C=CC=CC2=N1)CCN3CCN(CC3)C4=CN=CC5=NC=NN45 s_2230__9417632__9780156,8,0.2666666666666666,0.43202416918429,4,0,4,0
CC1=C(C(=O)N2C=CC=CC2=N1)CCN3CCN(CC3)C4=CN=CC5=NN=NN45 s_2230__18364006__9780156,9,0.2666666666666666,0.4124629080118694,5,0,4,0
CNC1=CN=NC=C1C(=O)NCCN2CCN(CC2)C3=NC=NC4=C3C=CS4 m_276450__18755804__27783876__18957688,11,0.2666666666666666,0.2606060606060606,6,0,3,0
COC1=NC=CN=C1C(=O)NCCN2CCN(CC2)C3=NC=NC4=C3C=CS4 m_276450__18755804__27813606__18957688,11,0.2666666666666666,0.2522255192878338,7,0,2,0
O=C(CN1N=CC2=C(C1=O)CCCC2)N3CCN(CC3)C4=CC=CC5=C4N=CN5 s_11__25843604__14868728,9,0.2666666666666666,0.2818991097922849,6,0,1,0
CC1=C(C(=O)N2N=CC=C2N1)CC(=O)N3CCN(CC3)C4=CC=CC5=C4OC=C5 s_11__28469268__3392752,9,0.2659574468085106,0.2936288088642659,3,0,4,0
O=C(NCCN1CCN(CC1)C2=NC=NC3=C2C=CS3)C4=C5OCCCN5N=C4 m_276450__18755804__14200672__18957688,10,0.2659574468085106,0.2349869451697128,8,0,0,0
O=C1C2=CC=CC=C2N=CN1CCN3CCN(CC3)C4=NC=NC5=C4SC=C5 s_2230__5635392__7471562,11,0.264367816091954,0.2388059701492537,6,0,4,1
O=C1NC2=CC=CC=C2C(=C1CN3CCN(CC3)C4=CC=CC5=C4C=NN5)Cl s_270004__17793206__14575900,11,0.264367816091954,0.3020833333333333,5,0,5,0
CC1=C(C(=O)N2C=CC=CC2=N1)CCN3CCN(CC3)C4=C5C=CN=C5NC=N4 s_2230__15607896__9780156,7,0.2637362637362637,0.4584615384615385,3,0,4,0
CCC1=NC=NC=C1C(=O)NCCN2CCN(CC2)C3=NC=NC4=C3C=CS4 m_276450__18755804__14204302__18957688,11,0.2637362637362637,0.2531645569620253,6,0,3,0
O=C(C[C@@H]1CCCC[C@H]1O)NCCN2CCN(CC2)C3=NC=NC4=C3C=CS4 m_276450__18755804__27785122__18957688,10,0.2637362637362637,0.3263888888888889,6,0,2,0
O=C(C[C@H]1CCCC[C@@H]1O)NCCN2CCN(CC2)C3=NC=NC4=C3C=CS4 m_276450__18755804__27784860__18957688,10,0.2637362637362637,0.3263888888888889,6,0,2,0
O=C(C[C@H]1CCCC[C@H]1F)NCCN2CCN(CC2)C3=NC=NC4=C3C=CS4 m_276450__18755804__27781330__18957688,10,0.2637362637362637,0.3286713286713286,7,0,1,0
CC1=C(C(=O)N2N=CC=C2N1)CC(=O)N3CCN(CC3)C4=NC=NC5=C4SC=C5 s_527__5635386__3392756,11,0.2631578947368421,0.2871536523929471,5,0,4,0
CC1=NC2=NC=NN2C(=C1CC(=O)N3CCN(CC3)C4=CC=NC5=C4SC=C5)C s_11__22174274__115783,10,0.2631578947368421,0.2359550561797752,6,0,2,0
CC1=C(CCCO1)C(=O)N2CC[C@@H](C2)N3CCN(CC3)C4=NC=NC5=C4SC=C5 m_276450__27869474__14200236__14214582,11,0.2631578947368421,0.2985074626865671,8,0,1,2
O=C(CN1C(=O)C2=CC=CC=C2C1=O)N3CCN(CC3)C4=NC=NC5=C4C=CS5 s_527__24395882__156271,12,0.2619047619047619,0.2636655948553054,5,0,5,0
CN(CCC1CCN(CC1)C2=NC=NC3=C2C=CS3)C(=O)C=C4CCCCC4 m_276450__14193134__14200008__18957688,10,0.2613636363636363,0.3310104529616725,7,0,1,0
O=C(CCN1C(=O)NC2=CC=CC=C2C1=O)N3CCN(CC3)C4=CC=CC5=C4C=CN5 s_22__11825898__22784916,11,0.2613636363636363,0.232258064516129,4,0,5,0
COC1=CN=CN=C1C(=O)NCCN2CCN(CC2)C3=NC=NC4=C3C=CS4 m_276450__18755804__27785636__18957688,11,0.2608695652173913,0.2647975077881619,7,0,2,0
CC1=C(C(=O)C2=CC=CN=C2N1)C(=O)N3CCN(CC3)C4=CC=CC5=C4C=CN5 s_22__11825898__28465996,10,0.2608695652173913,0.2932551319648094,3,0,5,0
O=C(CCN1C(=O)NC2=CC=CC=C2C1=O)N3CCN(CC3)C4=NC=NC5=C4C=CS5 s_22__24035806__22784916,12,0.2608695652173913,0.2777777777777778,5,0,5,0
CC1=C(C(=O)N2C=CC=CC2=N1)CCN3C=C(N=N3)C4=CC=CC5=C4NCC5 s_275090__29019144__16482932,12,0.2604166666666667,0.3402597402597402,5,0,6,0
CC1=C(C(=O)N2C=CC=CC2=N1)CCN3C=C(N=N3)C4=CC=CC5=C4OCC5 s_273910__29019122__12385554,12,0.2604166666666667,0.3135802469135803,5,0,6,0
C1=CC2=CC=C(C=C2C=C1)CCN3CCN(CC3)C4=NC=NC5=C4C=CS5 s_2230__24395838__4915570,10,0.2592592592592592,0.2743055555555556,4,0,4,2
O=C(CN1C(=O)C2CCCCC2C1=O)N3CCN(CC3)C4=CC=CC5=C4C=CN5 s_1626__22069002__510612,8,0.2588235294117647,0.3043478260869565,4,0,2,0
O=C1NC2=C(C=C1NC(=O)N3CCN(CC3)C4=CC=CC5=C4C=CN5)CCCC2 s_2430__11680994__12304852,8,0.2584269662921348,0.30625,4,0,2,1
O=C1C2=CC=CC=C2C(=O)N1CCC3=CCN(CC3)C4=NC=C(C5=C4C=CS5)Br s_27__9581216__25397508,12,0.2584269662921348,0.3427672955974842,5,0,5,1
CCN1CCOCC1C(=O)NCCN2CCN(CC2)C3=NC=NC4=C3C=CS4 m_276450__18755804__14204356__18957688,9,0.2580645161290322,0.2933333333333333,6,0,1,0
CC(C(=O)NCC1CCN(CC1)C2=NC=NC3=C2C=CS3)N4CCCCC4=O m_276450__14192936__14205148__18957688,10,0.2580645161290322,0.3333333333333333,7,0,1,0
CC1=C(C(=O)C2=CC=CN=C2N1)C(=O)N3CCN(CC3)C4=CC=CC5=C4C=NN5 s_22__17793186__28465996,11,0.2580645161290322,0.2865497076023391,4,0,5,0
CC1=NC2=CC=C(C=C2C(=O)N1CC(=O)N3CCN(CC3)C4=NC=NC5=C4C=CS5)O s_22__24035806__16762640,11,0.2577319587628865,0.2763532763532763,4,0,5,0
COC1=CC=CC(=C1F)N2CCN(CC2)CCN3C(=O)C4=CC=CC=C4C3=O s_2230__22406592__680282,12,0.2564102564102564,0.2134831460674157,4,1,5,0
O=C1C2=CC=CC=C2N=CN1CCN3CCN(CC3)C4=CC=CC5=C4OC=C5 s_2230__28471962__7471562,9,0.2558139534883721,0.2405498281786941,4,0,4,1
O=C(CN1C(=O)C2CCCCC2C1=O)N3CCN(CC3)C4=CC=CC5=C4C=NN5 s_527__17793194__156526,9,0.2558139534883721,0.308,5,0,2,0
O=C(CN1C(=O)C2CCCCC2C1=O)N3CCN(CC3)C4=NC=NC5=C4C=CS5 s_527__24395882__156526,9,0.2558139534883721,0.3460207612456747,5,0,2,0
O=C1NC2=C(C=C1NC(=O)N3CCN(CC3)C4=CC=CC5=C4C=NN5)CCCC2 s_2430__11680994__17793198,9,0.2555555555555555,0.3079365079365079,5,0,2,1
O=C(NCCN1CCN(CC1)C2=NC=NC3=C2C=CS3)C4=NC=NC5=C4NC=C5 m_276450__18755804__27788694__18957688,12,0.2555555555555555,0.2443181818181818,6,0,4,1
CC1=C(C(=O)N2C=CC=CC2=N1)CCN3CCC(CC3)C4=NN=C5N4C=CN=C5 s_2230__18325406__9780156,11,0.2555555555555555,0.4161490683229814,5,0,4,2
N#CC1=CC=NC=C1C(=O)NCCN2CCN(CC2)C3=NC=NC4=C3C=CS4 m_276450__18755804__28192226__18957688,12,0.2553191489361702,0.2408536585365853,6,0,4,0
CCCC1=CC=CC=C1C(=O)NCCN2CCN(CC2)C3=C4C=CSC4=NC(=N3)C m_276450__18755804__14200736__19496962,12,0.2553191489361702,0.2724458204334365,5,0,5,1
CC1=C(C(=O)N2N=CC=C2N1)CC(=O)N3CCN(CC3)C4=CC=CC5=C4N=CN5 s_11__25843604__3392752,9,0.2553191489361702,0.282258064516129,3,0,4,0
CC1=NC2=NC=NN2C(=C1CC(=O)N3CCN(CC3)C4=CC=CC5=C4OC=C5)C s_22__28465444__130878,9,0.2553191489361702,0.2272727272727272,5,0,2,0
CCOC1=CC=CC=C1N2CCN(CC2)CCN3C(=O)C4=CC=CC=C4C3=O s_2230__665560__680282,12,0.2533333333333333,0.2290076335877862,5,0,5,1
O=C(CN1C(=O)C2=CC=CC=C2C1=O)N3CCN(CC3)C4=CC=CC5=C4C=CN5 s_1626__22069002__22016428,11,0.253012048192771,0.223826714801444,4,0,5,0
C1=CC2=C(S1)N=CN=C2N3CCN(CC3)CCC4=CC=C5OCCCC5=C4 s_2230__24395838__23291970,7,0.2528735632183908,0.2598187311178248,5,0,0,2
O=C(CN1CCCCC1=O)NCCN2CCN(CC2)C3=NC=NC4=C3N=CS4 m_276450__18755804__14200608__14155830,10,0.2527472527472527,0.2626262626262626,8,0,0,0
O=C(CCN1C(=O)C2=CC=CC=C2NC1=S)N3CCN(CC3)C4=CC=CC5=C4C=NN5 s_527__17793194__157286,12,0.2527472527472527,0.2208201892744479,5,0,5,0
CC1=C(C(=O)N2C=CC=CC2=N1)CCN3CCC(CC3)C4=CN5C=CC=NC5=N4 s_2230__19628974__9780156,11,0.2527472527472527,0.4095238095238095,5,0,4,2
CC1=C(COCC1)C(=O)N2CCC3(CC2)CCN(CC3)C4=NC=NC5=C4SC=C5 m_276450__18955116__27785454__14214582,12,0.2527472527472527,0.2830188679245283,9,0,1,1
CCCC1=CC=CC=C1C(=O)N[C@H](C)CN2CCN(CC2)C3=NC=NC4=C3C=CS4 m_276450__27871500__14200736__18957688,12,0.2526315789473684,0.2797427652733119,5,0,5,1
O=C(CCN1C(=O)C2=CC=CC=C2N=C1S)N3CCN(CC3)C4=CC=NC5=C4SC=C5 s_22__13570828__326448,12,0.2526315789473684,0.2660818713450292,6,0,4,0
O=C(NCCN1CCN(CC1)C2=NC=NC3=C2C=CS3)C4=CC=CC5=NC=NN45 m_276450__18755804__14204398__18957688,12,0.2526315789473684,0.2443820224719101,6,0,4,1
O=C(NCCN1CCN(CC1)C2=NC=NC3=C2C=CS3)C4=CC=CN5C4=NN=N5 m_276450__18755804__14202164__18957688,12,0.2526315789473684,0.2314285714285714,7,0,3,0
O=C(NCCN1CCN(CC1)C2=NC=NC3=C2C=CS3)C4=NC=CN5C4=CC=N5 m_276450__18755804__27784018__18957688,12,0.2526315789473684,0.2465753424657534,8,0,2,1
O=C(NCCN1CCN(CC1)C2=NC=NC3=C2C=CS3)C4=NC=CN5C4=NN=C5 m_276450__18755804__27788924__18957688,12,0.2526315789473684,0.2366197183098591,7,0,3,0
CC1=C(C(=O)N2C=CC=CC2=N1)CCN3C=C(N=N3)C4=C5C(=CC=C4)ON=C5N s_273910__29019122__25423204,12,0.2525252525252525,0.3088235294117647,4,1,5,1
CC1=C(C(=O)N2C=CC=CC2=N1)CCN3CCC(CC3)N4N=CC5=C4CNC5 s_269982__11506158__22498030,11,0.25,0.3654390934844193,5,0,5,0
O=C1NC2=CC=CC=C2C(=C1CN3CCN(CC3)C4=CC=NC5=C4SC=C5)Cl s_270004__24155862__14575900,12,0.25,0.3132911392405063,6,0,5,0
CC1CCCCC1CC(=O)NCCN2CCN(CC2)C3=NC=NC4=C3SC=C4 m_276450__18755804__14206122__14214582,12,0.25,0.2671232876712329,8,0,2,0
COC1=CC=CC(=C1F)N2CCN(CC2)CCN3C=NC4=CC=CC=C4C3=O s_2230__22406592__7471562,11,0.25,0.2222222222222222,3,1,5,1
C1=CC2=C(S1)N=CN=C2N3CCN(CC3)CCC4=CC=C5OCCOC5=C4 s_2230__24395838__8635612,8,0.25,0.2600619195046439,6,0,0,2
C1=CC2=CC=C(C=C2C=C1)CCN3CCN(CC3)C4=CC=CC5=C4C=CN5 s_2230__12304850__4915570,9,0.25,0.2094861660079051,3,0,4,2
O=C(CN1C(=O)C2=CC=CC=C2C1=O)N3CCN(CC3)C4=CC=CC5=C4C=NN5 s_527__17793194__156271,12,0.25,0.2262773722627737,5,0,5,0
O=C1NC2=CC=CC=C2C(=C1C(=O)N3CCN(CC3)C4=CC=CC5=C4C=CN5)O s_487__12304844__25374498,12,0.25,0.2814569536423841,3,0,7,0
O=C(NCCN1CCN(CC1)C2=NC=NC3=C2SC=C3)C4CCCC5=C4N=CN5 m_276450__18755804__20152074__14214582,10,0.25,0.2478632478632478,7,0,1,1
O=C(NCCN1CCN(CC1)C2=NC=NC3=C2C=CN3)C4=NNC5=C4CCCC5 m_276450__18755804__14207032__18251492,11,0.25,0.2022160664819944,9,0,0,0
CC1=C(C(=O)N2C=CC=CC2=N1)CCN3CCC(CC3)C4=CC=NN4CCO s_2230__2544230__9780156,12,0.25,0.4235668789808917,3,1,6,0
CSCC1=CC=CN=C1C(=O)N[C@H](C)CN2CCN(CC2)C3=NC=NC4=C3C=CS4 m_276450__27871500__27786990__18957688,12,0.2474226804123711,0.2623906705539358,7,0,3,1
CCCCC1=NC(=C(C(=O)N1)CC(=O)N2CCC(CC2)C3=CC=CC4=C3C=CN4)C s_527__13035034__24335920,5,0.2474226804123711,0.524904214559387,2,0,1,2
O=C(NC1=CN=C2CCCCN2C1=O)N3CC=C(CC3)C4=CC=NC5=C4C=CN5 m_2430__22529536__22576782,8,0.2474226804123711,0.3757396449704142,4,0,2,1
CC1=C(C(=O)N2C=CC=CC2=N1)CCN3CCC(CC3)C(O)C4=CC=NN4C s_2230__12156366__9780156,12,0.2473118279569892,0.435064935064935,4,0,6,0
O=C(NC1=CN=C2C=CC=CN2C1=O)N3CCN(CC3)C4=CC=CC5=C4C=CN5 s_2430__22529678__12304852,9,0.2473118279569892,0.327217125382263,2,0,5,1
O=C(NCCN1CCN(CC1)C2=NC=NC3=C2C=CN3)C4=C5CCCCC5=NO4 m_276450__18755804__14204930__18251492,11,0.2473118279569892,0.1941489361702127,8,0,1,0
O=C(CC1=CCCCC1)N2CC[C@H](C2)N3CCN(CC3)C4=NC=NC5=C4C=CS5 m_276450__27869470__14200074__18957688,10,0.2473118279569892,0.3554817275747508,7,0,1,1
CN1CCCC[C@@H]1C(=O)N2CC[C@H](C2)N3CCN(CC3)C4=NC=NC5=C4C=CS5 m_276450__27869470__18957698__18957688,9,0.2473118279569892,0.34375,6,0,1,2
CN1CCCC[C@H]1C(=O)N2CC[C@H](C2)N3CCN(CC3)C4=NC=NC5=C4C=CS5 m_276450__27869470__14206714__18957688,9,0.2473118279569892,0.34375,6,0,1,2
CCCN1CCC[C@H]1C(=O)NCCN2CCN(CC2)C3=NC=NC4=C3SC=C4 m_276450__18755804__27801074__14214582,11,0.2473118279569892,0.2783505154639175,8,0,1,0
COCC1=CC(=NO1)C2CCN(CC2)CCC3=C(N=C4C=CC=CN4C3=O)C s_2230__16514306__9780156,12,0.2473118279569892,0.4037267080745341,5,0,5,1
CCOC1=CC=CC=C1N2CCN(CC2)CCN3C=NC4=CC=CC=C4C3=O s_2230__665560__7471562,11,0.2470588235294117,0.2402826855123674,4,0,5,2
C1=CC2=CC=C(C=C2C=C1)CCN3CCN(CC3)C4=CC=CC5=C4C=NN5 s_2230__17793196__4915570,10,0.2469135802469135,0.212,4,0,4,2
O=C1NC2=C(N1)C(=CC=C2)N3CCN(CC3)CCN4C(=O)C5=CC=CC=C5C4=O s_2230__13166788__680282,11,0.2467532467532467,0.2250922509225092,5,0,4,1
CC1=NC2=CC=CC=C2C(=O)N1CC(=O)N3CCN(CC3)C4=NC=NC5=C4SC=C5 s_527__5635386__9703978,12,0.2446808510638297,0.2406876790830945,6,0,5,0
O=C(CN1C(=O)C2=CC=CC=C2N=C1S)N3CCN(CC3)C4=NC=NC5=C4C=CS5 s_22__24035806__309126,11,0.2446808510638297,0.2795389048991354,5,0,5,0
NC1=C(C(=O)C2=CC(=CC=C2O1)F)CN3CCN(CC3)C4=CC=CC5=C4C=CN5 s_270004__12304860__24720676,10,0.2446808510638297,0.2620481927710843,4,0,4,0
O=C(NCCC1CCN(CC1)C2=NC=NC3=C2C=CS3)C4=CSC5=C4CCCC5 m_276450__14193098__14203690__18957688,11,0.2446808510638297,0.2540983606557377,9,0,0,0
O=C(NCCN1CCN(CC1)C2=NC=NC3=C2N=CS3)C4=C5CCCCC5=NO4 m_276450__18755804__14204930__14155830,11,0.2446808510638297,0.2151898734177215,8,0,1,0
O=C(NCCN1CCN(CC1)C2=NC=NC3=C2N=CS3)C4=C5CCCCN5N=C4 m_276450__18755804__14201978__14155830,10,0.2446808510638297,0.2148337595907928,8,0,0,0
N#CCC1=C(SC=C1)C(=O)NCCN2CCN(CC2)C3=NC=NC4=C3C=CS4 m_276450__18755804__27783092__18957688,12,0.2446808510638297,0.2433234421364985,7,0,3,0
CCN(CC1CCN(CC1)C2=NC=NC3=C2C=CS3)C(=O)CC4=CCCCC4 m_276450__14193364__14200074__18957688,11,0.2446808510638297,0.3276450511945392,8,0,1,0
C/C(=C\C1=CC=CC=C1)/C(=O)NCC2CCN(CC2)C3=NC=NC4=C3C=CS4 m_276450__14192936__27815196__18957688,12,0.2444444444444444,0.3531468531468531,6,0,4,0
CN(CCC1CCN(CC1)C2=NC=NC3=C2C=CS3)C(=O)C4CCCCN4C m_276450__14193134__14206930__18957688,9,0.2444444444444444,0.3215547703180212,7,0,0,0
C=C1C2=CC=CC=C2C(=O)N1CC(=O)N3CCN(CC3)C4=NC=NC5=C4C=CS5 s_527__24395882__210149,12,0.2444444444444444,0.2654320987654321,4,0,6,0
O=C1C2=CC=CC=C2N=CN1CCN3CCN(CC3)C4=CC=CC5=C4N=CN5 s_2230__13968354__7471562,9,0.2441860465116279,0.2277227722772277,4,0,4,1
C1=CC2=C(C=CN2)C(=C1)N3CCN(CC3)CCC4=CC=C5OCCCC5=C4 s_2230__12304850__23291970,6,0.2441860465116279,0.2114093959731543,4,0,0,2
O=C(CN1C(=O)[C@H]2CC=CC[C@H]2C1=O)N3CCN(CC3)C4=CC=CC5=C4C=CN5 s_1626__22069002__22114684,10,0.2441860465116279,0.3143939393939394,4,0,4,0
CC1=NC2=CC=C(C=C2C(=O)N1CC(=O)N3CCN(CC3)C4=CC=NC5=C4SC=C5)O s_22__13570828__16762640,12,0.2424242424242424,0.2543859649122807,5,0,5,0
CCCN1C(=O)NC(=O)C(=C1N)C(=O)CN2CCN(CC2)C3=CC=CC4=C3C=NN4 s_2230__17793196__7466048,9,0.2421052631578947,0.3265306122448979,5,0,2,1
O=C(NC1=CN=C2C=CC=CN2C1=O)N3CCN(CC3)C4=NC=NC5=C4C=CS5 s_2430__22529678__24395850,10,0.2421052631578947,0.3480662983425414,3,0,5,1
CC1=NC2=NC=NN2C(=C1CC(=O)N3CCN(CC3)C4=CC=CC5=C4N=CN5)C s_11__25843604__115783,9,0.2421052631578947,0.2142857142857142,5,0,2,0
NC1=C(C(=O)C2=CC(=CC=C2O1)F)CN3CCN(CC3)C4=CC=CC5=C4C=NN5 s_270004__17793206__24720676,11,0.2421052631578947,0.2552552552552553,5,0,4,0
CCN(CC1CCN(CC1)C2=NC=NC3=C2C=CS3)C(=O)C4=CCCCC4C m_276450__14193364__27795172__18957688,11,0.2421052631578947,0.3527397260273973,6,0,3,0
CN1CCCC[C@@H]1C(=O)N2CCC3(CC2)CCN(CC3)C4=NC=NC5=C4C=CS5 m_276450__18955116__18957698__18957688,10,0.2417582417582417,0.3215547703180212,7,0,1,1
C1=CC2=C(C=NN2)C(=C1)N3CCN(CC3)CCC4=CC=C5OCCCC5=C4 s_2230__17793196__23291970,7,0.2413793103448276,0.206081081081081,5,0,0,2
O=C1NC2=C(N1)C(=CC=C2)N3CCN(CC3)CCN4C=NC5=CC=CC=C5C4=O s_2230__13166788__7471562,10,0.2413793103448276,0.2346938775510204,4,0,4,2
O=C(CN1C(=O)[C@H]2CC=CC[C@H]2C1=O)N3CCN(CC3)C4=CC=CC5=C4C=NN5 s_527__17793194__10564388,11,0.2413793103448276,0.318007662835249,5,0,4,0
C1=CC2=C(C=CN2)C(=C1)N3CCN(CC3)CCC4=CC=C5OCCOC5=C4 s_2230__12304850__8635612,7,0.2409638554216867,0.2090592334494773,5,0,0,2
N#CC1=C(C=CC=C1F)N2CCN(CC2)CCN3C(=O)C4=CC=CC=C4C3=O s_2230__665178__680282,12,0.240506329113924,0.2159090909090909,5,0,5,0
CC1=C(C(=O)N2C=CC=CC2=N1)CCN3C=C(N=N3)C4=CC=C(C5=C4C=NN5)F s_273910__29019122__25423082,12,0.24,0.3144329896907216,5,0,5,1
CCC1=C(CCCO1)C(=O)NCCN2CCN(CC2)C3=NC=NC4=C3SC=N4 m_276450__18755804__27791440__28201854,10,0.2395833333333333,0.2433234421364985,7,0,1,0
O=C(NCCN1CCN(CC1)C2=NC=NC3=C2C=CS3)C4COCCN4CC(F)F m_276450__18755804__14205390__18957688,11,0.2395833333333333,0.2931596091205212,8,0,1,0
O=C(NCCN1CCN(CC1)C2=NC=NC3=C2C=CN3)C4CCCC5=NC=NN45 m_276450__18755804__18783510__18251492,10,0.2395833333333333,0.2054794520547945,7,0,1,1
CC1=NC2=NC=CC=C2C=C1CC(=O)N3CCN(CC3)C4=NC=NC5=C4C=CS5 s_11__24395822__22272842,10,0.2391304347826087,0.2507204610951009,4,0,4,1
O=C1NC2=CC=CC=C2C=C1CC(=O)N3CCN(CC3)C4=NC=NC5=C4C=CS5 s_527__24395882__761124,12,0.2391304347826087,0.3817034700315457,4,0,6,1
O=C1OC2=CC=CC=C2C=C1CC(=O)N3CCN(CC3)C4=NC=NC5=C4C=CS5 s_11__24395822__22272908,12,0.2391304347826087,0.3189655172413793,5,0,5,1
CC1=NC2=CC=CC=C2C(=C1C(=O)N3CCN(CC3)C4=NC=NC5=C4C=CS5)C s_22__24035806__9475876,11,0.2391304347826087,0.2426035502958579,4,0,5,0
O=C(NCCN1CCN(CC1)C2=NC=NC3=C2C=CN3)C4=C5CCCCC5=CN4 m_276450__18755804__19429448__18251492,10,0.2391304347826087,0.1813031161473088,8,0,0,1
O=C1NC2=CC=CC=C2C=C1CC(=O)N3CCN(CC3)C4=CC=CC5=C4C=CN5 s_22__11825898__761094,11,0.2386363636363636,0.352112676056338,3,0,6,1
C1=CC2=C(C=NN2)C(=C1)N3CCN(CC3)CCC4=CC=C5OCCOC5=C4 s_2230__17793196__8635612,8,0.238095238095238,0.2027972027972027,6,0,0,2
CCC(NC(=O)NCCC1=C(N=C2C=CC=CN2C1=O)C)C3=CC=CC4=C3NC=C4 s_2708__29308224__17547888,11,0.2376237623762376,0.4049079754601227,4,0,5,2
CC1=C(C(=O)N2C=CC=CC2=N1)CCN3CCN(C(C3)C)C4=NC=CN5C4=NN=C5 s_2230__7534636__9780156,10,0.2371134020618556,0.4511041009463722,5,0,4,1
CCCCN1CCOCC1C(=O)NCCN2CCN(CC2)C3=NC=NC4=C3SC=C4 m_276450__18755804__14205386__14214582,12,0.2371134020618556,0.2547770700636942,9,0,1,1
NC1=C(C(=O)C2=CC(=CC=C2O1)F)CN3CCN(CC3)C4=CC=NC5=C4SC=C5 s_270004__24155862__24720676,12,0.2371134020618556,0.2777777777777778,6,0,4,0
O=C(NCCN1CCN(CC1)C2=NC=NC3=C2SC=N3)C4CCCC5=NC=NN45 m_276450__18755804__18783510__28201854,11,0.2371134020618556,0.2058047493403693,8,0,1,1
CC1=C(C(=O)NC2=CC=CC=C12)CC(=O)N3CCN(CC3)C4=CC=CC5=C4OC=C5 s_22__28465444__20854936,12,0.2365591397849462,0.3436426116838488,5,0,6,0
O=C(CN1C(=O)C2=CC=CC=C2N=C1S)N3CCN(CC3)C4=CC=CC5=C4C=CN5 s_22__11825898__309126,10,0.2365591397849462,0.2310126582278481,4,0,5,0
O=C(CN1C(=O)NC2=CC=CC=C2C1=O)N3CCN(CC3)C4=NC=NC5=C4C=CS5 s_527__24395882__550102,12,0.2365591397849462,0.2631578947368421,5,0,6,0
O=C1NC2=C(C=C1NC(=O)N3CCN(CC3)C4=CC=NC5=C4SC=C5)CCCC2 s_2430__11680994__22575770,10,0.2365591397849462,0.3196480938416422,6,0,2,1
O=C(NCCN1CCN(CC1)C2=NC=NC3=C2C=CN3)C4=C5CCCCC5=CO4 m_276450__18755804__14201254__18251492,10,0.2365591397849462,0.1949152542372881,7,0,1,1
O=C(CN1C(=O)NC2=CC=CC=C2C1=O)N3CCN(CC3)C4=CC=CC5=C4C=CN5 s_22__11825898__550054,11,0.2359550561797752,0.2135922330097087,4,0,6,0
O=C1NC2=CC=CC=C2C(=C1CN3CCN(CC3)C4=CC=CC5=C4N=CN5)Cl s_270004__24159222__14575900,11,0.2359550561797752,0.2819672131147541,5,0,5,0
N#CC1=C(C=CC=C1F)N2CCN(CC2)CCN3C=NC4=CC=CC=C4C3=O s_2230__665178__7471562,11,0.2359550561797752,0.2237762237762237,4,0,5,1
CC1=CC2=C(C=C1NC(=O)N3CCN(CC3)C4=CC=CC5=C4C=CN5)OCCO2 s_2430__27548240__12304852,9,0.2359550561797752,0.2171052631578947,6,0,1,1
O=C(CC1=CC2=CC=CC=C2C=C1O)N3CCN(CC3)C4=NC=NC5=C4C=CS5 s_22__24035806__21389038,12,0.2359550561797752,0.2718446601941747,5,0,5,1
O=C1NC2=CC=CC=C2C=C1CC(=O)N3CCN(CC3)C4=CC=CC5=C4C=NN5 s_527__17793194__761124,12,0.2359550561797752,0.3571428571428571,4,0,6,1
C=C1C2=CC=CC=C2C(=O)N1CC(=O)N3CCN(CC3)C4=CC=CC5=C4C=CN5 s_1626__22069002__512428,11,0.2359550561797752,0.2310344827586206,3,0,6,0
CC1=C(CCCO1)C(=O)N2CC[C@H](C2)N3CCN(CC3)C4=NC=NC5=C4N=CS5 m_276450__27869470__14200236__14155830,10,0.2346938775510204,0.2920353982300885,7,0,1,2
CC1=NC2=CC=CC=C2C(=C1CC(=O)N3CCN(CC3)C4=NC=NC5=C4C=CS5)C s_527__24395882__155628,10,0.2340425531914893,0.257396449704142,4,0,5,0
CN(CCC1CCN(CC1)C2=NC=NC3=C2C=CS3)C(=O)CC4=CCOCC4 m_276450__14193134__14202374__18957688,11,0.2340425531914893,0.3104575163398693,8,0,1,0
CCCN1CCCCC1C(=O)N(C)CCC2CCN(CC2)C3=NC=NC4=C3C=CS4 m_276450__14193134__27809982__18957688,10,0.2340425531914893,0.3215547703180212,7,0,1,0
O=C(NC1=CN=C2C=CC=CN2C1=O)N3CCN(CC3)C4=CC=CC5=C4C=NN5 s_2430__22529678__17793198,10,0.2340425531914893,0.3230769230769231,3,0,5,1
O=C(NCCN1CCN(CC1)C2=NC=NC3=C2C=NN3)C4=C5CCCCN5C=C4 m_276450__18755804__14206410__28201338,10,0.2340425531914893,0.1781914893617021,8,0,0,1
CCCN1CCCCC1C(=O)NCC2CCN(CC2)C3=NC=NC4=C3C=CS4 m_276450__14192936__27809982__18957688,10,0.2340425531914893,0.3368794326241134,7,0,1,0
CCN(CC1CCN(CC1)C2=NC=NC3=C2C=CS3)C(=O)[C@@H]4CCCCN4C m_276450__14193364__14206714__18957688,10,0.2340425531914893,0.3368794326241134,7,0,1,0
O=C(CN1C(=O)NC2=CC=CC=C2C1=O)N3CCN(CC3)C4=CC=CC5=C4C=NN5 s_527__17793194__550102,12,0.2333333333333333,0.218954248366013,5,0,6,0
CC1=CC2=C(C=C1NC(=O)N3CCN(CC3)C4=CC=CC5=C4C=NN5)OCCO2 s_2430__27548240__17793198,10,0.2333333333333333,0.2131147540983606,7,0,1,1
C=C1C2=CC=CC=C2C(=O)N1CC(=O)N3CCN(CC3)C4=CC=CC5=C4C=NN5 s_527__17793194__210149,12,0.2333333333333333,0.2342657342657342,4,0,6,0
CCN1CCOCC1CC(=O)N[C@H](C)CN2CCN(CC2)C3=NC=NC4=C3C=CS4 m_276450__27871500__27786920__18957688,11,0.2323232323232323,0.3029315960912052,7,0,2,1
CCN1CCCCC1C(=O)NCCN2CCN(CC2)C3=NC=NC4=C3N=CS4 m_276450__18755804__14205232__14155830,9,0.231578947368421,0.2566666666666666,6,0,1,0
CC(=CC1=CC=CC=N1)C(=O)NCC2CCN(CC2)C3=NC=NC4=C3C=CS4 m_276450__14192936__27793692__18957688,12,0.231578947368421,0.3421926910299003,5,0,5,0
CC1=C(C(=O)C2=CC=CN=C2N1)C(=O)N3CCN(CC3)C4=CC=CC5=C4OC=C5 s_22__28465444__28465996,11,0.231578947368421,0.2959770114942529,4,0,5,0
O=C(C1=C(CCCC1)Cl)N2CC[C@@H](C2)N3CCN(CC3)C4=NC=NC5=C4N=CS5 m_276450__27869474__27797300__14155830,9,0.231578947368421,0.3098159509202454,6,0,1,2
O=C(C1=C(CCCC1)Cl)N2CC[C@@H](C2)N3CCN(CC3)C4=NC=NC5=C4SC=N5 m_276450__27869474__27797300__28201854,10,0.231578947368421,0.2879256965944272,7,0,1,2
O=C1NC2=CC=CC=C2C(=C1CN3CCN(CC3)C4=CC=CC5=C4OC=C5)Cl s_270004__28472744__14575900,11,0.2307692307692307,0.3,5,0,5,0
CN(CCC1CCN(CC1)C2=NC=NC3=C2C=CS3)C(=O)CC4OCCCO4 m_276450__14193134__14200296__18957688,12,0.2307692307692307,0.2905405405405405,8,0,2,0
CC1=CC=CC=C1C(=O)N(C)CCC2CCN(CC2)C3=NC=NC4=C3C=CS4 m_276450__14193134__14199810__18957688,12,0.2307692307692307,0.2727272727272727,6,0,4,0
CC1=NC2=CC=CC=C2C=C1NC(=O)N3CCN(CC3)C4=CC=CC5=C4C=CN5 s_2430__22523656__12304852,10,0.2307692307692307,0.2132867132867132,3,0,5,1
O=C1OC2=CC=CC=C2C=C1CC(=O)N3CCN(CC3)C4=CC=CC5=C4C=CN5 s_22__11825898__20854020,11,0.2307692307692307,0.2888888888888888,4,0,5,1
O=C(CN1N=CC2=CC=CC=C2C1=O)N3CCN(CC3)C4=CC=CC5=C4C=CN5 s_1626__22069002__512916,12,0.2307692307692307,0.196875,5,0,5,0
O=C(CN1N=NC2=CC=CC=C2C1=O)N3CCN(CC3)C4=CC=CC5=C4C=CN5 s_1626__22069002__22102310,11,0.2307692307692307,0.2197452229299363,4,0,5,0
O=C1C2=CC=CC=C2C=CN1CC(=O)N3CCN(CC3)C4=CC=CC5=C4C=NN5 s_527__17793194__9457988,12,0.2307692307692307,0.2145214521452145,5,0,5,1
O=C1C2=CC=CC=C2N=CN1CC(=O)N3CCN(CC3)C4=CC=CC5=C4C=CN5 s_1626__22069002__22011726,10,0.2307692307692307,0.2325581395348837,3,0,5,1
O=C(CN1C(=O)C2=CC=CN=C2C1=O)N3CCN(CC3)C4=CC=CC5=C4C=CN5 s_22__11825898__2823924,11,0.2307692307692307,0.2131661442006269,5,0,4,0
O=C(CN1C(=O)C2CCCCC2C1=O)N3CCN(CC3)C4=CC=CC5=C4NC=C5 m_527__12909438__156526,9,0.2298850574712643,0.2992125984251969,5,0,2,0
O=C(CN1C(=O)C2CCCCC2C1=O)N3CCN(CC3)C4=CC=CC5=C4OC=C5 s_22__28465444__59515,9,0.2298850574712643,0.3134920634920635,5,0,2,0
CCC1=C(CCCO1)C(=O)NCCN2CCN(CC2)C3=NC=NC4=C3C=NN4 m_276450__18755804__27791440__28201338,10,0.2291666666666666,0.2445820433436532,7,0,1,0
CC1=C(CCCO1)C(=O)N(C)CCC2CCN(CC2)C3=NC=NC4=C3N=CS4 m_276450__14193134__14200236__14155830,10,0.2291666666666666,0.2552552552552553,8,0,0,0
O=C(CC1=CCOCC1)N2CC[C@@H](C2)N3CCN(CC3)C4=NC=NC5=C4C=CS5 m_276450__27869474__14202374__18957688,11,0.2291666666666666,0.3536977491961415,8,0,1,1
COC1=CC=CC=C1N2CCN(CC2)CCN3C(=O)NC4=CC=CC=C4C3=O s_270192__17652156__7722318,12,0.2289156626506024,0.2160278745644599,4,0,6,1
C1=CC2=CC=C(C=C2C=C1)CCN3CCN(CC3)C4=NC=NC5=C4SC=C5 s_2230__5635392__4915570,12,0.2289156626506024,0.2147651006711409,6,0,4,2
O=C(CN1CCCCC1=O)NCCN2CCN(CC2)C3=NC=NC4=C3N=CN4 m_276450__18755804__14200608__18955122,11,0.2282608695652173,0.2246376811594203,9,0,0,0
CN(CCC1CCN(CC1)C2=NC=NC3=C2C=CS3)C(=O)C4=CC=CC=C4F m_276450__14193134__14199800__18957688,12,0.2282608695652173,0.2631578947368421,6,0,4,0
CC(=O)C1=CC=CC=C1NC(=O)CCCN2CCC(CC2)C3=CC=CC4=C3C=CN4 s_2230__13035036__11757162,12,0.2282608695652173,0.2647058823529412,4,0,6,0
CC1=NC2=CC=CC=C2C=C1NC(=O)N3CCN(CC3)C4=CC=CC5=C4C=NN5 s_2430__22523656__17793198,11,0.2282608695652173,0.2154882154882154,4,0,5,1
O=C1NC2=C(C=C1NC(=O)N3CCN(CC3)C4=CC=CC5=C4N=CN5)CCCC2 s_2430__11680994__26861752,9,0.2282608695652173,0.2930513595166163,5,0,2,1
O=C1NC2=C(C=C1NC(=O)N3CCN(CC3)C4=CC=CC5=C4OC=C5)CCCC2 s_2430__11680994__28470156,9,0.2282608695652173,0.3125,5,0,2,1
O=C1OC2=CC=CC=C2C=C1CC(=O)N3CCN(CC3)C4=CC=CC5=C4C=NN5 s_11__25843324__22272908,12,0.2282608695652173,0.2884615384615384,5,0,5,1
CC1=C(C=NC2=CC=CC=C12)NC(=O)N3CCN(CC3)C4=CC=CC5=C4C=CN5 s_2430__22522772__12304852,11,0.2282608695652173,0.2112676056338028,4,0,5,1
O=C(CN1C(=O)C2=CC=CN=C2C1=O)N3CCN(CC3)C4=CC=CC5=C4C=NN5 s_22__17793186__2823924,12,0.2282608695652173,0.2149532710280373,6,0,4,0
CC1=NC2=CC=CC=C2C(=C1C(=O)N3CCN(CC3)C4=CC=CC5=C4C=CN5)C s_22__11825898__9475876,10,0.2282608695652173,0.1993243243243243,3,0,5,0
O=C(CN1CCSCC1)N2CC[C@H](C2)N3CCN(CC3)C4=NC=NC5=C4C=CS5 m_276450__27869470__27803894__18957688,12,0.2282608695652173,0.304054054054054,9,0,1,1
O=C(CC1=CC2=CC=CC=C2C=C1O)N3CCN(CC3)C4=CC=CC5=C4C=CN5 s_22__11825898__21389038,11,0.2272727272727272,0.2205882352941176,4,0,5,1
O=C(CN1C(=O)C2CCCCC2C1=O)N3CCN(CC3)C4=CC=CC5=C4N=CN5 s_11__25843604__54031,9,0.2272727272727272,0.2894736842105263,5,0,2,0
O=C(NCCC1CCN(CC1)C2=NC=NC3=C2C=CS3)C4CCCC5=C4NN=C5 m_276450__14193098__14202060__18957688,11,0.2268041237113402,0.2737752161383285,6,0,3,0
CC1=CC=NC=C1C(=O)N2CC[C@H](C2)N3CCN(CC3)C4=NC=NC5=C4C=CS5 m_276450__27869470__14200130__18957688,12,0.2268041237113402,0.2752293577981651,6,0,4,2
CC1=CC=NN=C1C(=O)N2CC[C@@H](C2)N3CCN(CC3)C4=NC=NC5=C4C=CS5 m_276450__27869474__27799140__18957688,12,0.2268041237113402,0.2967359050445103,7,0,3,2
CC1=CN=CC=C1C(=O)N2CC[C@H](C2)N3CCN(CC3)C4=NC=NC5=C4C=CS5 m_276450__27869470__14200394__18957688,12,0.2268041237113402,0.2888888888888888,6,0,4,2
CC1=NN=CC=C1C(=O)N2CC[C@@H](C2)N3CCN(CC3)C4=NC=NC5=C4C=CS5 m_276450__27869474__14200694__18957688,12,0.2268041237113402,0.2912912912912913,7,0,3,2
CCC1=CC=CC=C1C(=O)NCCN2CCN(CC2)C3=NC=NC4=C3N=CS4 m_276450__18755804__14201874__14155830,12,0.2258064516129032,0.2105263157894736,5,0,5,0
CNC1=CC=CC=C1C(=O)NCCN2CCN(CC2)C3=NC=NC4=C3N=CS4 m_276450__18755804__27814096__14155830,12,0.2258064516129032,0.2295597484276729,5,0,5,0
O=C(CN1CCOCC1=O)NCCN2CCN(CC2)C3=NC=NC4=C3SC=C4 m_276450__18755804__14206022__14214582,12,0.2258064516129032,0.2098360655737705,10,0,0,0
CN(CCC1CCN(CC1)C2=NC=NC3=C2C=CS3)C(=O)CC4CCCSC4 m_276450__14193134__27788928__18957688,12,0.2258064516129032,0.2842809364548495,8,0,2,0
CC1=NC2=NC=CC=C2C=C1CC(=O)N3CCN(CC3)C4=CC=CC5=C4C=CN5 s_22__11825898__21203144,9,0.2258064516129032,0.2122186495176848,3,0,4,1
CC1=NC2=NC=CC=C2C=C1CC(=O)N3CCN(CC3)C4=CC=NC5=C4SC=C5 s_11__22174274__22272842,11,0.2258064516129032,0.2228739002932551,5,0,4,1
O=C(CC1=CC2=CC=CC=C2N=C1Br)N3CCN(CC3)C4=NC=NC5=C4C=CS5 s_11__24395822__28469502,11,0.2258064516129032,0.2580645161290322,4,0,5,1
O=C(CC1=CC2=CC=CC=C2N=C1Cl)N3CCN(CC3)C4=NC=NC5=C4C=CS5 s_11__24395822__27839484,11,0.2258064516129032,0.2558823529411764,4,0,5,1
O=C(NC1=CC2=C(CCCC2)N=C1Cl)N3CCN(CC3)C4=CC=CC5=C4C=CN5 s_2430__26895820__12304852,7,0.2258064516129032,0.2039106145251396,4,0,1,1
O=C1NC2=C(C=C1NC(=O)N3CCN(CC3)C4=NC=NC5=C4SC=C5)CCCC2 s_2430__11680994__5635394,11,0.2258064516129032,0.3002754820936639,7,0,2,1
CC1=C(C=NC2=CC=CC=C12)NC(=O)N3CCN(CC3)C4=CC=CC5=C4C=NN5 s_2430__22522772__17793198,12,0.2258064516129032,0.2135593220338983,5,0,5,1
CC1=NC2=CC=CC=C2C(=C1C(=O)N3CCN(CC3)C4=CC=CC5=C4C=NN5)C s_22__17793186__9475876,11,0.2258064516129032,0.2039473684210526,4,0,5,0
O=C(NCCN1CCN(CC1)C2=NC=NC3=C2N=CS3)C4CCCC5N4CCC5 m_276450__18755804__14204648__14155830,10,0.2258064516129032,0.2598684210526316,7,0,1,2
C1=CC2=C(S1)C(=NC=N2)N3CCN(CC3)CCC4=CC=C5OCCCC5=C4 s_2230__5635392__23291970,9,0.2247191011235955,0.2123893805309734,7,0,0,2
O=C(CC1=CC2=CC=CC=C2C=C1Cl)N3CCN(CC3)C4=CC=CC5=C4C=NN5 s_11__25843324__26276036,12,0.2247191011235955,0.2267657992565055,5,0,5,1
O=C(CC1=CC2=CC=CC=C2C=C1O)N3CCN(CC3)C4=CC=CC5=C4C=NN5 s_22__17793186__21389038,12,0.2247191011235955,0.2222222222222222,5,0,5,1
O=C(CN1CCC2=CC=CC=C2C1=O)N3CCN(CC3)C4=CC=CC5=C4C=CN5 s_1626__22069002__22060226,12,0.2247191011235955,0.223728813559322,4,0,6,0
O=C(NC1CCN(CC1)C2=NC=NC3=C2C=CS3)C4=CN=C5C=CC=CN5C4=O m_276450__14192934__14206960__18957688,11,0.2244897959183673,0.3862275449101796,4,0,5,1
CSC1=NC2=CC=CC=C2C(=C1NC(=O)N3CCN(CC3)C4=CC=CC5=C4C=NN5)C s_2430__12100718__17793198,12,0.2244897959183673,0.225,5,0,5,0
CC1=NC2=CC=C(C=C2C(=O)N1CC(=O)N3CCN(CC3)C4=CC=CC5=C4OC=C5)O s_22__28465444__16762640,11,0.2244897959183673,0.2389937106918239,4,0,5,0
O=C(NCCN1CCN(CC1)C2=NC=NC3=C2C=NN3)C4CCCC5=C4C=CS5 m_276450__18755804__27791496__28201338,11,0.2244897959183673,0.2270114942528735,8,0,1,1
O=C(NCCN1CCN(CC1)C2=NC=NC3=C2N=CS3)C4CCCC5=C4C=CS5 m_276450__18755804__27791496__14155830,10,0.2244897959183673,0.2314049586776859,7,0,1,1
O=C(NCCN1CCN(CC1)C2=NC=NC3=C2OC=C3)C4CCCC5=NC=CN45 m_276450__18755804__14203366__28201534,12,0.2244897959183673,0.2366197183098591,9,0,1,1
O=C(CN1C(=O)C2=CC=CC=C2C1=O)N3CCN(CC3)C4=CC=CC5=C4NC=C5 m_527__12909438__156271,12,0.2235294117647059,0.2158273381294964,5,0,5,0
O=C(CN1C(=O)C2=CC=CC=C2C1=O)N3CCN(CC3)C4=CC=CC5=C4OC=C5 s_22__28465444__59024,12,0.2235294117647059,0.2246376811594203,5,0,5,0
CC1=NC2=CC=CC=C2C(=C1CC(=O)N3CCN(CC3)C4=CC=CC5=C4C=CN5)C s_1626__22069002__22098942,9,0.2234042553191489,0.2176870748299319,3,0,5,0
CC1=NC2=CC=CC=C2C(=O)N1CC(=O)N3CCN(CC3)C4=CC=CC5=C4N=CN5 s_11__25843604__22136346,10,0.2234042553191489,0.2264150943396226,4,0,5,0
CC(CN1CCOCC1)C(=O)NCC2CCN(CC2)C3=NC=NC4=C3C=CS4 m_276450__14192936__14204274__18957688,11,0.2234042553191489,0.2847457627118644,8,0,1,0
CN(CCC1CCN(CC1)C2=NC=NC3=C2C=CS3)C(=O)C4=CC=CN=C4O m_276450__14193134__18985948__18957688,12,0.2234042553191489,0.2546583850931677,7,0,3,0
CN(CCC1CCN(CC1)C2=NC=NC3=C2C=CS3)C(=O)C4=NC=CC=C4O m_276450__14193134__14200278__18957688,12,0.2234042553191489,0.2646153846153846,7,0,3,0
CCOC1=CC=CC=C1C(=O)NCC(=O)N2CCN(CC2)C3=CC=CC4=C3C=CN4 s_1626__22069002__22101694,12,0.2234042553191489,0.2068965517241379,4,0,6,0
CC1=CC2=C(C=C1NC(=O)N3CCN(CC3)C4=CC=NC5=C4SC=C5)OCCO2 s_2430__27548240__22575770,11,0.2234042553191489,0.2363636363636363,8,0,1,1
CC1=NC2=NC=CC=C2C=C1CC(=O)N3CCN(CC3)C4=CC=CC5=C4C=NN5 s_11__25843324__22272842,10,0.2234042553191489,0.210691823899371,4,0,4,1
O=C(NC1=CC2=CC=CC=C2N=C1Cl)N3CCN(CC3)C4=NC=NC5=C4C=CS5 s_2430__15423922__24395850,12,0.2234042553191489,0.2628398791540785,5,0,5,1
O=C(CN1N=CC2=C(C1=O)CCCC2)N3CCN(CC3)C4=NC=NC5=C4C=NN5 s_22__29610718__14868730,11,0.2234042553191489,0.2506963788300835,8,0,1,0
CC1=C(C(=NC2=CC=CC=C12)O)C(=O)N3CCN(CC3)C4=CC=CC5=C4C=CN5 s_22__11825898__6663460,11,0.2234042553191489,0.2059800664451827,4,0,5,0
O=C(NCCN1CCN(CC1)C2=NC=NC3=C2NC=C3)C4=C5CCCCC5=CO4 m_276450__18755804__14201254__28201464,11,0.2234042553191489,0.2121212121212121,8,0,1,1
O=C(NCCN1CCN(CC1)C2=NC=NC3=C2OC=C3)C4=C5CCCCC5=CN4 m_276450__18755804__19429448__28201534,11,0.2234042553191489,0.2,9,0,0,1
O=C(NCCN1CCN(CC1)C2=NC=NC3=C2OC=C3)C4=C5CCCCC5=CO4 m_276450__18755804__14201254__28201534,11,0.2234042553191489,0.2119565217391304,8,0,1,1
O=C([C@H]1CCCC[C@H]1O)N2CC[C@H](C2)N3CCN(CC3)C4=NC=NC5=C4C=CS5 m_276450__27869470__27785808__18957688,9,0.2234042553191489,0.335593220338983,5,0,2,2
CN(CCC1CCN(CC1)C2=NC=NC3=C2C=CS3)C(=O)CC4CCOCC4 m_276450__14193134__14200110__18957688,12,0.2222222222222222,0.281786941580756,8,0,2,0
O=C(NC1=CC2=C(C=C1Br)OCCO2)N3CCN(CC3)C4=CC=CC5=C4C=CN5 s_2430__737976__12304852,10,0.2222222222222222,0.2168284789644013,7,0,1,1
CN1N=CC2=C(N=CN=C12)N3CCN(CC3)CCN4C=NC5=CC=CC=C5C4=O s_2230__665730__7471562,12,0.2222222222222222,0.2011661807580174,6,0,4,1
O=C(NC1CCN(CC1)C2=NC=NC3=C2C=CS3)C4=CN=C5C=CC=NN5C4=O m_276450__14192934__27794452__18957688,11,0.2222222222222222,0.3714285714285714,5,0,4,1
O=C(CC1=C(C2=CC=CC=C2C=C1)Br)N3CCN(CC3)C4=CC=CC5=C4C=CN5 s_1626__22069002__22333684,11,0.2222222222222222,0.2242647058823529,4,0,5,1
O=C(CC1=C(C2=CC=CC=C2C=C1)Cl)N3CCN(CC3)C4=CC=CC5=C4C=CN5 s_11__12304832__28252106,11,0.2222222222222222,0.2259259259259259,4,0,5,1
O=C1C2=CC=CC=C2C=CN1CC(=O)N3CCN(CC3)C4=CC=CC5=C4C=CN5 s_1626__22069002__22067346,11,0.2222222222222222,0.2142857142857142,4,0,5,1
O=C(NCCC1CCN(CC1)C2=NC=NC3=C2C=CS3)C4=C5CCOCC5=NN4 m_276450__14193098__27791730__18957688,12,0.2222222222222222,0.2453333333333333,10,0,0,0
O=C(NCCC1CCN(CC1)C2=NC=NC3=C2C=CS3)C4=NOC5=C4COCC5 m_276450__14193098__14204748__18957688,12,0.2222222222222222,0.2474747474747475,10,0,0,0
CC1=C(CCCO1)C(=O)N2CC[C@H](C2)N3CCN(CC3)C4=NC=NC5=C4C=NN5 m_276450__27869470__14200236__28201338,11,0.2222222222222222,0.2676923076923077,8,0,1,2
C#CCOC1=CC(=C(C(=C1)C)CN2CCN(CC2)C3=CC=CC4=C3C=CN4)C s_270004__12304860__24720298,9,0.2222222222222222,0.1951219512195122,5,0,2,0
CC1=NC2=CC=CC=C2C(=C1CC(=O)N3CCN(CC3)C4=CC=CC5=C4C=NN5)C s_527__17793194__155628,10,0.2210526315789473,0.2185430463576159,4,0,5,0
O=C(CN1N=CC2=C(C1=O)CCCC2)N3CCC(CC3)C4=CC=CC5=C4C=CN5 s_11__22174136__14868728,9,0.2210526315789473,0.227405247813411,6,0,1,0
NC1=C(C(=O)C2=CC(=CC=C2O1)F)CN3CCN(CC3)C4=CC=CC5=C4OC=C5 s_270004__28472744__24720676,11,0.2210526315789473,0.2650602409638554,5,0,4,0
CC1=C(C(=NC2=CC=CC=C12)O)C(=O)N3CCN(CC3)C4=CC=CC5=C4C=NN5 s_22__17793186__6663460,12,0.2210526315789473,0.211038961038961,5,0,5,0
O=C(NCCN1CCN(CC1)C2=NC=NC3=C2N=CN3)C4=C5CCCCN5C=C4 m_276450__18755804__14206410__18955122,10,0.2210526315789473,0.1742627345844504,8,0,0,1
CN1CCCC[C@H]1C(=O)N2CC[C@H](C2)N3CCN(CC3)C4=NC=NC5=C4SC=C5 m_276450__27869470__14206714__14214582,11,0.2210526315789473,0.2809364548494983,8,0,1,2
CCCC1CCCC1C(=O)NCCC2CCN(CC2)C3=NC=NC4=C3C=CS4 m_276450__14193098__14203984__18957688,10,0.2210526315789473,0.2872340425531915,6,0,2,0
CCN(CC1CCN(CC1)C2=NC=NC3=C2C=CS3)C(=O)[C@H]4CCCC[C@H]4O m_276450__14193364__27785808__18957688,10,0.2210526315789473,0.2975778546712803,6,0,2,0
C1=CC2=C(S1)C(=NC=N2)N3CCN(CC3)CCC4=CC=C5OCCOC5=C4 s_2230__5635392__8635612,10,0.2209302325581395,0.2072072072072072,8,0,0,2
O=C(CN1C(=O)C2=CC=CC=C2C1=O)N3CCN(CC3)C4=CC=CC5=C4N=CN5 s_11__25843604__53633,12,0.2209302325581395,0.2096219931271477,5,0,5,0
CC1=CSC2=NC=NC(=C12)N3CCN(CC3)CCNC(=O)[C@H]4CCCC[C@H]4N=[N+]=[N-] m_276450__18755804__27784696__14214670,9,0.22,0.3203883495145631,6,0,1,1
O=C(NC1=CC2=C(C=C1Cl)OCCO2)N3CCN(CC3)C4=CC=CC5=C4C=NN5 s_2430__740638__17793198,11,0.2197802197802197,0.2032258064516129,8,0,1,1
O=C(CC1=C(C2=CC=CC=C2C=C1)Cl)N3CCN(CC3)C4=CC=CC5=C4C=NN5 s_22__17793186__28246902,12,0.2197802197802197,0.2267657992565055,5,0,5,1
C#CCOC1=CC(=C(C(=C1)C)CN2CCN(CC2)C3=CC=CC4=C3C=NN4)C s_270004__17793206__24720298,10,0.2197802197802197,0.1929824561403508,6,0,2,0
C#CCOC1=CC(=C(C(=C1)C)CN2CCN(CC2)C3=NC=NC4=C3C=CS4)C s_270004__24150668__24720298,10,0.2197802197802197,0.2422360248447205,6,0,2,0
C1=CC2=CC=C(C=C2C=C1)CCN3CCN(CC3)C4=CC=CC5=C4OC=C5 s_2230__28471962__4915570,10,0.2195121951219512,0.2191235059760956,4,0,4,2
CC1=NC2=CC=CC=C2C(=C1CC(=O)N3CCN(CC3)C4=CC=NC5=C4SC=C5)C s_11__22174274__54867,11,0.21875,0.2314814814814814,5,0,5,0
CNC1=NC=CC=C1C(=O)NCCC2CCN(CC2)C3=NC=NC4=C3C=CS4 m_276450__14193098__27810598__18957688,12,0.21875,0.2623456790123457,6,0,4,0
O=C(NC1=CC2=C(C=C1Cl)OCCC2)N3CCN(CC3)C4=CC=CC5=C4C=NN5 s_2430__15148972__17793198,10,0.21875,0.1987767584097859,7,0,1,1
O=C(NC1=C(C2=C(C=C1)OCCO2)Cl)N3CCN(CC3)C4=NC=NC5=C4C=CS5 s_2430__26894868__24395850,11,0.21875,0.2616279069767442,8,0,1,1
O=C(NC1=CN=C2C=CC=CN2C1=O)N3CCN(CC3)C4=CC=CC5=C4OC=C5 s_2430__22529678__28470156,10,0.21875,0.3312883435582822,3,0,5,1
NC1=C(C(=O)C2=CC(=CC=C2O1)F)CN3CCN(CC3)C4=CC=CC5=C4NC=C5 m_270004__12909450__24720676,11,0.21875,0.2606060606060606,5,0,4,0
O=C(NCCN1CCN(CC1)C2=NC=NC3=C2CCC3)C4CCCC5=NC=NN45 m_276450__18755804__18783510__14214378,12,0.21875,0.1979166666666666,7,0,3,1
O=C(NCCN1CCN(CC1)C2=NC=NC3=C2N=CS3)C4=NNC5=C4NCCC5 m_276450__18755804__28193008__14155830,12,0.21875,0.2348284960422163,10,0,0,0
CC1=NC=NC=C1C(=O)N2CC[C@@H](C2)N3CCN(CC3)C4=NC=NC5=C4C=CS5 m_276450__27869474__14199970__18957688,12,0.21875,0.286624203821656,7,0,3,2
NC1=CC=CN=C1C(=O)N2CC[C@H](C2)N3CCN(CC3)C4=NC=NC5=C4C=CS5 m_276450__27869470__27814172__18957688,12,0.21875,0.2895522388059701,5,0,5,2
O=C(C1=NC=CC=C1F)N2CC[C@@H](C2)N3CCN(CC3)C4=NC=NC5=C4C=CS5 m_276450__27869474__14201560__18957688,12,0.21875,0.2810650887573964,6,0,4,2
CCCN1CCCC1C(=O)NCCN2CCN(CC2)C3=NC=NC4=C3N=CS4 m_276450__18755804__14205908__14155830,10,0.21875,0.261744966442953,7,0,1,0
CCCN1CCC[C@H]1C(=O)NCCN2CCN(CC2)C3=NC=NC4=C3SC=N4 m_276450__18755804__27801074__28201854,11,0.21875,0.2346938775510204,8,0,1,0
C1=CC2=C(OC=C2)C(=C1)N3CCN(CC3)CCC4=CC=C5OCCCC5=C4 s_2230__28471962__23291970,7,0.2183908045977011,0.2154882154882154,5,0,0,2
O=C(NCC1CCN(CC1)C2=NC=NC3=C2C=CS3)[C@@H](O)CC4CCCCC4 m_276450__14192936__27805394__18957688,11,0.217391304347826,0.2901023890784983,7,0,2,0
CC1=NC=CN=C1C(=O)N(C)CCC2CCN(CC2)C3=NC=NC4=C3C=CS4 m_276450__14193134__27813438__18957688,12,0.217391304347826,0.2515337423312883,8,0,2,0
O=C(CC1=CC2=C(C=C1Br)OCCO2)N3CCN(CC3)C4=CC=CC5=C4C=NN5 s_11__25843324__117015,10,0.217391304347826,0.2172523961661341,7,0,1,1
O=C(NC1=CC2=CC=CC=C2N=C1Cl)N3CCN(CC3)C4=CC=CC5=C4C=CN5 s_2430__15423922__12304852,11,0.217391304347826,0.2062937062937063,4,0,5,1
O=C1OC2=CC=CC=C2C=C1NC(=O)N3CCN(CC3)C4=CC=CC5=C4C=CN5 s_2430__22529320__12304852,12,0.217391304347826,0.2275449101796407,5,0,5,1
O=C(CN1N=NC2=CC=CC=C2C1=O)N3CCN(CC3)C4=CC=CC5=C4C=NN5 s_527__17793194__157541,12,0.217391304347826,0.2258064516129032,5,0,5,0
O=C1C2=CC=CC=C2CCC1CC(=O)N3CCN(CC3)C4=CC=CC5=C4C=CN5 s_11__12304832__22135484,12,0.217391304347826,0.2909090909090909,3,0,7,0
O=C1C2=CC=CC=C2N=CN1CC(=O)N3CCN(CC3)C4=CC=CC5=C4C=NN5 s_527__17793194__155235,11,0.217391304347826,0.2348993288590604,4,0,5,1
O=C(NCCN1CCN(CC1)C2=C3C=CNC3=NC=N2)C4CN5CCCN4CC5 m_276450__18755804__27797252__18251492,11,0.217391304347826,0.2028469750889679,8,0,1,1
C[C@H]1CC=CC[C@@H]1C(=O)N2CCC3(CC2)CCN(CC3)C4=NC=NC5=C4C=CS5 m_276450__18955116__27784010__18957688,12,0.217391304347826,0.3034482758620689,6,0,4,1
O=C(C1CCCCC1O)N2CCC3(CC2)CCN(CC3)C4=NC=NC5=C4C=CS5 m_276450__18955116__27808288__18957688,10,0.217391304347826,0.2827586206896552,6,0,2,1
C1=CC2=CC=C(C=C2C=C1)CCN3CCN(CC3)C4=CC=CC5=C4N=CN5 s_2230__13968354__4915570,10,0.216867469879518,0.2022471910112359,4,0,4,2
COC1=NC=CC=C1C(=O)NCCC2CCN(CC2)C3=NC=NC4=C3C=CS4 m_276450__14193098__14202322__18957688,12,0.2164948453608247,0.2477611940298507,7,0,3,0
NC1=C(C(=O)C2=CC(=CC=C2O1)F)CN3CCN(CC3)C4=CC=CC5=C4N=CN5 s_270004__24159222__24720676,11,0.2164948453608247,0.2565597667638484,5,0,4,0
O=C(NCCC1CCN(CC1)C2=NC=NC3=C2SC=C3)C4=C5CCCCN5C=C4 m_276450__14193098__14206410__14214582,11,0.2164948453608247,0.206266318537859,9,0,0,1
O=C(NCCN1CCN(CC1)C2=NC=NC3=C2C=CN3)C4=C5CCOCC5=NN4 m_276450__18755804__27791730__18251492,12,0.2164948453608247,0.1810810810810811,10,0,0,0
O=C(NCCN1CCN(CC1)C2=NC=NC3=C2C=CN3)C4=CSC5=C4CCOC5 m_276450__18755804__27801334__18251492,12,0.2164948453608247,0.1876675603217158,10,0,0,0
O=C(NCCN1CCN(CC1)C2=NC=NC3=C2C=CN3)C4=NNC5=C4COCC5 m_276450__18755804__27810480__18251492,12,0.2164948453608247,0.1908602150537634,10,0,0,0
CCCC1=C(C=CN1)C(=O)NCCN2CCN(CC2)C3=NC=NC4=C3N=CS4 m_276450__18755804__14206756__14155830,12,0.2164948453608247,0.2022792022792023,7,0,3,0
COC1=CC=CC=C1N2CCN(CC2)CCN3C(=O)NC4=CC=CN=C4C3=O s_270192__17652156__7722298,12,0.2159090909090909,0.2102102102102102,5,0,5,1
O=C(CN1C(=O)[C@H]2CC=CC[C@H]2C1=O)N3CCN(CC3)C4=CC=CC5=C4OC=C5 s_22__28465444__10564386,11,0.2159090909090909,0.3206106870229007,5,0,4,0
O=C1NC2=C(N1)C(=CC=C2)N3CCN(CC3)CC4=C(C5=CC=CC=C5NC4=O)Cl s_270004__13166798__14575900,12,0.2159090909090909,0.2901023890784983,5,0,5,1
COCC1=CC=CC(=C1)N2CCN(CC2)CCN3C(=O)C4=CC=CC=C4C3=O s_2230__26984180__680282,12,0.2151898734177215,0.2286821705426356,5,0,5,1
CC1=C(C(=O)N2C=CC=CC2=N1)CCN3C=C(N=N3)C4=CC=CC5=NC=CN45 s_273910__29019122__25421822,11,0.2150537634408602,0.3181818181818182,5,0,5,0
O=C(CC1=CC2=CC=CC=C2N=C1Br)N3CCN(CC3)C4=CC=CC5=C4C=CN5 s_11__12304832__28469502,10,0.2150537634408602,0.2147651006711409,3,0,5,1
O=C(CC1=CC2=CC=CC=C2N=C1Cl)N3CCN(CC3)C4=CC=CC5=C4C=CN5 s_11__12304832__27839484,10,0.2150537634408602,0.2162162162162162,3,0,5,1
O=C(NC1=CC2=C(C=C1Br)OCCO2)N3CCN(CC3)C4=NC=NC5=C4C=CS5 s_2430__737976__24395850,11,0.2150537634408602,0.2682215743440233,8,0,1,1
O=C(NC1=CC2=C(C=C1Cl)OCCO2)N3CCN(CC3)C4=NC=NC5=C4C=CS5 s_2430__740638__24395850,11,0.2150537634408602,0.2608695652173913,8,0,1,1
O=C(NCCN1CCN(CC1)C2=NC=NC3=C2C=NN3)C4CCCC5N4CCC5 m_276450__18755804__14204648__28201338,11,0.2150537634408602,0.2359154929577464,8,0,1,2
O=C(NCCN1CCN(CC1)C2=NC=NC3=C2CCC3)C4=C5CCCCN5C=C4 m_276450__18755804__14206410__14214378,11,0.2150537634408602,0.1701570680628272,7,0,2,1
CN1CCCC[C@H]1C(=O)N2CCC3(CC2)CCN(CC3)C4=NC=NC5=C4SC=C5 m_276450__18955116__14206714__14214582,12,0.2150537634408602,0.2619047619047619,9,0,1,1
C#CCOC1=CC(=C(C(=C1)C)CN2CCN(CC2)C3=CC=NC4=C3SC=C4)C s_270004__24155862__24720298,11,0.2150537634408602,0.2108626198083067,7,0,2,0
COCC1=CC=CN=C1C(=O)NCCN2CCN(CC2)C3=NC=NC4=C3N=CS4 m_276450__18755804__27792398__14155830,12,0.2142857142857142,0.195054945054945,8,0,3,0
CCC1=CN=CC=C1C(=O)NCCC2CCN(CC2)C3=NC=NC4=C3C=CS4 m_276450__14193098__14204354__18957688,12,0.2142857142857142,0.2626582278481013,6,0,4,0
CNC1=CN=CC=C1C(=O)NCCC2CCN(CC2)C3=NC=NC4=C3C=CS4 m_276450__14193098__27812084__18957688,12,0.2142857142857142,0.268370607028754,6,0,4,0
C1=CC2=C(OC=C2)C(=C1)N3CCN(CC3)CCC4=CC=C5OCCOC5=C4 s_2230__28471962__8635612,8,0.2142857142857142,0.2160278745644599,6,0,0,2
CSCC1=CC=CN=C1C(=O)NCCN2CCN(CC2)C3=C4C=C(SC4=NC=N3)C m_276450__18755804__27786990__14214422,12,0.2142857142857142,0.2415730337078651,7,0,3,1
O=C(NC1=CC2=C(C=C1Cl)OCCC2)N3CCN(CC3)C4=NC=NC5=C4C=CS5 s_2430__15148972__24395850,10,0.2142857142857142,0.2527472527472527,7,0,1,1
CC1=C(C(=O)N2N=CC=C2N1)CC(=O)N3CCN(CC3)C4=NC=NC5=C4C=NN5 s_22__29610718__3392754,11,0.2142857142857142,0.2605263157894736,5,0,4,0
O=C(NCCN1CCN(CC1)C2=NC=NC3=C2C=CN3)C4CCCC5=CN=CN45 m_276450__18755804__27783692__18251492,12,0.2142857142857142,0.2305475504322766,8,0,2,0
O=C(C1=CC=NC=C1Cl)N2CC[C@H](C2)N3CCN(CC3)C4=NC=NC5=C4C=CS5 m_276450__27869470__14204028__18957688,12,0.2142857142857142,0.3015873015873015,6,0,4,2
O=C(C1=CN=CC=C1O)N2CC[C@@H](C2)N3CCN(CC3)C4=NC=NC5=C4C=CS5 m_276450__27869474__18705724__18957688,12,0.2142857142857142,0.2782874617737003,6,0,4,2
O=C1NC2=CC=CC=C2SC1CCN3CCC(CC3)C4=CC=CC5=C4C=CN5 s_2230__13035036__10902816,12,0.2134831460674157,0.2268370607028754,5,0,6,0
COCC1=CC=CC(=C1)N2CCN(CC2)CCN3C=NC4=CC=CC=C4C3=O s_2230__26984180__7471562,11,0.2134831460674157,0.2392857142857143,4,0,5,2
C1=CC2=C(N=CN2)C(=C1)N3CCN(CC3)CCC4=CC=C5OCCCC5=C4 s_2230__13968354__23291970,7,0.2134831460674157,0.1987179487179487,5,0,0,2
O=C(CN1C(=O)[C@H]2CC=CC[C@H]2C1=O)N3CCN(CC3)C4=CC=CC5=C4N=CN5 s_11__25843604__10564384,11,0.2134831460674157,0.2996389891696751,5,0,4,0
CCC1=NC=CN=C1C(=O)NCCN2CCN(CC2)C3=NC=NC4=C3N=CS4 m_276450__18755804__27798240__14155830,12,0.2127659574468085,0.2028985507246377,7,0,3,0
CNC1=NC=CN=C1C(=O)NCCN2CCN(CC2)C3=NC=NC4=C3N=CS4 m_276450__18755804__27796994__14155830,12,0.2127659574468085,0.2011661807580174,7,0,3,0
O=C(CN1CCCNC1=O)NCCC2CCN(CC2)C3=NC=NC4=C3C=CS4 m_276450__14193098__14200630__18957688,11,0.2127659574468085,0.2966666666666667,9,0,0,0
CC1=NC2=NC=CC=C2C=C1CC(=O)N3CCN(CC3)C4=NC=NC5=C4SC=C5 s_11__5635366__22272842,12,0.2127659574468085,0.2078651685393258,6,0,4,1
CC1=NC2=CC=CC=C2C(=O)N1CC(=O)N3CCN(CC3)C4=CC=CC5=C4NC(=O)N5 s_527__13166786__9703978,11,0.2127659574468085,0.2402597402597402,4,0,5,1
O=C(NCCC1CCN(CC1)C2=NC=NC3=C2SC=C3)C4CCCC5N4CCC5 m_276450__14193098__14204648__14214582,12,0.2127659574468085,0.2583892617449664,9,0,1,2
CN1CCOCC1C(=O)N2CCC3(CC2)CCN(CC3)C4=NC=NC5=C4C=CS5 m_276450__18955116__14200248__18957688,11,0.2127659574468085,0.3079470198675497,8,0,1,1
COC1=CC=NC=C1C(=O)NCCC2CCN(CC2)C3=NC=NC4=C3C=CS4 m_276450__14193098__18957692__18957688,12,0.2121212121212121,0.2560975609756097,7,0,3,0
CC1=C(C(=O)N2N=CC=C2N1)CC(=O)N3CCC(CC3)C4=CC=CC5=C4C=CN5 s_11__22174136__3392752,9,0.2121212121212121,0.258575197889182,3,0,4,0
CC1=C(CCCO1)C(=O)N2CC[C@H](C2)N3CCN(CC3)C4=NC=NC5=C4NC=C5 m_276450__27869470__14200236__28201464,11,0.2121212121212121,0.2818181818181818,8,0,1,2
CCN(CC1CCN(CC1)C2=NC=NC3=C2N=CS3)C(=O)C4=C(CCOC4)C m_276450__14193364__27785454__14155830,11,0.2121212121212121,0.2822085889570552,8,0,1,0
O=C(CN1CCCCC1=O)NCCN2CCN(CC2)C3=NC=NC4=C3CCC4 m_276450__18755804__14200608__14214378,12,0.2111111111111111,0.2207792207792207,8,0,2,0
O=C1NC2=CC=CC=C2C=C1CC(=O)N3CCN(CC3)C4=CC=CC5=C4NC=C5 m_527__12909438__761124,12,0.2111111111111111,0.3485915492957746,4,0,6,1
O=C1OC2=CC=CC=C2C=C1CC(=O)N3CCN(CC3)C4=CC=CC5=C4OC=C5 s_22__28465444__20854020,12,0.2111111111111111,0.2929936305732484,5,0,5,1
O=C(CN1C(=O)C2=CC=CC=C2N=C1S)N3CCN(CC3)C4=CC=CC5=C4OC=C5 s_22__28465444__309126,11,0.2105263157894736,0.2373417721518987,5,0,5,0
CCN1CCCCC1C(=O)NCCN2CCN(CC2)C3=NC=NC4=C3NC=C4 m_276450__18755804__14205232__28201464,10,0.2105263157894736,0.2508710801393728,7,0,1,0
CN1CCCCC1CC(=O)NCCN2CCN(CC2)C3=NC=NC4=C3NC=C4 m_276450__18755804__27801120__28201464,11,0.2105263157894736,0.2517006802721088,7,0,2,0
O=C(C[C@H]1CCCC[C@H]1F)NCCC2CCN(CC2)C3=NC=NC4=C3C=CS4 m_276450__14193098__27781330__18957688,11,0.2105263157894736,0.289198606271777,8,0,1,0
CN(CCC1CCN(CC1)C2=NC=NC3=C2C=CS3)C(=O)C4=CN=CN=C4N m_276450__14193134__27813120__18957688,12,0.2105263157894736,0.2691029900332226,7,0,3,0
COC1=CC=CC(=C1F)N2CCN(CC2)C(=O)CN3C(=O)C4=CC=CC=C4N=C3C s_11__22169922__22136346,12,0.2105263157894736,0.2284768211920529,3,1,6,0
O=C(NC1=CC2=C(C=C1Br)OCCO2)N3CCN(CC3)C4=CC=NC5=C4SC=C5 s_2430__737976__22575770,12,0.2105263157894736,0.2365269461077844,9,0,1,1
O=C(NC1=CC2=C(C=C1Cl)OCCO2)N3CCN(CC3)C4=CC=NC5=C4SC=C5 s_2430__740638__22575770,12,0.2105263157894736,0.2232142857142857,9,0,1,1
CC1=CC2=C(C=C1C(=O)NC3CCN(CC3)C4=NC=NC5=C4C=CS5)OCCO2 m_276450__14192934__27808476__18957688,11,0.2105263157894736,0.2521739130434782,8,0,1,1
CC1=C(C(=O)NC2=CC=CC=C12)CC(=O)N3CCN(CC3)C4=CC=CC5=CN=CC=C45 s_22__26073602__20854936,12,0.2105263157894736,0.343859649122807,4,0,6,0
O=C(NCCN1CCN(CC1)C2=NC=NC3=C2C=CN3)C4=CC=NC5=C4N=CN5 m_276450__18755804__14202676__18251492,12,0.2105263157894736,0.1640378548895899,7,0,3,1
O=C(NCCN1CCN(CC1)C2=NC=NC3=C2C=CN3)C4=C5NCCCN5N=C4 m_276450__18755804__27796260__18251492,11,0.2105263157894736,0.1815718157181571,9,0,0,0
CCCC1=C(C=CN1)C(=O)NCCN2CCN(CC2)C3=NC=NC4=C3C=CN4 m_276450__18755804__14206756__18251492,12,0.2105263157894736,0.1762917933130699,7,0,3,0
CCCC1CCCC1C(=O)NCCN2CCN(CC2)C3=NC=NC4=C3C=CN4 m_276450__18755804__14203984__18251492,10,0.2105263157894736,0.223826714801444,6,0,2,0
CCCN1CCCC1C(=O)NCCN2CCN(CC2)C3=NC=NC4=C3C=CN4 m_276450__18755804__14205908__18251492,10,0.2105263157894736,0.2355072463768115,7,0,1,0
[N-]=[N+]=NC1=CC=CN=C1C(=O)NCCC2CCN(CC2)C3=NC=NC4=C3C=CS4 m_276450__14193098__27788636__18957688,12,0.21,0.2690058479532163,8,0,3,0
CC1=NC2=C(C=C1C(=O)NC3CCN(CC3)C4=NC=NC5=C4C=CS5)CCCN2 m_276450__14192934__27783770__18957688,9,0.21,0.2493438320209973,6,0,1,1
CC1=NC2=CC=C(C=C2C(=C1NC(=O)N3CCN(CC3)C4=CC=CC5=C4C=NN5)C)Br s_2430__26893924__17793198,12,0.21,0.2120253164556962,5,0,5,0
CC1=NC2=CC(=CC=C2C(=C1NC(=O)N3CCN(CC3)C4=CC=CC5=C4C=NN5)C)Br s_2430__26879512__17793198,12,0.21,0.2229299363057325,5,0,5,0
O=C(NCCC1CCN(CC1)C2=NC=NC3=C2C=CS3)C4=C5OCCCN5N=C4 m_276450__14193098__14200672__18957688,11,0.21,0.2351421188630491,9,0,0,0
CC1=C(CCCO1)C(=O)N2CC[C@@H](C2)N3CCN(CC3)C4=NC=NC5=C4N=CN5 m_276450__27869474__14200236__18955122,11,0.21,0.2601880877742947,8,0,1,2
C1=CC2=C(N=CN2)C(=C1)N3CCN(CC3)CCC4=CC=C5OCCOC5=C4 s_2230__13968354__8635612,8,0.2093023255813953,0.1947194719471947,6,0,0,2
CN(CCC1CCN(CC1)C2=NC=NC3=C2C=CN3)C(=O)CN4CCCCC4 m_276450__14193134__27815118__18251492,12,0.2087912087912088,0.2145454545454545,9,0,1,0
O=C1NC2=CC=CC=C2C=C1CC(=O)N3CCN(CC3)C4=CC=CC5=C4N=CN5 s_22__13968870__761094,12,0.2087912087912088,0.3378378378378378,4,0,6,1
O=C1NC2=CC=CC=C2C=C1CC(=O)N3CCN(CC3)C4=CC=CC5=C4OC=C5 s_22__28465444__761094,12,0.2087912087912088,0.3546099290780142,4,0,6,1
O=C(NC1=CN=C2CCCCN2C1=O)N3CCN(CC3)C4=CN=CC5=NC=NN45 s_2430__22529536__9417634,8,0.2087912087912088,0.3630952380952381,5,0,1,1
C=C1C2=CC=CC=C2C(=O)N1CC(=O)N3CCN(CC3)C4=CC=CC5=C4OC=C5 s_22__28465444__216519,12,0.2087912087912088,0.2326388888888889,4,0,6,0
CC1=NC2=CC=CC=C2C(=C1CC(=O)N3CCN(CC3)C4=NC=NC5=C4SC=C5)C s_527__5635386__155628,12,0.2083333333333333,0.2132564841498559,6,0,5,0
C=CCC1=CC=CC=C1C(=O)NCCN2CCN(CC2)C3=NC=NC4=C3N=CS4 m_276450__18755804__27803632__14155830,12,0.2083333333333333,0.2164634146341463,6,0,5,1
CCN1CCCCC1C(=O)NCCC2CCN(CC2)C3=NC=NC4=C3SC=C4 m_276450__14193098__14205232__14214582,11,0.2083333333333333,0.2619047619047619,8,0,1,0
CCN1CCCCC1C(=O)NCCN2CCN(CC2)C3=NC=NC4=C3N=CN4 m_276450__18755804__14205232__18955122,10,0.2083333333333333,0.2202166064981949,7,0,1,0
CNC1=CN=CC=C1C(=O)NCCN2CCN(CC2)C3=NC=NC4=C3C=CN4 m_276450__18755804__27812084__18251492,12,0.2083333333333333,0.1821192052980132,6,0,4,0
CN1CCCCC1CC(=O)NCCN2CCN(CC2)C3=NC=NC4=C3N=CN4 m_276450__18755804__27801120__18955122,11,0.2083333333333333,0.2226148409893993,7,0,2,0
CC1=C(COCC1)C(=O)N(C)CCC2CCN(CC2)C3=NC=NC4=C3C=CN4 m_276450__14193134__27785454__18251492,10,0.2083333333333333,0.2532894736842105,8,0,0,0
CC1=NC2=CC=CC=C2C(=O)N1CC(=O)N3CCN(CC3)C4=C(C(=CC=C4)F)C#N s_527__632946__9703978,12,0.2083333333333333,0.2292358803986711,4,0,6,0
O=C(NC1=CN=C2C=CC=CN2C1=O)N3CCN(CC3)C4=CC=CC5=C4N=CN5 s_2430__22529678__26861752,10,0.2083333333333333,0.3076923076923077,3,0,5,1
O=C(C1=C(C2=C(C=C1Br)OCCO2)Cl)N3CCN(CC3)C4=CC=CC5=C4C=CN5 s_11__12304832__27040490,10,0.2083333333333333,0.2119402985074626,7,0,1,0
CC1CN2CCN1CC2C(=O)NCCN3CCN(CC3)C4=C5SC=NC5=NC=N4 m_276450__18755804__27780752__28201854,12,0.2083333333333333,0.1993243243243243,9,0,1,0
O=C1NC2CCC1CC2C(=O)NCCN3CCN(CC3)C4=C5SC=NC5=NC=N4 m_276450__18755804__27782922__28201854,11,0.2083333333333333,0.2337662337662337,7,0,2,1
CCCN1CCC[C@H]1C(=O)NCCN2CCN(CC2)C3=NC=NC4=C3C=NN4 m_276450__18755804__27801074__28201338,11,0.2083333333333333,0.2357142857142857,8,0,1,0
CCN(CC1CCN(CC1)C2=NC=NC3=C2SC=C3)C(=O)[C@H]4CCCCN4C m_276450__14193364__18957698__14214582,12,0.2083333333333333,0.273037542662116,9,0,1,0
O=C(CN1C(=O)NC2=CC=CC=C2C1=O)N3CCN(CC3)C4=CC=CC5=C4N=CN5 s_22__13968870__550054,12,0.2065217391304347,0.203125,5,0,6,0
O=C(CN1CCCNC1=O)NCCN2CCN(CC2)C3=NC=NC4=C3C=CN4 m_276450__18755804__14200630__18251492,11,0.2065217391304347,0.1952054794520548,9,0,0,0
CC1=CC2=C(C=C1NC(=O)N3CCN(CC3)C4=CC=CC5=C4N=CN5)OCCO2 s_2430__27548240__26861752,10,0.2065217391304347,0.2044025157232704,7,0,1,1
CC1=CC2=C(C=C1NC(=O)N3CCN(CC3)C4=CC=CC5=C4NC=C5)OCCO2 m_2430__27548240__12909442,10,0.2065217391304347,0.2072368421052631,7,0,1,1
CC1=CC2=C(C=C1NC(=O)N3CCN(CC3)C4=CC=CC5=C4OC=C5)OCCO2 s_2430__27548240__28470156,10,0.2065217391304347,0.2163934426229508,7,0,1,1
O=C(NC1=CN=C2CCCCN2C1=O)N3CCN(CC3)C4=C5C=CN=C5NC=N4 s_2430__22529536__22577650,7,0.2065217391304347,0.4042553191489361,4,0,1,1
O=C(NC1=CN=C2CCCCN2C1=O)N3CCN(CC3)C4=CN=CC5=NN=NN45 s_2430__22529536__18364008,9,0.2065217391304347,0.35,6,0,1,1
C=C1C2=CC=CC=C2C(=O)N1CC(=O)N3CCN(CC3)C4=CC=CC5=C4N=CN5 s_11__25843604__210148,12,0.2065217391304347,0.2171052631578947,4,0,6,0
C=CCC1=CC=CC=C1C(=O)NCCC2CCN(CC2)C3=NC=NC4=C3C=CS4 m_276450__14193098__27803632__18957688,12,0.2061855670103092,0.2741935483870967,6,0,5,1
COCC1=CC=CN=C1C(=O)NCCN2CCN(CC2)C3=NC=NC4=C3C=CN4 m_276450__18755804__27792398__18251492,12,0.2061855670103092,0.1710914454277286,8,0,3,0
COC1=CN=NC=C1C(=O)NCCC2CCN(CC2)C3=NC=NC4=C3C=CS4 m_276450__14193098__27781508__18957688,12,0.2061855670103092,0.252199413489736,8,0,2,0
CC1=C(CCCO1)C(=O)N(C)CCC2CCN(CC2)C3=NC=NC4=C3NC=C4 m_276450__14193134__14200236__28201464,11,0.2061855670103092,0.2445820433436532,9,0,0,0
O=C(C1=C(C2=C(C=C1Br)OCCO2)Cl)N3CCN(CC3)C4=CC=CC5=C4C=NN5 s_22__17793186__26978044,11,0.2061855670103092,0.2114803625377643,8,0,1,0
O=C(C1=C(C2=C(C=C1Br)OCCO2)Cl)N3CCN(CC3)C4=NC=NC5=C4C=CS5 s_22__24035806__26978044,11,0.2061855670103092,0.2472826086956521,8,0,1,0
O=C(C1=NC=NC=C1Cl)N2CC[C@H](C2)N3CCN(CC3)C4=NC=NC5=C4C=CS5 m_276450__27869470__27805336__18957688,12,0.2061855670103092,0.2909090909090909,7,0,3,2
O=C1C2=CC=CC=C2C(=O)N1CCN3CCC(CC3)C4=CC=CC5=C4C=CN5 s_2230__13035036__680282,10,0.2048192771084337,0.1914893617021276,5,0,4,0
CN(CCC1CCN(CC1)C2=NC=NC3=C2SC=N3)C(=O)C=C4CCCCC4 m_276450__14193134__14200008__28201854,12,0.2043010752688172,0.2408026755852843,9,0,1,0
O=C(CN1N=NC2=CC=CC=C2C1=O)N3CCN(CC3)C4=CC=CC5=C4OC=C5 s_22__28465444__141459,12,0.2043010752688172,0.2172523961661341,5,0,5,0
O=C1C2=CC=CC=C2C=CN1CC(=O)N3CCN(CC3)C4=CC=CC5=C4N=CN5 s_11__25843604__9457984,12,0.2043010752688172,0.203125,5,0,5,1
O=C1C2=CC=CC=C2N=CN1CC(=O)N3CCN(CC3)C4=CC=CC5=C4OC=C5 s_22__28465444__59939,11,0.2043010752688172,0.2366666666666666,4,0,5,1
O=C(CN1C(=O)C2=CC=CN=C2C1=O)N3CCN(CC3)C4=CC=CC5=C4OC=C5 s_11__28469268__2786054,12,0.2043010752688172,0.2073170731707317,6,0,4,0
O=C(NCCN1CCN(CC1)C2=NC=NC3=C2C=CN3)C4CCCN5C4CCC5 m_276450__18755804__27782786__18251492,11,0.2043010752688172,0.231833910034602,7,0,2,1
O=C(CN1CCCCC1)N2CC[C@H](C2)N3CCN(CC3)C4=NC=NC5=C4C=CN5 m_276450__27869470__27815118__18251492,12,0.2043010752688172,0.2338129496402877,9,0,1,1
[N-]=[N+]=N[C@H]1CCCC[C@H]1C(=O)NCCN2CCN(CC2)C3=NC=NC4=C3C=CN4 m_276450__18755804__27784696__18251492,9,0.2040816326530612,0.2320819112627986,7,0,1,0
CCN1CCOCC1C(=O)NCCN2CCN(CC2)C3=NC=NC4=C3N=CS4 m_276450__18755804__14204356__14155830,10,0.2040816326530612,0.2302839116719243,7,0,1,0
CCCN1CCCCC1C(=O)NCCN2CCN(CC2)C3=C4C(=NC=N3)C=CN4C m_276450__18755804__27809982__28201852,11,0.2040816326530612,0.2524916943521594,8,0,1,0
O=C(NCCN1CCN(CC1)C2=NC=NC3=C2C=CN3)C4CCCN5C4=CC=N5 m_276450__18755804__14203920__18251492,10,0.2040816326530612,0.2142857142857142,8,0,0,1
O=C(NCCN1CCN(CC1)C2=NC=NC3=C2C=CN3)C4CCCN5C4=NN=C5 m_276450__18755804__18783872__18251492,10,0.2040816326530612,0.2063953488372093,7,0,1,0
O=C(NCCN1CCN(CC1)C2=NC=NC3=C2C=CN3)C4=C5OCCCN5N=C4 m_276450__18755804__14200672__18251492,11,0.2040816326530612,0.1706666666666666,9,0,0,0
CCN(CC1CCN(CC1)C2=NC=NC3=C2N=CN3)C(=O)C4=C(CCCC4)Cl m_276450__14193364__27797300__18955122,11,0.2040816326530612,0.2601351351351351,8,0,1,0
O=C(CN1C(=O)NC2=CC=CC=C2C1=O)N3CCN(CC3)C4=CC=CC5=C4OC=C5 s_11__28469268__550016,12,0.202127659574468,0.2161290322580645,5,0,6,0
CC(CN1CCCCC1)C(=O)NCC2CCN(CC2)C3=NC=NC4=C3C=CN4 s_11__22180642__26276014,11,0.202127659574468,0.2057761732851985,8,0,1,0
CC1=NC2=CC=CC=C2C=C1NC(=O)N3CCN(CC3)C4=CC=CC5=C4N=CN5 s_2430__22523656__26861752,11,0.202127659574468,0.2105263157894736,4,0,5,1
O=C1OC2=CC=CC=C2C=C1CC(=O)N3CCN(CC3)C4=CC=CC5=C4N=CN5 s_11__25843604__22272908,12,0.202127659574468,0.2791411042944785,5,0,5,1
O=C(CN1C(=O)C2=CC=CN=C2C1=O)N3CCN(CC3)C4=CC=CC5=C4N=CN5 s_22__13968870__2823924,12,0.202127659574468,0.2012012012012012,6,0,4,0
CC1=NC2=CC=CC=C2C(=C1C(=O)N3CCN(CC3)C4=CC=CC5=C4OC=C5)C s_11__28469268__124847,11,0.202127659574468,0.1974110032362459,4,0,5,0
O=C(NCCN1CCN(CC1)C2=NC=NC3=C2C=CN3)C4CCCCC45CCC5 m_276450__18755804__18937568__18251492,10,0.202127659574468,0.223826714801444,6,0,2,1
O=C(NCCN1CCN(CC1)C2=NC=NC3=C2C=NN3)C4CCCN5C4CCC5 m_276450__18755804__27782786__28201338,12,0.202127659574468,0.2336769759450171,8,0,2,1
O=C(NCCN1CCN(CC1)C2=NC=NC3=C2N=CN3)C4CCCC5N4CCC5 m_276450__18755804__14204648__18955122,11,0.202127659574468,0.2241992882562277,8,0,1,2
[N-]=[N+]=N[C@H]1CCCC[C@H]1C(=O)NCCN2CCN(CC2)C3=NC=NC4=C3N=CS4 m_276450__18755804__27784696__14155830,9,0.202020202020202,0.2571428571428571,7,0,1,0
CCCN1CCCCC1C(=O)NCCN2CCN(CC2)C3=C4C(=NOC4=NC=N3)C m_276450__18755804__27809982__14214556,11,0.202020202020202,0.2290322580645161,7,1,1,1
CC1=NC2=NC=NN2C(=C1CC(=O)N3CCN(CC3)C4=NC=NC5=C4C=NN5)C s_22__29610718__130878,11,0.202020202020202,0.1914893617021276,7,0,2,0
O=C(C1=C(C2=C(C=C1Br)OCCO2)Cl)N3CCN(CC3)C4=CC=NC5=C4SC=C5 s_22__13570828__26978044,12,0.202020202020202,0.2262569832402234,9,0,1,0
O=C(NCCN1CCN(CC1)C2=NC=NC3=C2SC=N3)C4CCOCC45CCC5 m_276450__18755804__27783116__28201854,12,0.202020202020202,0.2243589743589743,8,0,2,1
O=C(NCCN1CCN(CC1)C2=NC=NC3=C2N=CS3)C4CCCN5C4=NN=C5 m_276450__18755804__18783872__14155830,10,0.202020202020202,0.2305555555555555,7,0,1,0
O=C(NCCN1CCN(CC1)C2=NC=NC3=C2NC=C3)C4CCCC5=C4NN=C5 m_276450__18755804__14202060__28201464,12,0.202020202020202,0.2364672364672364,7,0,3,0
O=C(NCCN1CCN(CC1)C2=NC=NC3=C2NC=C3)C4CCCC5=CC=NN45 m_276450__18755804__27790108__28201464,11,0.202020202020202,0.232620320855615,7,0,2,1
O=C(NCCN1CCN(CC1)C2=NC=NC3=C2SC=N3)C4CCCN5C4=NN=C5 m_276450__18755804__18783872__28201854,11,0.202020202020202,0.2094972067039106,8,0,1,0
O=C(CC1CSCCO1)N2CC[C@H](C2)N3CCN(CC3)C4=NC=NC5=C4C=CS5 m_276450__27869470__27782132__18957688,12,0.202020202020202,0.3134796238244514,8,0,2,1
CCN1CCOCC1CC(=O)NCCC2CCN(CC2)C3=NC=NC4=C3C=CS4 m_276450__14193098__27786920__18957688,11,0.2,0.2792207792207792,8,0,2,0
CCN1CCOCC1CC(=O)NCCN2CCN(CC2)C3=NC=NC4=C3SC=N4 m_276450__18755804__27786920__28201854,12,0.2,0.2145110410094637,9,0,2,0
O=C1C2=CC=CC=C2C(=O)N1CCC3=CCN(CC3)C4=NC=CC5=C4C=CO5 s_27__9581216__15258810,12,0.2,0.2625,5,1,5,0
O=C(C[C@H]1CCCC[C@@H]1O)NCCN2CCN(CC2)C3=NC=NC4=C3C=CN4 m_276450__18755804__27784860__18251492,11,0.2,0.2245614035087719,7,0,2,0
CCCN1CCCCC1C(=O)NCCN2CCN(CC2)C3=C4N=C(SC4=NC=N3)N m_276450__18755804__27809982__28204226,10,0.2,0.2628205128205128,7,0,1,1
CC1=NC2=CC=CC=C2C=C1NC(=O)N3CCN(CC3)C4=CC=CC5=C4OC=C5 s_2430__22523656__28470156,11,0.2,0.2079207920792079,4,0,5,1
CC1=NC2=NC=CC=C2C=C1CC(=O)N3CCN(CC3)C4=CC=CC5=C4OC=C5 s_22__28465444__21203144,10,0.2,0.2136222910216718,4,0,4,1
O=C(CC1=CC2=CC=CC=C2C=C1O)N3CCN(CC3)C4=CC=CC5=C4OC=C5 s_22__28465444__21389038,12,0.2,0.2250922509225092,5,0,5,1
CC1=C(C=NC2=CC=CC=C12)NC(=O)N3CCN(CC3)C4=CC=CC5=C4N=CN5 s_2430__22522772__26861752,12,0.2,0.2086092715231788,5,0,5,1
O=C1C2=CC=CC=C2C=CN1CC(=O)N3CCN(CC3)C4=CC=CC5=C4OC=C5 s_22__28465444__9457986,12,0.2,0.2149837133550488,5,0,5,1
CC1=NC2=NC=NN2C(=C1CC(=O)N3CCC(CC3)C4=CC=CC5=C4C=CN5)C s_11__22174136__115783,9,0.2,0.1823529411764705,5,0,2,0
CC1=NC2=CC=CC=C2C(=C1C(=O)N3CCN(CC3)C4=CC=CC5=C4N=CN5)C s_22__13968870__9475876,11,0.2,0.1936507936507936,4,0,5,0
CSC1=NC2=CC=CC=C2C(=C1NC(=O)N3CCN(CC3)C4=CC=CC5=C4N=CN5)C s_2430__12100718__26861752,12,0.2,0.2177914110429447,5,0,5,0
O=C(NCCN1CCN(CC1)C2=NC=NC3=C2C=NN3)C4CCCCC45CCC5 m_276450__18755804__18937568__28201338,11,0.2,0.225,7,0,2,1
O=C(NCCN1CCN(CC1)C2=NC=NC3=C2OC=C3)C4CCCC5=C4C=NN5 m_276450__18755804__14202058__28201534,12,0.2,0.25,9,0,1,0
O=C(C=C1CN2CCC1CC2)NCCN3CCN(CC3)C4=C5N=CSC5=NC=N4 m_276450__18755804__27788104__14155830,12,0.2,0.2806451612903226,9,0,1,0
O=C(C1=C(CCOC1)Cl)N2CC[C@H](C2)N3CCN(CC3)C4=NC=NC5=C4SC=N5 m_276450__27869470__27794768__28201854,11,0.2,0.2831325301204819,8,0,1,2
C#CCOC1=CC(=C(C(=C1)C)CN2CCN(CC2)C3=CC=CC4=C3OC=C4)C s_270004__28472744__24720298,10,0.2,0.1958041958041958,6,0,2,0
CCN1CCOCC1CC(=O)NCCN2CCN(CC2)C3=C4C=C(SC4=NC=N3)C m_276450__18755804__27786920__14214422,11,0.198019801980198,0.2861538461538461,7,0,2,1
CCN(CC1CCN(CC1)C2=NC=NC3=C2N=CN3)C(=O)C4=C(OCCC4)C m_276450__14193364__14200236__18955122,12,0.198019801980198,0.2347266881028939,9,0,1,0
CC1=NC2=CC=CC=C2C(=C1CC(=O)N3CCN(CC3)C4=CC=CC5=C4NC=C5)C m_527__12909438__155628,10,0.1979166666666666,0.2094594594594594,4,0,5,0
CC1=NC2=CC=CC=C2C(=C1CC(=O)N3CCN(CC3)C4=CC=CC5=C4OC=C5)C s_22__28465444__300168,10,0.1979166666666666,0.218954248366013,4,0,5,0
CCC1CCCCC1C(=O)NCCN2CCN(CC2)C3=NC=NC4=C3OC=C4 m_276450__18755804__14201692__28201534,10,0.1979166666666666,0.2508474576271186,6,0,2,0
COC1=CN=CN=C1C(=O)NCCN2CCN(CC2)C3=NC=NC4=C3C=CN4 m_276450__18755804__27785636__18251492,12,0.1979166666666666,0.1798107255520504,8,0,2,0
COC1CCCCC1C(=O)NCCN2CCN(CC2)C3=NC=NC4=C3OC=C4 m_276450__18755804__14206084__28201534,10,0.1979166666666666,0.2524271844660194,7,0,1,0
CO[C@H]1CCCC[C@H]1C(=O)NCCN2CCN(CC2)C3=NC=NC4=C3NC=C4 m_276450__18755804__27782064__28201464,10,0.1979166666666666,0.2417218543046357,7,0,1,0
CSC1=CC=CC=C1C(=O)NCCN2CCN(CC2)C3=CC=NC4=NC=CN34 m_276450__18755804__27815346__28204368,12,0.1979166666666666,0.19,6,0,4,0
O=C(CN1CCOCC1=O)NCCN2CCN(CC2)C3=NC=NC4=C3SC=N4 m_276450__18755804__14206022__28201854,12,0.1979166666666666,0.1791530944625407,10,0,0,0
O=C(C[C@H]1CCCC[C@H]1F)NCCN2CCN(CC2)C3=NC=NC4=C3C=NN4 m_276450__18755804__27781330__28201338,12,0.1979166666666666,0.2264808362369338,9,0,1,0
CC1=NC2=NC=CC=C2C=C1CC(=O)N3CCN(CC3)C4=CC=CC5=C4N=CN5 s_11__25843604__22272842,10,0.1979166666666666,0.205607476635514,4,0,4,1
O=C(NC1=CC2=C(CCCC2)N=C1Cl)N3CCN(CC3)C4=CC=CC5=C4N=CN5 s_2430__26895820__26861752,8,0.1979166666666666,0.1972972972972973,5,0,1,1
CC1=C(C=NC2=CC=CC=C12)NC(=O)N3CCN(CC3)C4=CC=CC5=C4OC=C5 s_2430__22522772__28470156,12,0.1979166666666666,0.2066666666666666,5,0,5,1
O=C(NC1=CN=C2CCCCN2C1=O)C3CCN(CC3)C4=CN=CC5=NN=NN45 s_22__21018866__7786096,10,0.1979166666666666,0.3792048929663608,7,0,1,1
CC1=C(C(=NC2=CC=CC=C12)O)C(=O)N3CCN(CC3)C4=CC=CC5=C4OC=C5 s_22__28465444__6663460,12,0.1979166666666666,0.2038216560509554,5,0,5,0
O=C(NCCN1CCN(CC1)C2=C3C=CNC3=NC=N2)[C@H]4C[C@H]5C=C[C@@H]4CCC5 m_276450__18755804__27788800__18251492,12,0.1979166666666666,0.2289562289562289,6,0,4,2
O=C(NCCN1CCN(CC1)C2=NC=NC3=C2NC=C3)C4=C5NCCCN5N=C4 m_276450__18755804__27796260__28201464,12,0.1979166666666666,0.1963350785340314,10,0,0,0
O=C([C@H]1CCCC[C@H]1O)N2CC[C@@H](C2)N3CCN(CC3)C4=NC=NC5=C4SC=C5 m_276450__27869474__27785808__14214582,11,0.1979166666666666,0.2777777777777778,7,0,2,2
CC1=C(COCC1)C(=O)N2CCC3(CC2)CCN(CC3)C4=NC=NC5=C4N=CN5 m_276450__18955116__27785454__18955122,12,0.1979166666666666,0.2467105263157894,9,0,1,1
O=C(CC1=CC2=CC=CC=C2C=C1O)N3CCN(CC3)C4=CC=CC5=C4N=CN5 s_22__13968870__21389038,12,0.1978021978021978,0.2132867132867132,5,0,5,1
CCN1CCOCC1CC(=O)NCCC2CCN(C2)C3=NC=NC4=C3C=CS4 m_276450__14193272__27786920__18957688,12,0.196078431372549,0.2912621359223301,8,0,2,0
O=C1NC2=C(CCCC2)N=C1NCC3CCN(CC3)C4=NC=NC5=C4C=CN5 s_27__16803670__15344316,10,0.1958762886597938,0.3090379008746355,8,0,1,0
CC1=NC2=CC=CC=C2C(=C1CC(=O)N3CCN(CC3)C4=CC=CC5=C4N=CN5)C s_11__25843604__54867,10,0.1958762886597938,0.2108626198083067,4,0,5,0
COC1CCCCC1C(=O)NCCC2CCN(CC2)C3=NC=NC4=C3SC=C4 m_276450__14193098__14206084__14214582,11,0.1958762886597938,0.2312703583061889,8,0,1,0
CO[C@H]1CCCC[C@H]1C(=O)NCCN2CCN(CC2)C3=NC=NC4=C3N=CN4 m_276450__18755804__27782064__18955122,10,0.1958762886597938,0.2164948453608247,7,0,1,0
O=C(CN1CCOCC1=O)NCCC2CCN(CC2)C3=NC=NC4=C3C=CS4 m_276450__14193098__14206022__18957688,11,0.1958762886597938,0.2962962962962963,9,0,0,0
CC(C(=O)NCC1CCN(CC1)C2=NC=NC3=C2C=CN3)N4CCCCC4=O s_11__22180642__3048300,11,0.1958762886597938,0.2365591397849462,8,0,1,0
CC1=C(COCC1)C(=O)N(C)CCC2CCN(CC2)C3=NC=NC4=C3NC=C4 m_276450__14193134__27785454__28201464,11,0.1958762886597938,0.2651757188498402,9,0,0,0
O=C(NC1=CC2=C(CCCC2)N=C1Cl)N3CCN(CC3)C4=NC=NC5=C4SC=C5 s_2430__26895820__5635394,10,0.1958762886597938,0.2035175879396984,7,0,1,1
CC1=C(C(=NC2=CC=CC=C12)O)C(=O)N3CCN(CC3)C4=CC=CC5=C4N=CN5 s_22__13968870__6663460,12,0.1958762886597938,0.2012578616352201,5,0,5,0
CC1=C(COCC1)C(=O)N2CC[C@@H](C2)N3CCN(CC3)C4=NC=NC5=C4CCC5 m_276450__27869474__27785454__14214378,12,0.1958762886597938,0.2603550295857988,7,0,3,2
O=C(CC1=CC2=C(C=C1Br)OCCO2)N3CCN(CC3)C4=CC=CC5=C4OC=C5 s_22__28465444__117017,10,0.1956521739130435,0.2253968253968254,7,0,1,1
C[C@@H](CN1CCN(CC1)C2=NC=NC3=C2N=CS3)NC(=O)[C@H]4CCCC[C@H]4N=[N+]=[N-] m_276450__27871502__27784696__14155830,10,0.1941747572815534,0.2571428571428571,7,0,1,1
CCN1CCOCC1C(=O)NCCN2CCN(CC2)C3=NC=NC4=C3C=NN4 m_276450__18755804__14204356__28201338,11,0.1938775510204081,0.2033333333333333,8,0,1,0
CN(CCC1CCN(CC1)C2=NC=NC3=C2C=CN3)C(=O)C4=C(CCOC4)Cl m_276450__14193134__27794768__18251492,10,0.1938775510204081,0.2621359223300971,8,0,0,0
O=C(NC1=CC2=C(C=C1Cl)OCCC2)N3CCN(CC3)C4=CC=CC5=C4OC=C5 s_2430__15148972__28470156,10,0.1938775510204081,0.2,7,0,1,1
O=C(NC1=C(C2=C(C=C1)OCCO2)Cl)N3CCN(CC3)C4=CC=NC5=C4SC=C5 s_2430__26894868__22575770,12,0.1938775510204081,0.2238805970149253,9,0,1,1
O=C(NCCC1CCN(CC1)C2=NC=NC3=C2C=CN3)C4=NNC5=C4CCCC5 m_276450__14193098__14207032__18251492,12,0.1938775510204081,0.195054945054945,10,0,0,0
O=C(NCCN1CCN(CC1)C2=NC=NC3=C2OC=C3)C4=C5CCOCC5=CO4 m_276450__18755804__14205410__28201534,12,0.1938775510204081,0.1908396946564885,9,0,1,1
CN1CCCCC1C(=O)N2CC[C@H](C2)N3CCN(CC3)C4=NC=NC5=C4N=CS5 m_276450__27869470__14206930__14155830,10,0.1938775510204081,0.2721311475409836,7,0,1,2
O=C1C2=CC=CC=C2N=CN1CCN3CCC(CC3)C4=CC=CC5=C4C=CN5 s_2230__13035036__7471562,9,0.1935483870967742,0.2203947368421052,4,0,4,1
CCOC1=CC=CN=C1N2CCN(CC2)CCN3C=NC4=CC=CC=C4C3=O s_2230__13138144__7471562,12,0.1935483870967742,0.2435064935064935,5,0,5,2
O=C(CN1CCCNC1=O)NCCN2CCN(CC2)C3=NC=NC4=C3NC=C4 m_276450__18755804__14200630__28201464,12,0.1935483870967742,0.2159468438538206,10,0,0,0
O=C(NC1=CC2=C(C=C1Br)OCCO2)N3CCN(CC3)C4=CC=CC5=C4OC=C5 s_2430__737976__28470156,11,0.1935483870967742,0.2161290322580645,8,0,1,1
O=C(NC1=CC2=C(C=C1Cl)OCCO2)N3CCN(CC3)C4=CC=CC5=C4N=CN5 s_2430__740638__26861752,11,0.1935483870967742,0.1944444444444444,8,0,1,1
O=C(NC1=CC2=C(C=C1Cl)OCCO2)N3CCN(CC3)C4=CC=CC5=C4OC=C5 s_2430__740638__28470156,11,0.1935483870967742,0.2071197411003236,8,0,1,1
O=C(CC1=C(C2=CC=CC=C2C=C1)Cl)N3CCN(CC3)C4=CC=CC5=C4N=CN5 s_22__13968870__28246902,12,0.1935483870967742,0.2183098591549295,5,0,5,1
O=C1C2=CC=CC=C2N=CN1CC(=O)N3CCN(CC3)C4=CC=CC5=C4N=CN5 s_11__25843604__54496,11,0.1935483870967742,0.2243589743589743,4,0,5,1
C#CCOC1=CC(=C(C(=C1)C)CN2CCN(CC2)C3=CC=CC4=C3N=CN4)C s_270004__24159222__24720298,10,0.1935483870967742,0.1821192052980132,6,0,2,0
C#CCOC1=CC(=C(C(=C1)C)CN2CCN(CC2)C3=NC=NC4=C3SC=C4)C s_270004__8137760__24720298,12,0.1935483870967742,0.1903323262839879,8,0,2,0
CC1=C(SCCO1)C(=O)N(C)CCC2CCN(CC2)C3=NC=NC4=C3C=CN4 m_276450__14193134__27810424__18251492,11,0.1919191919191919,0.2269938650306748,9,0,0,0
O=C(NCCN1CCN(CC1)C2=NC=NC3=C2C=CN3)C4=CC=NN5C4=NC=C5 m_276450__18755804__27786098__18251492,12,0.1919191919191919,0.1804733727810651,7,0,3,1
O=C(NCCN1CCN(CC1)C2=NC=NC3=C2C=NN3)C4CCCN5C4=CC=N5 m_276450__18755804__14203920__28201338,11,0.1919191919191919,0.2121212121212121,9,0,0,1
O=C(NCCN1CCN(CC1)C2=NC=NC3=C2NC=C3)C4CCCN5C4=CC=N5 m_276450__18755804__14203920__28201464,11,0.1919191919191919,0.2299465240641711,9,0,0,1
O=C(NCCC1CCN(CC1)C2=NC=NC3=C2C=CN3)C4=NOC5=C4CCCC5 m_276450__14193098__14204022__18251492,12,0.1919191919191919,0.1865284974093264,10,0,0,0
O=C(NCCC1CCN(CC1)C2=NC=NC3=C2N=CS3)C4=C5CCCCC5=CS4 m_276450__14193098__27810886__14155830,11,0.1919191919191919,0.2058047493403693,8,1,0,1
O=C(NCCC1CCN(CC1)C2=NC=NC3=C2N=CS3)C4=CSC5=C4CCCC5 m_276450__14193098__14203690__14155830,12,0.1919191919191919,0.2131578947368421,10,0,0,0
O=C(NCCN1CCN(CC1)C2=NC=NC3=C2NC=C3)C4=C5OCCCN5N=C4 m_276450__18755804__14200672__28201464,12,0.1919191919191919,0.1839378238341968,10,0,0,0
CC1CCCC=C1C(=O)N2CC[C@H](C2)N3CCN(CC3)C4=NC=NC5=C4C=CN5 m_276450__27869470__27795172__18251492,11,0.1919191919191919,0.2885906040268456,6,0,3,2
O=C(CC1=CC2=C(C=C1Br)OCCO2)N3CCN(CC3)C4=CC=CC5=C4N=CN5 s_11__25843604__117015,10,0.1914893617021276,0.209090909090909,7,0,1,1
O=C(CC1=CC2=C(C=C1Br)OCCO2)N3CCN(CC3)C4=NC=NC5=C4SC=C5 s_11__5635366__117015,12,0.1914893617021276,0.2188365650969529,9,0,1,1
O=C(CN1N=NC2=CC=CC=C2C1=O)N3CCN(CC3)C4=CC=CC5=C4N=CN5 s_11__25843604__141458,12,0.1914893617021276,0.2140672782874617,5,0,5,0
CC1=NC2=CC=CC=C2C(=O)N1CC(=O)N3CCN(CC3)C4=CC=NC5=CC=CC=C45 s_22__24029748__9704034,11,0.1914893617021276,0.24,4,0,5,0
O=C(C=C1CN2CCC1CC2)NCCN3CCN(CC3)C4=C5C=CNC5=NC=N4 m_276450__18755804__27788104__18251492,12,0.1914893617021276,0.259515570934256,9,0,1,0
O=C(C1=C(CCCC1)Cl)N2CC[C@@H](C2)N3CCN(CC3)C4=NC=NC5=C4CCC5 m_276450__27869474__27797300__14214378,11,0.1914893617021276,0.2648809523809524,6,0,3,2
CC1=C(C(=O)N2N=CC=C2N1)CC(=O)N3CC=C(CC3)C4=CC=NC5=C4C=CN5 s_11__22183562__3392752,11,0.1904761904761904,0.2506203473945409,4,0,5,0
CCCN1CCCCC1C(=O)N[C@H](C)CN2CCN(CC2)C3=NC=NC4=C3NC=C4 m_276450__27871500__27809982__28201464,11,0.19,0.2578397212543554,8,0,1,1
O=C(NCCN1CCN(CC1)C2=NC=NC3=C2N=CN3)C4CCCC5=C4C=NN5 m_276450__18755804__14202058__18955122,12,0.19,0.2181818181818181,9,0,1,0
O=C(NCCN1CCN(CC1)C2=NC=NC3=C2N=CN3)C4CCCC5=CC=NN45 m_276450__18755804__27790108__18955122,11,0.19,0.2082191780821917,7,0,2,1
O=C(NCCN1CCN(CC1)C2=NC=NC3=C2OC=C3)C4CCCN5C4=CC=N5 m_276450__18755804__14203920__28201534,11,0.19,0.2373333333333333,9,0,0,1
O=C(NCCC1CCN(CC1)C2=NC=NC3=C2N=CS3)C4=C5CCCCC5=NO4 m_276450__14193098__14204930__14155830,12,0.19,0.2151898734177215,9,0,1,0
O=C(NCCC1CCN(CC1)C2=NC=NC3=C2N=CS3)C4=NOC5=C4CCCC5 m_276450__14193098__14204022__14155830,12,0.19,0.205955334987593,10,0,0,0
CC1CCCC=C1C(=O)N2CC[C@H](C2)N3CCN(CC3)C4=NC=NC5=C4C=NN5 m_276450__27869470__27795172__28201338,12,0.19,0.29,7,0,3,2
O=C(C1=C(CCOC1)Cl)N2CC[C@H](C2)N3CCN(CC3)C4=NC=NC5=C4C=CN5 m_276450__27869470__27794768__18251492,10,0.19,0.2888888888888888,7,0,1,2
CCN(CC1CCN(CC1)C2=NC=NC3=C2N=CS3)C(=O)C4=CCCCC4C m_276450__14193364__27795172__14155830,12,0.19,0.2861736334405145,7,0,3,0
CCN(CC1CCN(CC1)C2=NC=NC3=C2NC=C3)C(=O)C4=C(CCOC4)C m_276450__14193364__27785454__28201464,12,0.19,0.2724358974358974,9,0,1,0
CCCN1CCCCC1C(=O)NCCN2CCN(CC2)C3=NC=NC4=C3CCC4 m_276450__18755804__27809982__14214378,11,0.1894736842105263,0.2233009708737864,7,0,3,0
O=C(CC1CCCNC1=O)NCCN2CCN(CC2)C3=NC=NC4=C3NC=C4 m_276450__18755804__27782584__28201464,12,0.1894736842105263,0.2912280701754386,9,0,1,0
O=C(CN1CCOCC1=O)NCCN2CCN(CC2)C3=NC=NC4=C3C=CN4 m_276450__18755804__14206022__18251492,11,0.1894736842105263,0.1764705882352941,9,0,0,0
C=C(CN1CCCCC1)C(=O)NCC2CCN(CC2)C3=NC=NC4=C3C=CN4 s_11__22180642__23815154,11,0.1894736842105263,0.2310469314079422,8,0,1,0
CC(CN1CCCCC1)C(=O)NCC2CCN(CC2)C3=NC=NC4=C3NC=C4 m_276450__14192936__27811214__28201464,12,0.1894736842105263,0.2264808362369338,9,0,1,0
NC(CN1CCCCC1)C(=O)NCC2CCN(CC2)C3=NC=NC4=C3C=CN4 s_240690__24674464__12529766,12,0.1894736842105263,0.2194244604316546,9,0,1,0
CN(CCC1CCN(CC1)C2=NC=NC3=C2SC=N3)C(=O)[C@H]4CCCCN4C m_276450__14193134__18957698__28201854,11,0.1894736842105263,0.223728813559322,9,0,0,0
CC1=NC2=NC=NN2C(=C1)N3CCN(CC3)CCN4C=NC5=CC=CC=C5C4=O s_2230__7461824__7471562,12,0.1894736842105263,0.2138728323699422,6,0,4,2
CC1=NN2C(=CN=CC2=N1)N3CCN(CC3)CCN4C=NC5=CC=CC=C5C4=O s_2230__9090830__7471562,12,0.1894736842105263,0.1971428571428571,6,0,4,2
O=C(NC1=C(C2=C(C=C1)OCCO2)Cl)N3CCN(CC3)C4=CC=CC5=C4OC=C5 s_2430__26894868__28470156,11,0.1894736842105263,0.2071197411003236,8,0,1,1
O=C(NCCN1CCN(CC1)C2=NC=NC3=C2N=CN3)C4CCCCC4C5CC5 m_276450__18755804__14205338__18955122,11,0.1894736842105263,0.213768115942029,7,0,2,1
O=C(NCCN1CCN(CC1)C2=NC=NC3=C2N=CN3)C4CCCN5C4CCC5 m_276450__18755804__27782786__18955122,12,0.1894736842105263,0.2222222222222222,8,0,2,1
O=C(CN1N=CC2=C(C1=O)CCCC2)N3CC=C(CC3)C4=CC=NC5=C4C=CN5 s_11__22183562__14868728,11,0.1881188118811881,0.2356164383561644,7,0,2,0
CC1=C(C(=O)NC2=CC=CC=C12)CC(=O)N3CCC(CC3)C4=CC=CC5=C4C=CN5 s_22__13035022__20854936,12,0.1875,0.3156146179401993,5,0,6,0
CN(CCC1CCN(CC1)C2=NC=NC3=C2C=CN3)C(=O)CC4=CCCCC4 m_276450__14193134__14200074__18251492,11,0.1875,0.2226027397260274,8,0,1,0
O=C(NC1=CC2=CC=CC=C2N=C1Cl)N3CCN(CC3)C4=CC=CC5=C4OC=C5 s_2430__15423922__28470156,12,0.1875,0.2026578073089701,5,0,5,1
O=C(NC1=C(C2=C(C=C1)OCCO2)Cl)N3CCN(CC3)C4=CC=CC5=C4N=CN5 s_2430__26894868__26861752,11,0.1875,0.1944444444444444,8,0,1,1
O=C1NC2=C(N1)C(=CC=C2)N3CCN(CC3)C(=O)CN4C(=O)C5=CC=CC=C5N=C4S s_22__13166772__309126,12,0.1875,0.2334384858044164,5,0,5,1
O=C(NCCC1CCN(CC1)C2=NC=NC3=C2SC=C3)C4CCCCC45CCC5 m_276450__14193098__18937568__14214582,12,0.1875,0.2320819112627986,8,0,2,1
O=C(NCCN1CCN(CC1)C2=NC=NC3=C2OC=C3)C4CCCCC45CCC5 m_276450__18755804__18937568__28201534,11,0.1875,0.2508474576271186,7,0,2,1
O=C(NCCN1CCN(CC1)C2=NC=NC3=C2CCC3)C4CCCC5N4CCC5 m_276450__18755804__14204648__14214378,12,0.1868131868131868,0.2204472843450479,7,0,3,2
CN1C=NC2=NC=NC(=C12)N3CCN(CC3)CCNC(=O)[C@H]4CCCC[C@H]4N=[N+]=[N-] m_276450__18755804__27784696__28201452,11,0.1862745098039215,0.2149837133550488,8,0,1,0
[N-]=[N+]=N[C@H]1CCCC[C@H]1C(=O)NCCC2CCN(C2)C3=NC=NC4=C3SC=C4 m_276450__14193272__27784696__14214582,12,0.1862745098039215,0.2483660130718954,9,0,1,0
O=C(CN1CCCCC1=O)NCCC2CCN(CC2)C3=NC=NC4=C3C=NN4 m_276450__14193098__14200608__28201338,12,0.1855670103092783,0.2261484098939929,10,0,0,0
O=C(C[C@H]1CCCC[C@H]1F)NCCN2CCN(CC2)C3=NC=NC4=C3OC=C4 m_276450__18755804__27781330__28201534,12,0.1855670103092783,0.2524916943521594,9,0,1,0
CN(CCC1CCN(CC1)C2=NC=NC3=C2C=NN3)C(=O)CC4=CCCCC4 m_276450__14193134__14200074__28201338,12,0.1855670103092783,0.2286689419795221,9,0,1,0
CCCN1CCCCC1C(=O)NCCN2CCN(CC2)C3=C(C(=NC=N3)CC)Cl m_276450__18755804__27809982__28201608,12,0.1855670103092783,0.231578947368421,8,0,2,0
O=C(C1=C(CCOC1)Cl)N2CCC3(CC2)CCN(CC3)C4=NC=NC5=C4C=NN5 m_276450__18955116__27794768__28201338,12,0.1855670103092783,0.2628205128205128,9,0,1,1
O=C(CN1C(=O)C2CCCCC2C1=O)N3CCN(CC3)C4=NC=NC5=C4C=NN5 s_22__29610718__59515,11,0.1847826086956521,0.25,7,0,2,0
CCN1CCOCC1C(=O)NCCN2CCN(CC2)C3=NC=NC4=C3OC=C4 m_276450__18755804__14204356__28201534,11,0.1836734693877551,0.2285714285714285,8,0,1,0
CC(C(=O)NCC1CCN(CC1)C2=NC=NC3=C2NC=C3)N4CCCCC4=O m_276450__14192936__14205148__28201464,12,0.1836734693877551,0.2569444444444444,9,0,1,0
CC1CCCC=C1C(=O)N(C)CCC2CCN(CC2)C3=NC=NC4=C3C=NN4 m_276450__14193134__27795172__28201338,12,0.1836734693877551,0.2542955326460481,8,0,2,0
CN(CCC1CCN(CC1)C2=NC=NC3=C2OC=C3)C(=O)C4=C(CCOC4)Cl m_276450__14193134__27794768__28201534,11,0.1836734693877551,0.2774390243902439,9,0,0,0
O=C(NCCN1CCN(CC1)C2=NC=NC3=C2CCC3)C4CCCN5C4=CC=N5 m_276450__18755804__14203920__14214378,12,0.1836734693877551,0.2058047493403693,8,0,2,1
O=C(NCCN1CCN(CC1)C2=NC=NC3=C2CCC3)C4CCCN5C4=NC=C5 m_276450__18755804__27794386__14214378,11,0.1836734693877551,0.2,6,0,3,1
O=C(CC1=CCCCC1)N2CC[C@@H](C2)N3CCN(CC3)C4=NC=NC5=C4C=CN5 m_276450__27869474__14200074__18251492,11,0.1836734693877551,0.265993265993266,8,0,1,1
CN1CCCCC1C(=O)N2CC[C@@H](C2)N3CCN(CC3)C4=NC=NC5=C4C=CN5 m_276450__27869474__14206930__18251492,10,0.1836734693877551,0.2464788732394366,7,0,1,2
CN1CCCC[C@H]1C(=O)N2CC[C@@H](C2)N3CCN(CC3)C4=NC=NC5=C4C=CN5 m_276450__27869474__14206714__18251492,10,0.1836734693877551,0.2464788732394366,7,0,1,2
CC1=NC2=CC=CC=C2C(=O)N1CC(=O)N3CCC(CC3)C4=CC=CC5=C4C=CN5 s_527__13035034__9703978,10,0.1818181818181818,0.2334384858044164,4,0,5,0
CCCN1CCCCC1C(=O)N(C)CCC2CCN(CC2)C3=NC=NC4=C3N=CS4 m_276450__14193134__27809982__14155830,11,0.1818181818181818,0.2516556291390728,8,0,1,0
O=C(NCCN1CCN(CC1)C2=NC=NC3=C2OC=C3)C4CCOCC45CCC5 m_276450__18755804__27783116__28201534,12,0.1818181818181818,0.2452229299363057,8,0,2,1
O=C(NCCC1CCN(CC1)C2=NC=NC3=C2C=CN3)C4=COC5=C4CCCC5 m_276450__14193098__27786072__18251492,12,0.1818181818181818,0.1912568306010929,10,0,0,0
O=C(CC1=CCCCC1)N2CC[C@H](C2)N3CCN(CC3)C4=NC=NC5=C4C=NN5 m_276450__27869470__14200074__28201338,12,0.1818181818181818,0.2675585284280936,9,0,1,1
CN1CCCCC1C(=O)N2CC[C@H](C2)N3CCN(CC3)C4=NC=NC5=C4C=NN5 m_276450__27869470__14206930__28201338,11,0.1818181818181818,0.2482517482517482,8,0,1,2
CN1CCCC[C@H]1C(=O)N2CC[C@H](C2)N3CCN(CC3)C4=NC=NC5=C4C=NN5 m_276450__27869470__14206714__28201338,11,0.1818181818181818,0.2482517482517482,8,0,1,2
CCN(CC1CCN(CC1)C2=NC=NC3=C2SC=N3)C(=O)[C@H]4CCCCN4C m_276450__14193364__18957698__28201854,12,0.1818181818181818,0.238095238095238,9,0,1,0
CCCN1CCCCC1C(=O)NCCC2CCN(CC2)C3=NC=NC4=C3SC=N4 m_276450__14193098__27809982__28201854,11,0.18,0.223728813559322,9,0,1,0
CN(CCC1CCN(CC1)C2=NC=NC3=C2N=CN3)C(=O)C4=C(CCOC4)Cl m_276450__14193134__27794768__18955122,11,0.18,0.255663430420712,9,0,0,0
CCCN1CCCCC1C(=O)NCC(C)N2CCN(CC2)C3=NC=NC4=C3C=CN4 m_276450__27870786__27809982__18251492,10,0.18,0.2410071942446043,7,0,1,1
CC1=C(C(=O)C2=CC=CN=C2N1)C(=O)N3CCC(CC3)C4=CC=CC5=C4C=CN5 s_22__13035022__28465996,11,0.18,0.2764705882352941,4,0,5,0
CN1N=CC2=C(N=CN=C12)N3CCN(CC3)C(=O)CN4C(=O)NC5CCCCC5C4=O s_34__28774994__28331950,12,0.18,0.2166172106824926,7,0,3,0
O=C(NCCN1CCN(CC1)C2=NC=NC3=C2N=CN3)C4CCCN5C4=NC=C5 m_276450__18755804__27794386__18955122,10,0.18,0.2018072289156626,7,0,1,1
O=C(NCCC1CCN(CC1)C2=NC=NC3=C2C=NN3)C4=C5CCCCN5N=N4 m_276450__14193098__27785320__28201338,12,0.18,0.1709844559585492,10,0,0,0
O=C(NCCC1CCN(CC1)C2=NC=NC3=C2NC=C3)C4=C5CCCCN5N=C4 m_276450__14193098__14201978__28201464,12,0.18,0.1974025974025974,10,0,0,0
O=C(NCCC1CCN(CC1)C2=NC=NC3=C2NC=C3)C4=C5CCCCN5N=N4 m_276450__14193098__27785320__28201464,12,0.18,0.1903553299492385,10,0,0,0
CC1CCCC=C1C(=O)N2CC[C@@H](C2)N3CCN(CC3)C4=NC=NC5=C4OC=C5 m_276450__27869474__27795172__28201534,12,0.18,0.3079365079365079,7,0,3,2
CC1CCCC=C1C(=O)N2CC[C@H](C2)N3CCN(CC3)C4=NC=NC5=C4NC=C5 m_276450__27869470__27795172__28201464,12,0.18,0.3019480519480519,7,0,3,2
CCN(CC1CCN(CC1)C2=NC=NC3=C2C=CN3)C(=O)C4=CCCCC4C m_276450__14193364__27795172__18251492,12,0.18,0.259515570934256,7,0,3,0
CC1=NC2=NC=NN2C(=C1CC(=O)N3CC=C(CC3)C4=CC=NC5=C4C=CN5)C s_11__22183562__115783,11,0.1792452830188679,0.2194444444444444,6,0,3,0
CO[C@H]1CCCC[C@@H]1C(=O)NCCN2CCN(CC2)C3=NC=NC4=C3CCC4 m_276450__18755804__27790956__14214378,11,0.1789473684210526,0.2136222910216718,6,0,3,0
CO[C@H]1CCCC[C@H]1C(=O)NCCN2CCN(CC2)C3=NC=NC4=C3CCC4 m_276450__18755804__27782064__14214378,11,0.1789473684210526,0.2136222910216718,6,0,3,0
CN(CCC1CCN(CC1)C2=NC=NC3=C2N=CN3)C(=O)C=C4CCCCC4 m_276450__14193134__14200008__18955122,12,0.1789473684210526,0.2323943661971831,9,0,1,0
CN(CCC1CCN(CC1)C2=NC=NC3=C2C=CN3)C(=O)[C@@H]4CCCCN4C m_276450__14193134__14206714__18251492,10,0.1789473684210526,0.225,8,0,0,0
CC1=NC2=CC=CC=C2C(=C1CC(=O)N3CCN(CC3)C4=CC=CC5=CN=CC=C45)C s_11__26248004__54867,10,0.1789473684210526,0.2167832167832167,3,0,5,0
CCCN1CCC[C@H]1C(=O)NCCN2CCN(CC2)C3=NC=NC4=C3CCC4 m_276450__18755804__27801074__14214378,12,0.1789473684210526,0.2214983713355048,7,0,3,0
CCCN1CCCCC1C(=O)NCC(=O)N2CCN(CC2)C3=NC=NC4=C3C=NN4 m_276450__27870212__27809982__28201338,12,0.1782178217821782,0.2350877192982456,8,0,2,0
CCC1=C(N=CN=C1N2CCN(CC2)CCNC(=O)[C@H]3CCCC[C@H]3N=[N+]=[N-])Cl m_276450__18755804__27784696__18937598,12,0.1782178217821782,0.2354948805460751,7,0,3,0
O=C(NCCC1CCN(CC1)C2=NC=NC3=C2C=NN3)C4CCCC5=NC=NN45 m_276450__14193098__18783510__28201338,12,0.1782178217821782,0.1967213114754098,9,0,1,1
O=C(NCCC1CCN(CC1)C2=NC=NC3=C2N=CS3)C4CCCC5=C4C=CS5 m_276450__14193098__27791496__14155830,11,0.1782178217821782,0.2136986301369863,8,0,1,1
O=C(CC1=CCOCC1)N2CC[C@@H](C2)N3CCN(CC3)C4=NC=NC5=C4N=CS5 m_276450__27869474__14202374__14155830,12,0.1782178217821782,0.2896341463414634,9,0,1,1
O=C(CN1CCOCC1=O)NCCN2CCN(CC2)C3=NC=NC4=C3OC=C4 m_276450__18755804__14206022__28201534,12,0.1770833333333333,0.2,10,0,0,0
COC1=CC=CC(=C1F)C2CCN(CC2)CCN3C=NC4=CC=CC=C4C3=O s_2230__9050844__7471562,12,0.1770833333333333,0.2315436241610738,4,1,5,1
CC1CCCCC1C(=O)N(C)CCC2CCN(CC2)C3=NC=NC4=C3SC=N4 m_276450__14193134__14202220__28201854,11,0.1770833333333333,0.1938775510204081,8,0,1,0
CN(CCC1CCN(CC1)C2=NC=NC3=C2C=NN3)C(=O)[C@H]4CCCCN4C m_276450__14193134__18957698__28201338,11,0.1770833333333333,0.2313167259786477,9,0,0,0
CC1=NC2=CC=CC=C2C(=C1NC(=O)N3CCN(CC3)C4=CC=CC5=CN=CC=C45)C m_2430__26895818__26862452,11,0.1770833333333333,0.2112676056338028,4,0,5,0
O=C(CCN1C(=O)NC2=CC=CC=C2C1=O)N3CCC(CC3)C4=CC=CC5=C4C=CN5 s_22__13035022__22784916,12,0.1770833333333333,0.2024922118380062,5,0,5,0
O=C(NCCC1CCN(CC1)C2=NC=NC3=C2C=CN3)C4CCCC5N4CCC5 m_276450__14193098__14204648__18251492,11,0.1770833333333333,0.2218309859154929,8,0,1,2
O=C(C=C1CCCCC1)N2CC[C@H](C2)N3CCN(CC3)C4=NC=NC5=C4NC=C5 m_276450__27869470__14200008__28201464,12,0.1770833333333333,0.2866666666666667,9,0,1,1
CN1CCCCC1C(=O)N2CCC3(CC2)CCN(CC3)C4=NC=NC5=C4C=CN5 m_276450__18955116__14206930__18251492,11,0.1770833333333333,0.225,8,0,1,1
CN1CCCC[C@H]1C(=O)N2CCC3(CC2)CCN(CC3)C4=NC=NC5=C4C=CN5 m_276450__18955116__14206714__18251492,11,0.1770833333333333,0.225,8,0,1,1
O=C1C2=CC=CC=C2C(=O)N1CCN3CCN(CC3)C4=CN=CC5=NC=NN45 s_2230__9417632__680282,12,0.1764705882352941,0.171875,7,0,4,0
CC1OCCCC1C(=O)N2CC[C@H](C2)N3CCN(CC3)C4=NC=NC5=C4SC=N5 m_276450__27869470__14200316__28201854,12,0.1764705882352941,0.2452830188679245,8,0,2,2
O=C(C1=C(CCOC1)Cl)N2CC[C@@H](C2)N3CCN(CC3)C4=NC=NC5=C4N=CN5 m_276450__27869474__27794768__18955122,11,0.1764705882352941,0.2793650793650793,8,0,1,2
CCCN1CCCCC1C(=O)NCCC2CCN(C2)C3=NC=NC4=C3N=CS4 m_276450__14193272__27809982__14155830,11,0.1764705882352941,0.264026402640264,8,0,1,0
O=C(CN1C(=O)C2CCCCC2C1=O)N3CCC(CC3)C4=CC=CC5=C4C=CN5 s_527__13035034__156526,9,0.1758241758241758,0.2140221402214022,5,0,2,0
O=CN1CCOCC1C(=O)NCCN2CCN(CC2)C3=NC=NC4=C3CCC4 m_276450__18755804__27784776__14214378,12,0.1752577319587628,0.2048929663608562,8,0,2,1
O=C(CN1CCCCC1=O)NCCC2CCN(CC2)C3=NC=NC4=C3NC=C4 m_276450__14193098__14200608__28201464,12,0.1752577319587628,0.2422145328719723,10,0,0,0
CN(CCC1CCN(CC1)C2=NC=NC3=C2NC=C3)C(=O)CC4=CCCCC4 m_276450__14193134__14200074__28201464,12,0.1752577319587628,0.2417218543046357,9,0,1,0
CN(CCC1CCN(CC1)C2=NC=NC3=C2N=CS3)C(=O)C4CCCCC4F m_276450__14193134__27781992__14155830,10,0.1752577319587628,0.2161290322580645,7,0,1,0
CN(CCC1CCN(CC1)C2=NC=NC3=C2N=CS3)C(=O)C4CCCCC4O m_276450__14193134__27808288__14155830,10,0.1752577319587628,0.2168284789644013,7,0,1,0
CN(CCC1CCN(CC1)C2=NC=NC3=C2SC=N3)C(=O)[C@@H]4CCCC[C@H]4O m_276450__14193134__27798274__28201854,11,0.1752577319587628,0.1926910299003322,8,0,1,0
O=C1NC2=C(C=C1NC(=O)N3CCC(CC3)C4=CC=CC5=C4C=CN5)CCCC2 s_2430__11680994__13035038,9,0.1752577319587628,0.2325581395348837,5,0,2,1
CN1CCCCC1C(=O)N2CCC3(CC2)CCN(CC3)C4=NC=NC5=C4C=NN5 m_276450__18955116__14206930__28201338,12,0.1752577319587628,0.2313167259786477,9,0,1,1
O=C1C2=CC=CC=C2C(=O)N1CCN3CCN(CC3)C4=C5C=CN=C5NC=N4 s_2230__15607896__680282,11,0.1744186046511628,0.2129032258064516,6,0,4,0
[N-]=[N+]=N[C@H]1CCCC[C@H]1C(=O)NCCN2CCN(CC2)C3=NC=NC4=C3CCC4 m_276450__18755804__27784696__14214378,11,0.173469387755102,0.2184615384615384,7,0,3,0
O=C(CN1CCCCC1=O)NCCC2CCN(CC2)C3=NC=NC4=C3N=CN4 m_276450__14193098__14200608__18955122,12,0.173469387755102,0.2142857142857142,10,0,0,0
COC1=CC=CC(=C1F)N2CCN(CC2)C(=O)CC3=C(C4=CC=CC=C4N=C3C)C s_11__22169922__54867,12,0.173469387755102,0.2012987012987013,3,1,6,0
CC1=NC2=NC=CC=C2C=C1CC(=O)N3CCN(CC3)C4=NC=NC5=C4C=NN5 s_11__29610992__22272842,12,0.173469387755102,0.1857142857142857,6,0,4,1
O=C(C=C1CCOCC1)N2CC[C@@H](C2)N3CCN(CC3)C4=NC=NC5=C4N=CS5 m_276450__27869474__27813428__14155830,12,0.173469387755102,0.2834890965732087,9,0,1,1
CC1CCCCC1C(=O)N2CC[C@@H](C2)N3CCN(CC3)C4=NC=NC5=C4C=CN5 m_276450__27869474__14202220__18251492,10,0.173469387755102,0.2402826855123674,6,0,2,2
CCCC1CCCCN1C(=O)NCC2CCN(CC2)C3=NC=NC4=C3C=CN4 s_2708__23827838__8750846,10,0.173469387755102,0.1881533101045296,6,0,2,0
CCCN1CCCCC1C(=O)NCC2CCN(CC2)C3=NC=NC4=C3C=CN4 s_11__22180642__26251500,11,0.173469387755102,0.2365591397849462,8,0,1,0
CC1=NC2=CC=CC=C2C(=O)N1CC(=O)N3CC=C(CC3)C4=CC=NC5=C4C=CN5 s_11__22183562__22136346,12,0.173076923076923,0.2514450867052023,5,0,6,0
C[C@H](CN1CCN(CC1)C2=NC=NC3=C2N=CN3)NC(=O)[C@H]4CCCC[C@H]4N=[N+]=[N-] m_276450__27871500__27784696__18955122,11,0.173076923076923,0.2226027397260274,8,0,1,1
CC1=CC2=C(N=CN=C2S1)N3CCC(CC3)CCNC(=O)[C@H]4CCCC[C@H]4N=[N+]=[N-] m_276450__14193098__27784696__14214422,10,0.173076923076923,0.2707006369426751,7,0,1,1
CCN1CCOCC1CC(=O)NCCN2CCN(CC2)C3=C4N=C(SC4=NC=N3)N m_276450__18755804__27786920__28204226,12,0.173076923076923,0.2373887240356083,8,0,2,1
CCCCN1C(=O)NC(=O)C(=C1N)NCC2CCN(CC2)C3=NC=NC4=C3C=CN4 s_27__16803670__116557,10,0.173076923076923,0.2425149700598802,7,0,1,1
CCOC1=CC=CC=C1C2CCN(CC2)CCN3C=NC4=CC=CC=C4C3=O s_2230__5307032__7471562,12,0.1720430107526881,0.2271186440677966,5,0,5,2
CN1CCCCC1CC(=O)NCCC2CCN(CC2)C3=NC=NC4=C3C=NN4 m_276450__14193098__27801120__28201338,12,0.1717171717171717,0.1986062717770035,8,0,2,0
CC1=NC2=CC=CC=C2C(=C1CC(=O)N3CCN(CC3)C4=C(C(=CC=C4)F)C#N)C s_527__632946__155628,12,0.1717171717171717,0.2072368421052631,4,0,6,0
CCCCC1=NC(=C(C(=O)N1)CC(=O)N2CCN(CC2)C3=C4C=CN=C4NC=N3)C s_22__15608426__24335918,6,0.1717171717171717,0.5413793103448276,3,0,1,2
CCCCC1=NC(=C(C(=O)N1)CC(=O)N2CCN(CC2)C3=CN=CC4=NC=NN34)C s_527__9417630__24335920,7,0.1717171717171717,0.5168918918918919,4,0,1,2
CCCCC1=NC(=C(C(=O)N1)CC(=O)N2CCN(CC2)C3=CN=CC4=NN=NN34)C s_527__18364004__24335920,8,0.1717171717171717,0.4966666666666666,5,0,1,2
O=C(NCCC1CCN(CC1)C2=NC=NC3=C2NC=C3)C4=C5CCCCC5=CN4 m_276450__14193098__19429448__28201464,12,0.1717171717171717,0.1967213114754098,10,0,0,1
O=C(CC1=CCCCC1)N2CC[C@H](C2)N3CCN(CC3)C4=NC=NC5=C4OC=C5 m_276450__27869470__14200074__28201534,12,0.1717171717171717,0.2857142857142857,9,0,1,1
CC1CCCCC1C(=O)N2CC[C@@H](C2)N3CCN(CC3)C4=NC=NC5=C4C=NN5 m_276450__27869474__14202220__28201338,11,0.1717171717171717,0.2412587412587412,7,0,2,2
CN1CCCCC1C(=O)N2CC[C@H](C2)N3CCN(CC3)C4=NC=NC5=C4NC=C5 m_276450__27869470__14206930__28201464,11,0.1717171717171717,0.2662116040955631,8,0,1,2
CN1CCCC[C@@H]1C(=O)N2CC[C@@H](C2)N3CCN(CC3)C4=NC=NC5=C4NC=C5 m_276450__27869474__18957698__28201464,11,0.1717171717171717,0.2662116040955631,8,0,1,2
CN1CCCC[C@@H]1C(=O)N2CC[C@H](C2)N3CCN(CC3)C4=NC=NC5=C4NC=C5 m_276450__27869470__18957698__28201464,11,0.1717171717171717,0.2662116040955631,8,0,1,2
CN1CCCC[C@H]1C(=O)N2CC[C@H](C2)N3CCN(CC3)C4=NC=NC5=C4OC=C5 m_276450__27869470__14206714__28201534,11,0.1717171717171717,0.2682119205298013,8,0,1,2
O=C(C1CCCCC1F)N2CC[C@H](C2)N3CCN(CC3)C4=NC=NC5=C4SC=N5 m_276450__27869470__27781992__28201854,11,0.1717171717171717,0.2354838709677419,7,0,2,2
O=C([C@H]1CCCC[C@@H]1O)N2CC[C@H](C2)N3CCN(CC3)C4=NC=NC5=C4N=CS5 m_276450__27869470__27784680__14155830,10,0.1717171717171717,0.266025641025641,6,0,2,2
CCN(CC1CCN(CC1)C2=NC=NC3=C2C=CN3)C(=O)C4CCCCN4C m_276450__14193364__14206930__18251492,11,0.1717171717171717,0.2365591397849462,8,0,1,0
CCN(CC1CCN(CC1)C2=NC=NC3=C2SC=N3)C(=O)C4CCCCC4C m_276450__14193364__14202220__28201854,12,0.1717171717171717,0.2081911262798634,8,0,2,0
O=CN1CCOCC1C(=O)NCCC2CCN(CC2)C3=NC=NC4=C3SC=C4 m_276450__14193098__27784776__14214582,12,0.17,0.2563291139240506,10,0,0,1
CCCN1CCCCC1C(=O)NCCN2CCN(CC2)C3=NC(=CC=N3)COC m_276450__18755804__27809982__28201644,12,0.17,0.1927272727272727,8,0,2,0
O=C(NCCC1CCN(CC1)C2=NC=NC3=C2OC=C3)C4=C5CCCCC5=CO4 m_276450__14193098__14201254__28201534,12,0.17,0.2096774193548387,9,0,1,1
CN1CCCC[C@H]1C(=O)N2CC[C@H](C2)N3CCN(CC3)C4=NC=NC5=C4N=CN5 m_276450__27869470__14206714__18955122,11,0.17,0.2367491166077738,8,0,1,2
COCC1CCCCN1C(=O)NCC2CCN(CC2)C3=NC=NC4=C3C=CN4 s_2708__23827838__10860874,10,0.17,0.1791530944625407,7,0,1,0
CCN(CC1CCN(CC1)C2=NC=NC3=C2C=NN3)C(=O)C4CCCCN4C m_276450__14193364__14206930__28201338,12,0.17,0.2428571428571428,9,0,1,0
CCN(CC1CCN(CC1)C2=NC=NC3=C2N=CS3)C(=O)[C@H]4CCCC[C@@H]4O m_276450__14193364__27784680__14155830,11,0.17,0.2305194805194805,7,0,2,0
CCN(CC1CCN(CC1)C2=NC=NC3=C2SC=N3)C(=O)C4CCCCC4O m_276450__14193364__27808288__28201854,12,0.17,0.2066666666666666,8,0,2,0
CC(CC1CCCCC1)C(=O)NCC2CCN(CC2)C3=NC=NC4=C3C=CN4 s_11__22180642__4914906,11,0.1684210526315789,0.2014388489208633,7,0,2,0
C[C@H](CC1CCCCC1)C(=O)NCC2CCN(CC2)C3=NC=NC4=C3C=CN4 s_22__16803922__13948432,11,0.1684210526315789,0.2014388489208633,7,0,2,0
O=C(NCCN1CCN(CC1)C2=CC=NC3=NC=CN23)C4=CC=C5N4CCCC5 m_276450__18755804__27784568__28204368,11,0.1684210526315789,0.1771117166212534,9,0,0,1
O=C(NCCN1CCN(CC1)C2=CC=NC3=NC=NN23)C4=CC=C5N4CCCC5 m_276450__18755804__27784568__18783450,12,0.1684210526315789,0.1767810026385224,10,0,0,1
ClC1=C2CCCCC2=NC3=CC(=CC=C13)N4CCN(CC4)C5=CC=CC6=C5N=CN6 s_27__13968404__10340864,9,0.1684210526315789,0.1993865030674846,4,0,3,0
CN(CC1CCCSC1)C(=O)NCC2CCN(CC2)C3=NC=NC4=C3C=CN4 s_2708__23827838__23910674,12,0.1683168316831683,0.19,9,0,1,0
CCCN1CCCCC1C(=O)NCCC2CCN(CC2)C3=C4SC=CC4=NC(=N3)C m_276450__14193098__27809982__28201538,12,0.1683168316831683,0.261437908496732,9,0,1,1
O=C(NC1=CN=C2C=CC=CN2C1=O)N3CCC(CC3)C4=CC=CC5=C4C=CN5 s_2430__22529678__13035038,10,0.1683168316831683,0.2897727272727273,3,0,5,1
O=C(CC1=CCOCC1)N2CC[C@H](C2)N3CCN(CC3)C4=NC=NC5=C4C=CN5 m_276450__27869470__14202374__18251492,12,0.1683168316831683,0.2703583061889251,9,0,1,1
CN(CC1CCCCC1)C(=O)NCC2CCN(CC2)C3=NC=NC4=C3C=CN4 s_2708__23827838__913252,11,0.1666666666666666,0.1853146853146853,8,0,1,0
C[C@H](CC1CCCCC1)C(=O)NCC2CCN(CC2)C3=NC=NC4=C3C=NN4 m_276450__14192936__14201338__28201338,12,0.1666666666666666,0.2071428571428571,8,0,2,0
CC1CCCCC1C(=O)N(C)CCC2CCN(CC2)C3=NC=NC4=C3C=CN4 m_276450__14193134__14202220__18251492,10,0.1666666666666666,0.1899641577060931,7,0,1,0
CN(CCC1CCN(CC1)C2=NC=NC3=C2NC=C3)C(=O)[C@H]4CCCCN4C m_276450__14193134__18957698__28201464,11,0.1666666666666666,0.245674740484429,9,0,0,0
CN(CCC1CCN(CC1)C2=NC=NC3=C2OC=C3)C(=O)[C@@H]4CCCCN4C m_276450__14193134__14206714__28201534,11,0.1666666666666666,0.2474916387959866,9,0,0,0
O=C(CC1CCCCC1)N2CC[C@H](C2)N3CCN(CC3)C4=NC=NC5=C4C=CN5 m_276450__27869470__14199844__18251492,12,0.1666666666666666,0.2402826855123674,8,0,2,1
CC1CCOCC1C(=O)N2CC[C@H](C2)N3CCN(CC3)C4=NC=NC5=C4SC=N5 m_276450__27869470__27782246__28201854,12,0.1666666666666666,0.2476190476190476,8,0,2,2
CC1OCCCC1C(=O)N2CC[C@@H](C2)N3CCN(CC3)C4=NC=NC5=C4C=CN5 m_276450__27869474__14200316__18251492,11,0.1666666666666666,0.2450331125827814,7,0,2,2
CC1SCCCC1C(=O)N2CC[C@@H](C2)N3CCN(CC3)C4=NC=NC5=C4NC=C5 m_276450__27869474__27781304__28201464,12,0.1666666666666666,0.2515923566878981,8,0,2,2
C[C@H]1OCCC[C@H]1C(=O)N2CC[C@@H](C2)N3CCN(CC3)C4=NC=NC5=C4C=CN5 m_276450__27869474__27788150__18251492,11,0.1666666666666666,0.2450331125827814,7,0,2,2
CCCN1CCCCC1C(=O)NCCC2CCN(C2)C3=NC=NC4=C3C=NN4 m_276450__14193272__27809982__28201338,12,0.1666666666666666,0.2446808510638297,9,0,1,0
C[C@H]1OCCC[C@H]1C(=O)N2CC[C@H](C2)N3CCN(CC3)C4=NC=NC5=C4C=NN5 m_276450__27869470__27788150__28201338,12,0.1650485436893204,0.2459016393442623,8,0,2,2
CC(CC1CCNCC1)C(=O)NCC2CCN(CC2)C3=NC=NC4=C3C=CN4 s_240690__24674464__19727282,12,0.1649484536082474,0.2072727272727272,8,0,2,0
C[C@@H](CC1CCNCC1)C(=O)NCC2CCN(CC2)C3=NC=NC4=C3C=CN4 s_240690__24674464__27704116,12,0.1649484536082474,0.2072727272727272,8,0,2,0
C[C@H](CC1CCNCC1)C(=O)NCC2CCN(CC2)C3=NC=NC4=C3C=CN4 s_240690__24674464__27322302,12,0.1649484536082474,0.2072727272727272,8,0,2,0
CN(CCC1CCN(CC1)C2=NC=NC3=C2C=CN3)C(=O)[C@H]4CCCC[C@@H]4O m_276450__14193134__27784680__18251492,10,0.1649484536082474,0.1881533101045296,7,0,1,0
CN(CCC1CCN(CC1)C2=NC=NC3=C2N=CN3)C(=O)[C@H]4CCCCN4C m_276450__14193134__18957698__18955122,11,0.1649484536082474,0.2186379928315412,9,0,0,0
O=C(NCCC1CCN(CC1)C2=NC=NC3=C2NC=C3)C4CCCC5N4CCC5 m_276450__14193098__14204648__28201464,12,0.1649484536082474,0.2423208191126279,9,0,1,2
CC1CCCCC1C(=O)N2CCC3(CC2)CCN(CC3)C4=NC=NC5=C4C=NN5 m_276450__18955116__14202220__28201338,12,0.1649484536082474,0.195729537366548,8,0,2,1
CN1CCCCC1C(=O)N2CCC3(CC2)CCN(CC3)C4=NC=NC5=C4NC=C5 m_276450__18955116__14206930__28201464,12,0.1649484536082474,0.245674740484429,9,0,1,1
O=C([C@@H]1CCCC[C@H]1O)N2CCC3(CC2)CCN(CC3)C4=NC=NC5=C4N=CS5 m_276450__18955116__27798274__14155830,11,0.1649484536082474,0.2168284789644013,7,0,2,1
O=C([C@H]1CCCC[C@@H]1O)N2CCC3(CC2)CCN(CC3)C4=NC=NC5=C4N=CS5 m_276450__18955116__27784680__14155830,11,0.1649484536082474,0.2168284789644013,7,0,2,1
O=C(CN1C(=O)C2=CC=CC=C2C1=O)N3CCC(CC3)C4=CC=CC5=C4C=CN5 s_527__13035034__156271,12,0.1648351648351648,0.196551724137931,5,0,5,0
CC(CN1CCOCC1)C(=O)NCC2CCN(CC2)C3=NC=NC4=C3C=CN4 s_11__22180642__26276016,12,0.1632653061224489,0.1917808219178082,9,0,1,0
CC(OC1CCCCC1)C(=O)NCC2CCN(CC2)C3=NC=NC4=C3C=CN4 s_11__22180642__4914472,11,0.1632653061224489,0.1815181518151815,7,0,2,0
CN(CC1CCSCC1)C(=O)NCC2CCN(CC2)C3=NC=NC4=C3C=CN4 s_2708__23827838__13824384,12,0.1632653061224489,0.1877133105802047,9,0,1,0
CN(CCC1CCN(CC1)C2=NC=NC3=C2C=NN3)C(=O)[C@@H]4CCCC[C@H]4O m_276450__14193134__27798274__28201338,11,0.1632653061224489,0.1951219512195122,8,0,1,0
O=C(NCCC1CCN(CC1)C2=NC=NC3=C2OC=C3)C4CCCC5N4CCC5 m_276450__14193098__14204648__28201534,12,0.1632653061224489,0.2442244224422442,9,0,1,2
CN1CCCC[C@H]1C(=O)N2CCC3(CC2)CCN(CC3)C4=NC=NC5=C4N=CN5 m_276450__18955116__14206714__18955122,12,0.1632653061224489,0.2186379928315412,9,0,1,1
CC1=NC2=CC=CC=C2C(=C1CC(=O)N3CCN(CC3)C4=CC=NC5=CC=CC=C45)C s_22__24029748__300168,11,0.1630434782608695,0.2179930795847751,4,0,5,0
CC(CNC(=O)[C@H]1CCCC[C@H]1N=[N+]=[N-])N2CCN(CC2)C3=NC=NC4=C3NC=C4 m_276450__27870786__27784696__28201464,11,0.1619047619047619,0.2607260726072607,8,0,1,1
CCN1CCOCC1CC(=O)NCC(C)N2CCN(CC2)C3=NC=NC4=C3N=CS4 m_276450__27870786__27786920__14155830,12,0.1619047619047619,0.2492307692307692,8,0,2,1
CCC1CCCCC1C(=O)NCCC2CCN(CC2)C3=NC=NC4=C3C=NN4 m_276450__14193098__14201692__28201338,11,0.1616161616161616,0.195729537366548,7,0,2,0
CO[C@H]1CCCC[C@@H]1C(=O)NCCC2CCN(CC2)C3=NC=NC4=C3C=CN4 m_276450__14193098__27790956__18251492,10,0.1616161616161616,0.1898305084745762,7,0,1,0
O=C(NC1CCN(CC1)C2=NC=NC3=C2SC=N3)C4=CC5=C(C=C4O)CCCC5 m_276450__14192934__27792320__28201854,12,0.1616161616161616,0.1805555555555555,9,0,1,1
O=C(NCCC1CCN(CC1)C2=NC=NC3=C2SC=N3)C4CCCCC45CCC5 m_276450__14193098__18937568__28201854,12,0.1616161616161616,0.1938775510204081,8,0,2,1
CC1CCCCC1C(=O)N2CC[C@H](C2)N3CCN(CC3)C4=NC=NC5=C4OC=C5 m_276450__27869470__14202220__28201534,11,0.1616161616161616,0.2624584717607973,7,0,2,2
O=C([C@@H]1CCCC[C@H]1O)N2CC[C@H](C2)N3CCN(CC3)C4=NC=NC5=C4C=CN5 m_276450__27869470__27798274__18251492,10,0.1616161616161616,0.2405498281786941,6,0,2,2
O=C([C@H]1CCCC[C@@H]1O)N2CC[C@@H](C2)N3CCN(CC3)C4=NC=NC5=C4C=CN5 m_276450__27869474__27784680__18251492,10,0.1616161616161616,0.2405498281786941,6,0,2,2
O=C([C@H]1CCCC[C@H]1O)N2CC[C@H](C2)N3CCN(CC3)C4=NC=NC5=C4C=CN5 m_276450__27869470__27785808__18251492,10,0.1616161616161616,0.2405498281786941,6,0,2,2
CCCN1CCC[C@H]1C(=O)NCCC2CCN(CC2)C3=NC=NC4=C3C=CN4 m_276450__14193098__27801074__18251492,11,0.1616161616161616,0.2246376811594203,8,0,1,0
CCCN1CCCCC1C(=O)NCC2CCN(CC2)C3=NC=NC4=C3NC=C4 m_276450__14192936__27809982__28201464,12,0.1616161616161616,0.2569444444444444,9,0,1,0
O=C(NCC1CCN(CC1)C2=NC=NC3=C2C=CN3)N4CCCCC4CCO s_2708__23827838__8281686,11,0.1616161616161616,0.1851851851851851,7,0,2,0
O=C(NCC1CCN(CC1)C2=NC=NC3=C2C=CN3)N4CCCC[C@@H]4CCO s_2708__23827838__28771988,11,0.1616161616161616,0.1851851851851851,7,0,2,0
O=C(NCC1CCN(CC1)C2=NC=NC3=C2C=CN3)N4CCCC[C@H]4CCO s_2708__23827838__28470762,11,0.1616161616161616,0.1851851851851851,7,0,2,0
O=C(CN1CCCCC1=O)NCCN2CCN(CC2)C3=NC=NN4C3=NC=C4 m_276450__18755804__14200608__28202336,12,0.1612903225806451,0.2132867132867132,10,0,0,0
O=C(CN1C(=O)[C@H]2CC=CC[C@H]2C1=O)N3CCC(CC3)C4=CC=CC5=C4C=CN5 s_527__13035034__10564388,11,0.1612903225806451,0.2357142857142857,5,0,4,0
CC1=NC2=CC=CC=C2C(=C1CC(=O)N3CCN(CC3)C4=CN=CC5=CC=CC=C45)C s_527__9192286__155628,11,0.1612903225806451,0.2080536912751678,4,0,5,0
CC(CNC(=O)[C@H]1CCCC[C@H]1N=[N+]=[N-])N2CCN(CC2)C3=NC=NC4=C3OC=C4 m_276450__27870786__27784696__28201534,11,0.160377358490566,0.2653721682847896,8,0,1,1
CCN1CCCCC1C(=O)NCCC2CCN(CC2)C3=NC=NC4=C3OC=C4 m_276450__14193098__14205232__28201534,11,0.16,0.2474916387959866,8,0,1,0
CO[C@H]1CCCC[C@@H]1C(=O)NCCC2CCN(CC2)C3=NC=NC4=C3C=NN4 m_276450__14193098__27790956__28201338,11,0.16,0.1966101694915254,8,0,1,0
O=C(C[C@@H]1CCCC[C@H]1O)NCCC2CCN(CC2)C3=NC=NC4=C3N=CS4 m_276450__14193098__27785122__14155830,12,0.16,0.2207792207792207,8,0,2,0
CC1OCCCC1C(=O)N(C)CCC2CCN(CC2)C3=NC=NC4=C3C=CN4 m_276450__14193134__14200316__18251492,11,0.16,0.197986577181208,8,0,1,0
C[C@H]1CC=CC[C@@H]1C(=O)N2CC[C@@H](C2)N3CCN(CC3)C4=NC=NC5=C4C=CN5 m_276450__27869474__27784010__18251492,12,0.16,0.2525597269624573,6,0,4,2
O=C([C@@H]1CCCC[C@H]1O)N2CC[C@H](C2)N3CCN(CC3)C4=NC=NC5=C4C=NN5 m_276450__27869470__27798274__28201338,11,0.16,0.2431506849315068,7,0,2,2
O=C([C@H]1CCCC[C@@H]1O)N2CC[C@H](C2)N3CCN(CC3)C4=NC=NC5=C4C=NN5 m_276450__27869470__27784680__28201338,11,0.16,0.2431506849315068,7,0,2,2
O=C([C@H]1CCCC[C@H]1O)N2CC[C@H](C2)N3CCN(CC3)C4=NC=NC5=C4C=NN5 m_276450__27869470__27785808__28201338,11,0.16,0.2431506849315068,7,0,2,2
CC1CCOCC1C(=O)N2CCC3(CC2)CCN(CC3)C4=NC=NC5=C4N=CS5 m_276450__18955116__27782246__14155830,12,0.16,0.2278481012658227,8,0,2,1
C=CCC1CCCCN1C(=O)NCC2CCN(CC2)C3=NC=NC4=C3C=CN4 s_2708__23827838__16949704,10,0.16,0.2130584192439862,6,0,2,1
CCN(CC1CCN(CC1)C2=NC=NC3=C2C=CN3)C(=O)[C@H]4CCCC[C@@H]4O m_276450__14193364__27784680__18251492,11,0.16,0.1993006993006993,7,0,2,0
CCN(CC1CCN(CC1)C2=NC=NC3=C2NC=C3)C(=O)C4CCCCN4C m_276450__14193364__14206930__28201464,12,0.16,0.2569444444444444,9,0,1,0
CCCN1CCCCC1C(=O)NCCC2CCN(CC2)C3=NC=NC4=C3OC=C4 m_276450__14193098__27809982__28201534,11,0.1584158415841584,0.2474916387959866,9,0,1,0
CN(CC1CCCOC1)C(=O)NCC2CCN(CC2)C3=NC=NC4=C3C=CN4 s_2708__23827838__4147098,12,0.1584158415841584,0.1881188118811881,9,0,1,0
C#CCC1CCCCN1C(=O)NCC2CCN(CC2)C3=NC=NC4=C3C=CN4 s_2708__23827838__13913608,11,0.1584158415841584,0.1966101694915254,6,0,3,0
[N-]=[N+]=N[C@H]1CCCC[C@H]1C(=O)NCC2CCN(CC2)C3=NC=NC4=C3C=CN4 s_11__22180642__22537104,11,0.1584158415841584,0.2089041095890411,8,0,1,0
CCN(CC1CCN(CC1)C2=NC=NC3=C2C=NN3)C(=O)[C@H]4CCCC[C@H]4O m_276450__14193364__27785808__28201338,12,0.1584158415841584,0.2062937062937063,8,0,2,0
CCN(CC1CCN(CC1)C2=NC=NC3=C2N=CN3)C(=O)[C@@H]4CCCCN4C m_276450__14193364__14206714__18955122,12,0.1584158415841584,0.2302158273381295,9,0,1,0
O=C1C2=CC=CC=C2N=CN1CCN3CCN(CC3)C4=CN=CC5=NC=NN45 s_2230__9417632__7471562,11,0.1578947368421052,0.1946902654867256,6,0,4,1
O=C1C2=CC=CC=C2N=CN1CCN3CCN(CC3)C4=CN=CC5=NN=NN45 s_2230__18364006__7471562,12,0.1578947368421052,0.1807580174927113,7,0,4,1
[N-]=[N+]=N[C@H]1CCCC[C@H]1C(=O)NCCC2CCN(CC2)C3=NC=NC4=C3C=CN4 m_276450__14193098__27784696__18251492,10,0.1568627450980392,0.2013651877133105,8,0,1,0
CCC1=NC=CC=C1C(=O)NCCN2CCN(CC2)C3=CC=NC4=NC=CN34 m_276450__18755804__27812038__28204368,12,0.1568627450980392,0.1697530864197531,6,0,4,0
CNC1=NC=CC=C1C(=O)NCCN2CCN(CC2)C3=CC=NC4=NC=CN34 m_276450__18755804__27810598__28204368,12,0.1568627450980392,0.1853035143769968,6,0,4,0
CN(CC1CCCCO1)C(=O)NCC2CCN(CC2)C3=NC=NC4=C3C=CN4 s_2708__23827838__1182350,11,0.1568627450980392,0.1824104234527687,8,0,1,0
NC1=C(C=CC2=C1CCCC2)C(=O)NC3CCN(CC3)C4=NC=NC5=C4C=NN5 m_276450__14192934__27783490__28201338,12,0.1568627450980392,0.1994134897360703,9,0,1,1
CC1=C(C(=O)C2=CC=CN=C2N1)C(=O)N3CCN(CC3)C4=C5C=CN=C5NC=N4 s_22__15608426__28465996,12,0.1568627450980392,0.2746666666666666,5,0,5,0
O=C(NCCC1CCN(CC1)C2=NC=NC3=C2SC=N3)C4CCCN5C4=CC=N5 m_276450__14193098__14203920__28201854,12,0.1568627450980392,0.1973333333333333,10,0,0,1
CC1CCOCC1C(=O)N2CC[C@H](C2)N3CCN(CC3)C4=NC=NC5=C4C=CN5 m_276450__27869470__27782246__18251492,11,0.1568627450980392,0.2474916387959866,7,0,2,2
CC1OCCCC1C(=O)N2CC[C@H](C2)N3CCN(CC3)C4=NC=NC5=C4OC=C5 m_276450__27869470__14200316__28201534,12,0.1568627450980392,0.265625,8,0,2,2
CN1CCOCC1C(=O)N2CC[C@@H](C2)N3CCN(CC3)C4=NC=NC5=C4C=CN5 m_276450__27869474__14200248__18251492,11,0.1568627450980392,0.2350993377483443,8,0,1,2
C[C@H]1OCCC[C@H]1C(=O)N2CC[C@H](C2)N3CCN(CC3)C4=NC=NC5=C4OC=C5 m_276450__27869470__27788150__28201534,12,0.1568627450980392,0.265625,8,0,2,2
O=C1C2=CC=CC=C2N=CN1CCN3CCN(CC3)C4=C5C=CN=C5NC=N4 s_2230__15607896__7471562,10,0.15625,0.2303030303030303,5,0,4,1
NC(CC1CCCCC1)C(=O)NCC2CCN(CC2)C3=NC=NC4=C3C=CN4 s_240690__24674464__10972482,12,0.15625,0.2150537634408602,8,0,2,0
N[C@@H](CC1CCCCC1)C(=O)NCC2CCN(CC2)C3=NC=NC4=C3C=CN4 s_240690__24674464__14038880,12,0.15625,0.2150537634408602,8,0,2,0
N[C@H](CC1CCCCC1)C(=O)NCC2CCN(CC2)C3=NC=NC4=C3C=CN4 s_240690__24674464__18333788,12,0.15625,0.2150537634408602,8,0,2,0
O=C(NCC1CCN(CC1)C2=NC=NC3=C2C=CN3)C(F)CC4CCCCC4 s_11__22180642__9600240,12,0.15625,0.1951219512195122,8,0,2,0
O=C(NCC1CCN(CC1)C2=NC=NC3=C2C=CN3)C(O)CC4CCCCC4 s_22__16803922__9280192,12,0.15625,0.1937716262975778,8,0,2,0
O=C(NCC1CCN(CC1)C2=NC=NC3=C2C=CN3)[C@@H](O)CC4CCCCC4 s_22__16803922__20050984,12,0.15625,0.1937716262975778,8,0,2,0
O=C(NCC1CCN(CC1)C2=NC=NC3=C2C=CN3)[C@H](O)CC4CCCCC4 s_22__16803922__20826202,12,0.15625,0.1937716262975778,8,0,2,0
O=C1NC2=CC=CC=C2C=C1CC(=O)N3CCC(CC3)C4=CC=CC5=C4C=CN5 s_527__13035034__761124,12,0.15625,0.3209459459459459,4,0,6,1
O=C(NCCC1CCN(CC1)C2=NC=NC3=C2C=CN3)C4CCCCC4C5CC5 m_276450__14193098__14205338__18251492,11,0.15625,0.1899641577060931,7,0,2,1
O=C(NCCN1CCN(CC1)C2=NC=NN3C2=NC=C3)C4CCCC5=NC=NN45 m_276450__18755804__18783510__28202336,12,0.15625,0.1929347826086956,9,0,1,1
O=C(NCCN1CCN(CC1)C2=NC=NN3C2=NC=C3)C4=C5CCCCN5C=C4 m_276450__18755804__14206410__28202336,11,0.15625,0.1701570680628272,9,0,0,1
CC1=C(CCCO1)C(=O)N2CCC3(CC2)CCN(CC3)C4=CC=NC5=NC=NN45 m_276450__18955116__14200236__18783450,12,0.15625,0.2286585365853658,9,0,1,1
CCN1C(=O)NC(=O)C(=C1N)NCC2CCN(CC2)C3=NC=NC4=C3C=CN4 s_27__16803670__116566,11,0.1553398058252427,0.24,8,0,1,1
NC1=C(C(=O)C2=CC(=CC=C2O1)F)CN3CCC(CC3)C4=CC=CC5=C4C=CN5 s_270004__13035046__24720676,11,0.1553398058252427,0.2042042042042042,5,0,4,0
CC1OCCCC1C(=O)N2CC[C@@H](C2)N3CCN(CC3)C4=NC=NC5=C4NC=C5 m_276450__27869474__14200316__28201464,12,0.1553398058252427,0.2612903225806451,8,0,2,2
CN1CCOCC1C(=O)N2CC[C@H](C2)N3CCN(CC3)C4=NC=NC5=C4C=NN5 m_276450__27869470__14200248__28201338,12,0.1553398058252427,0.2352941176470588,9,0,1,2
CCCN1CCCCC1C(=O)NCCC2CCN(C2)C3=NC=NC4=C3N=CN4 m_276450__14193272__27809982__18955122,12,0.1553398058252427,0.2321428571428571,9,0,1,0
CCCN1CCCCC1C(=O)NCCC2CCN(C2)C3=NC=NC4=C3OC=C4 m_276450__14193272__27809982__28201534,12,0.1553398058252427,0.26,9,0,1,0
CC(CC1CCCCC1)C(=O)NCC2CCN(CC2)C3=NC=NC4=C3OC=C4 m_276450__14192936__14203192__28201534,12,0.1546391752577319,0.2255892255892256,8,0,2,0
CC1CCCCC1C(=O)N(C)CCC2CCN(CC2)C3=NC=NC4=C3NC=C4 m_276450__14193134__14202220__28201464,11,0.1546391752577319,0.2110726643598615,8,0,1,0
CC1=CC2=C(C=C1NC(=O)N3CCC(CC3)C4=CC=CC5=C4C=CN5)OCCO2 s_2430__27548240__13035038,10,0.1546391752577319,0.2,7,0,1,1
C=C1C2=CC=CC=C2C(=O)N1CC(=O)N3CCC(CC3)C4=CC=CC5=C4C=CN5 s_527__13035034__210149,12,0.1546391752577319,0.2112211221122112,4,0,6,0
CCCN1CCCCC1C(=O)NCCN2CCN(CC2)C(=O)C3=CC=CN3CC m_275592__18897240__14136082__15856624,12,0.1546391752577319,0.1814946619217081,7,0,3,0
O=C(NCCN1CCN(CC1)C2=NC=CC3=CN=CN23)C4=NNC5=C4CCCC5 m_276450__18755804__14207032__28204286,12,0.1546391752577319,0.1634349030470914,10,0,0,0
O=C(NCCN1CCN(CC1)C2=NC=NN3C2=NC=C3)C4=C5CCCCC5=CO4 m_276450__18755804__14201254__28202336,12,0.1546391752577319,0.1837837837837838,9,0,1,1
CN1CCCCC1C(=O)N2CC[C@H](C2)N3CCN(CC3)C4=NC=NC5=C4CCC5 m_276450__27869470__14206930__14214378,12,0.1546391752577319,0.2317460317460317,7,0,3,2
CC1CCCCC1C(=O)N2CCC3(CC2)CCN(CC3)C4=NC=NC5=C4OC=C5 m_276450__18955116__14202220__28201534,12,0.1546391752577319,0.2147651006711409,8,0,2,1
O=C(C1CCCCC1F)N2CCC3(CC2)CCN(CC3)C4=NC=NC5=C4C=CN5 m_276450__18955116__27781992__18251492,11,0.1546391752577319,0.1881533101045296,7,0,2,1
O=C(C1CCCCC1O)N2CCC3(CC2)CCN(CC3)C4=NC=NC5=C4C=CN5 m_276450__18955116__27808288__18251492,11,0.1546391752577319,0.1881533101045296,7,0,2,1
O=C([C@H]1CCCC[C@@H]1O)N2CCC3(CC2)CCN(CC3)C4=NC=NC5=C4C=CN5 m_276450__18955116__27784680__18251492,11,0.1546391752577319,0.1881533101045296,7,0,2,1
CCCN1C(=O)NC(=O)C(=C1N)NCC2CCN(CC2)C3=NC=NC4=C3C=CN4 s_27__16803670__116561,10,0.1538461538461538,0.2379518072289156,8,0,1,1
CCN1CCOCC1CC(=O)NCC(C)N2CCN(CC2)C3=NC=NC4=C3C=CN4 m_276450__27870786__27786920__18251492,12,0.1538461538461538,0.2203947368421052,8,0,2,1
O=C1NC2CCCCC2CC1NCC3CCN(CC3)C4=NC=NC5=C4C=CN5 m_44__30207906__30194356,12,0.1530612244897959,0.2332155477031802,7,0,4,0
O=C(CC1CCCNC1=O)NCCC2CCN(CC2)C3=NC=NC4=C3C=CN4 m_276450__14193098__27782584__18251492,12,0.1530612244897959,0.2194244604316546,9,0,1,0
O=C(CN1CCCNC1=O)NCCC2CCN(CC2)C3=NC=NC4=C3C=CN4 m_276450__14193098__14200630__18251492,12,0.1530612244897959,0.2121212121212121,10,0,0,0
CC(OC1CCOCC1)C(=O)NCC2CCN(CC2)C3=NC=NC4=C3C=CN4 s_11__22180642__25986832,12,0.1530612244897959,0.1879194630872483,8,0,2,0
CN(CC1CCOCC1)C(=O)NCC2CCN(CC2)C3=NC=NC4=C3C=CN4 s_2708__23827838__17548094,12,0.1530612244897959,0.1830508474576271,9,0,1,0
O=C(NCC1CCN(CC1)C2=NC=NC3=C2C=CN3)C(=CC4CCCCC4)F s_22__16803922__9598826,11,0.1530612244897959,0.2440677966101695,8,0,1,0
CN(CCC1CCN(CC1)C2=NC=NC3=C2NC=C3)C(=O)[C@H]4CCCC[C@H]4O m_276450__14193134__27785808__28201464,11,0.1530612244897959,0.2053872053872054,8,0,1,0
CN(CCC1CCN(CC1)C2=NC=NC3=C2OC=C3)C(=O)[C@H]4CCCC[C@H]4O m_276450__14193134__27785808__28201534,11,0.1530612244897959,0.2131147540983606,8,0,1,0
C[C@H]1CC=CC[C@@H]1C(=O)N(C)CCC2CCN(CC2)C3=NC=NC4=C3C=CN4 m_276450__14193134__27784010__18251492,12,0.1530612244897959,0.2090592334494773,7,0,3,0
O=C(NCCN1CCN(CC1)C2=NC=NN3C2=CC=C3)C4CCCC5=NC=NN45 m_276450__18755804__18783510__18941674,11,0.1530612244897959,0.2216358839050131,8,0,1,1
O=C(NCCN1CCN(CC1)C2=NC=CC3=CN=CN23)C4=C5CCCCN5C=C4 m_276450__18755804__14206410__28204286,10,0.1530612244897959,0.1474530831099195,8,0,0,1
O=C(NCCN1CCN(CC1)C2=NC=CC3=CN=CN23)C4=NOC5=C4CCCC5 m_276450__18755804__14204022__28204286,12,0.1530612244897959,0.156084656084656,10,0,0,0
O=C(NCCN1CCN(CC1)C2=NC=NC3=CC=NN23)C4=C5CCCCC5=CN4 m_276450__18755804__19429448__28204284,12,0.1530612244897959,0.1475409836065573,10,0,0,1
O=C(NCCN1CCN(CC1)C2=NC=NN3C2=CC=C3)C4=NNC5=C4CCCC5 m_276450__18755804__14207032__18941674,12,0.1530612244897959,0.2154255319148936,10,0,0,0
O=C(C1CCCCC1O)N2CCC3(CC2)CCN(CC3)C4=NC=NC5=C4C=NN5 m_276450__18955116__27808288__28201338,12,0.1530612244897959,0.1951219512195122,8,0,2,1
CCOC1=NC=CC=C1C(=O)NCCN2CCN(CC2)C3=CC=NC4=NC=CN34 m_276450__18755804__14202496__28204368,12,0.1523809523809524,0.1607142857142857,7,0,4,0
COCC1=CC=CN=C1C(=O)NCCN2CCN(CC2)C3=CC=NC4=NC=CN34 m_276450__18755804__27792398__28204368,12,0.1523809523809524,0.1715976331360946,8,0,3,0
[N-]=[N+]=N[C@H]1CCCC[C@H]1C(=O)NCCC2CCN(C2)C3=NC=NC4=C3N=CS4 m_276450__14193272__27784696__14155830,11,0.1523809523809524,0.2373417721518987,8,0,1,0
O=C(C[C@H]1CCCC[C@H]1F)NCCC2CCN(CC2)C3=NC=NC4=C3C=CN4 m_276450__14193098__27781330__18251492,12,0.1515151515151515,0.1929824561403508,9,0,1,0
C=C(CN1CCOCC1)C(=O)NCC2CCN(CC2)C3=NC=NC4=C3C=CN4 s_11__22180642__23852128,12,0.1515151515151515,0.2142857142857142,9,0,1,0
CC(OC1CCCCC1)C(=O)NCC2CCN(CC2)C3=NC=NC4=C3NC=C4 m_276450__14192936__27800512__28201464,12,0.1515151515151515,0.202572347266881,8,0,2,0
CC(OC1CCCCC1)C(=O)NCC2CCN(CC2)C3=NC=NC4=C3OC=C4 m_276450__14192936__27800512__28201534,12,0.1515151515151515,0.2037037037037037,8,0,2,0
O=C(NCC1CCN(CC1)C2=NC=NC3=C2C=NN3)C(=CC4CCCCC4)F m_276450__14192936__27789818__28201338,12,0.1515151515151515,0.2491582491582491,9,0,1,0
CN(CCC1CCN(CC1)C2=NC=NC3=C2C=CN3)C(=O)C4COCCN4C m_276450__14193134__14200248__18251492,11,0.1515151515151515,0.2240802675585284,9,0,0,0
CN(CCC1CCN(CC1)C2=NC=NC3=C2N=CN3)C(=O)[C@H]4CCCC[C@@H]4O m_276450__14193134__27784680__18955122,11,0.1515151515151515,0.1818181818181818,8,0,1,0
O=C1OC2=CC=CC=C2C=C1CC(=O)N3CCC(CC3)C4=CC=CC5=C4C=CN5 s_11__22174136__22272908,12,0.1515151515151515,0.2276923076923077,5,0,5,1
O=C(CN1N=NC2=CC=CC=C2C1=O)N3CCC(CC3)C4=CC=CC5=C4C=CN5 s_527__13035034__157541,12,0.1515151515151515,0.2110091743119266,5,0,5,0
O=C1C2=CC=CC=C2N=CN1CC(=O)N3CCC(CC3)C4=CC=CC5=C4C=CN5 s_527__13035034__155235,11,0.1515151515151515,0.2275641025641025,4,0,5,1
O=C(CN1C(=O)C2=CC=CN=C2C1=O)N3CCC(CC3)C4=CC=CC5=C4C=CN5 s_22__13035022__2823924,12,0.1515151515151515,0.1909090909090909,6,0,4,0
O=C(CN1C(=O)C2CCCCC2C1=O)N3CC=C(CC3)C4=CC=NC5=C4C=CN5 s_11__22183562__54031,11,0.1515151515151515,0.2524916943521594,6,0,3,0
O=C(NCCN1CCN(CC1)C2=CC=NC3=CC=NN23)C4CCCC5=NC=NN45 m_276450__18755804__18783510__28201460,11,0.1515151515151515,0.1984126984126984,8,0,1,1
O=C(NCCN1CCN(CC1)C2=CC=NC3=NC=CN23)C4=C5CCCCN5N=C4 m_276450__18755804__14201978__28204368,10,0.1515151515151515,0.1871657754010695,8,0,0,0
O=C(NCCN1CCN(CC1)C2=NC=NN3C2=CC=C3)C4=C5CCCCN5N=N4 m_276450__18755804__27785320__18941674,11,0.1515151515151515,0.1979949874686716,9,0,0,0
O=C(NCCN1CCN(CC1)C2=NC=NN3C2=CC=C3)C4=COC5=C4CCCC5 m_276450__18755804__27786072__18941674,12,0.1515151515151515,0.2020997375328084,10,0,0,0
O=C(NCCN1CCN(CC1)C2=NC=NN3C2=CC=C3)C4=NOC5=C4CCCC5 m_276450__18755804__14204022__18941674,12,0.1515151515151515,0.210126582278481,10,0,0,0
CCN(CC1CCN(CC1)C2=CC=NC3=NC=NN23)C(=O)C4=C(CCCC4)Cl m_276450__14193364__27797300__18783450,11,0.1515151515151515,0.2523961661341853,8,0,1,0
CC1=NC2=CC=CC=C2C(=O)N1CC(=O)N3CCN(CC3)C4=CN=CC5=NC=NN45 s_527__9417630__9703978,12,0.15,0.1943661971830985,6,0,5,0
O=C1NC2=CC=CC=C2C(=C1CN3CCN(CC3)C4=C5C=CN=C5NC=N4)Cl s_270004__24159310__14575900,12,0.15,0.2776119402985074,6,0,5,0
CC(OC1CCCCC1)C(=O)NCC2CCN(CC2)C3=NC=NC4=C3N=CN4 m_276450__14192936__27800512__18955122,12,0.15,0.1754966887417218,8,0,2,0
CC(OC1CCNCC1)C(=O)NCC2CCN(CC2)C3=NC=NC4=C3C=CN4 s_240690__24674464__24777242,12,0.15,0.1946308724832214,8,0,2,0
CN(CC1COCCO1)C(=O)NCC2CCN(CC2)C3=NC=NC4=C3C=CN4 s_2708__23827838__11985584,12,0.15,0.1941747572815534,9,0,1,0
CCN1C=CN=C(C1=O)N2CCC(CC2)NCC3=C(C4=C(C=C3)CCCC4)O s_270004__9085932__24596084,12,0.15,0.2548387096774193,8,0,2,1
CC1=C(CCCO1)C(=O)N(C)CCC2CCN(CC2)C3=CC=NC4=NC=CN34 m_276450__14193134__14200236__28204368,10,0.15,0.2243589743589743,8,0,0,0
CC1=C(CCCO1)C(=O)N2CC[C@H](C2)N3CCN(CC3)C4=NC=NN5C4=NC=C5 m_276450__27869470__14200236__28202336,12,0.15,0.2530487804878049,9,0,1,2
O=C(C1CCCCC1O)N2CC[C@H](C2)N3CCN(CC3)C4=NC=NC5=C4NC=C5 m_276450__27869470__27808288__28201464,11,0.15,0.2558139534883721,7,0,2,2
O=C([C@@H]1CCCC[C@H]1O)N2CC[C@@H](C2)N3CCN(CC3)C4=NC=NC5=C4NC=C5 m_276450__27869474__27798274__28201464,11,0.15,0.2558139534883721,7,0,2,2
CCN(CC1CCN(CC1)C2=NC=NC3=C2NC=C3)C(=O)C4CCCCC4C m_276450__14193364__14202220__28201464,12,0.15,0.2222222222222222,8,0,2,0
O=C(NC1=CN=C2C=CC=CN2C1=O)N3CC=C(CC3)C4=CC=NC5=C4C=CN5 s_2430__22529678__22576782,12,0.1495327102803738,0.2883597883597883,4,0,6,1
O=C(CN1N=CC2=C(C1=O)CCCC2)N3CCN(CC3)C4=CN=CC5=NC=NN45 s_11__22169690__14868728,11,0.1489361702127659,0.2299465240641711,8,0,1,0
CCC1=C(CCCO1)C(=O)NCCN2CCN(CC2)C3=CC=NC4=NC=NN34 m_276450__18755804__27791440__18783450,10,0.1485148514851485,0.2344213649851632,7,0,1,0
CCC1=C(CCCO1)C(=O)NCCN2CCN(CC2)C3=NC=NN4C3=CC=C4 m_276450__18755804__27791440__18941674,10,0.1485148514851485,0.2633136094674556,7,0,1,0
CO[C@H]1CCCC[C@H]1C(=O)NCCC2CCN(CC2)C3=NC=NC4=C3N=CN4 m_276450__14193098__27782064__18955122,11,0.1485148514851485,0.1836734693877551,8,0,1,0
CC1=NC2=NC=CC=C2C=C1CC(=O)N3CCC(CC3)C4=CC=CC5=C4C=CN5 s_11__22174136__22272842,10,0.1485148514851485,0.1639871382636656,4,0,4,1
O=C(NCCC1CCN(CC1)C2=NC=NC3=C2CCC3)C4CCCC5=C4N=CN5 m_276450__14193098__20152074__14214378,12,0.1485148514851485,0.1815561959654178,7,0,3,1
O=C(NCCN1CCN(CC1)C2=NC=CC3=CN=CN23)C4CCCC5=NC=NN45 m_276450__18755804__18783510__28204286,11,0.1485148514851485,0.1703296703296703,8,0,1,1
O=C([C@H]1CCCC[C@H]1O)N2CC[C@@H](C2)N3CCN(CC3)C4=NC=NC5=C4N=CN5 m_276450__27869474__27785808__18955122,11,0.1485148514851485,0.2310344827586206,7,0,2,2
CCCC1CCCC1C(=O)NCCC2CCN(CC2)C3=NC=NC4=C3N=CN4 m_276450__14193098__14203984__18955122,12,0.1485148514851485,0.1834532374100719,8,0,2,0
CCCN1CCCC1C(=O)NCCC2CCN(CC2)C3=NC=NC4=C3N=CN4 m_276450__14193098__14205908__18955122,12,0.1485148514851485,0.217391304347826,9,0,1,0
CCN(CC1CCN(CC1)C2=NC=NC3=C2N=CN3)C(=O)C4CCCCC4C m_276450__14193364__14202220__18955122,12,0.1485148514851485,0.1949458483754512,8,0,2,0
CCN(CC1CCN(CC1)C2=NC=NC3=C2NC=C3)C(=O)[C@H]4CCCC[C@H]4O m_276450__14193364__27785808__28201464,12,0.1485148514851485,0.2162162162162162,8,0,2,0
CCN(CC1CCN(CC1)C2=NC=NC3=C2OC=C3)C(=O)[C@H]4CCCC[C@@H]4O m_276450__14193364__27784680__28201534,12,0.1485148514851485,0.2236842105263158,8,0,2,0
C1=CC2=C(C=CN2)C(=C1)C3CCN(CC3)CCC4=CC=C5OCCCC5=C4 s_2230__13035036__23291970,7,0.1473684210526315,0.1400651465798045,5,0,0,2
O=C(CN1N=CC2=C(C1=O)CCCC2)N3CCN(CC3)C4=CN=CC5=NN=NN45 s_11__22179816__14868728,12,0.1473684210526315,0.2175066312997347,9,0,1,0
NC(CC1CCCCO1)C(=O)NCC2CCN(CC2)C3=NC=NC4=C3C=CN4 s_240690__24674464__13975276,12,0.1470588235294117,0.22,8,0,2,0
CC(C(=O)NCC1CCN(CC1)C2=NC=NC3=C2C=CN3)N4CCNCC4=O s_240690__24674464__12227856,12,0.1470588235294117,0.225,9,0,1,0
CC(C(=O)NCC1CCN(CC1)C2=NC=NC3=C2C=CN3)N4CCOCC4=O s_11__22180642__26281288,12,0.1470588235294117,0.2286689419795221,9,0,1,0
CC1=C(C(=NC2=CC=CC=C12)O)C(=O)N3CCC(CC3)C4=CC=CC5=C4C=CN5 s_22__13035022__6663460,12,0.1470588235294117,0.1699346405228758,5,0,5,0
CC1=NC2=CC=CC=C2C(=O)N1CC(=O)N3CCC(CC3)C4=CC=CC5=CN=CC=C45 s_527__18967554__9703978,11,0.1470588235294117,0.2410423452768729,4,0,5,0
O=C(CCN1C(=O)C2=CC=CC=C2N=C1S)N3CCN(CC3)C4=C5C=CN=C5NC=N4 s_22__15608426__326448,12,0.1470588235294117,0.2486033519553072,6,0,4,0
O=C(NCCC1CCN(CC1)C2=NC=NC3=C2N=CN3)C4CCCC5=C4N=CN5 m_276450__14193098__20152074__18955122,11,0.1470588235294117,0.1869436201780415,8,0,1,1
CC1=C(CCCO1)C(=O)N2CC[C@@H](C2)N3CCN(CC3)C4=CC=NC5=NC=CN45 m_276450__27869474__14200236__28204368,10,0.1470588235294117,0.2664576802507837,7,0,1,2
CC1=C(CCCO1)C(=O)N2CC[C@@H](C2)N3CCN(CC3)C4=NC=NC5=CC=NN45 m_276450__27869474__14200236__28204284,12,0.1470588235294117,0.2245508982035928,9,0,1,2
CC1=C(CCCO1)C(=O)N2CC[C@H](C2)N3CCN(CC3)C4=CC=NC5=NC=CN45 m_276450__27869470__14200236__28204368,10,0.1470588235294117,0.2664576802507837,7,0,1,2
CC1CCOCC1C(=O)N2CC[C@@H](C2)N3CCN(CC3)C4=NC=NC5=C4OC=C5 m_276450__27869474__27782246__28201534,12,0.1470588235294117,0.2681388012618296,8,0,2,2
COCC1COCCN1C(=O)NCC2CCN(CC2)C3=NC=NC4=C3C=CN4 s_2708__23827838__13270320,11,0.1470588235294117,0.1854304635761589,8,0,1,0
COC[C@@H]1COCCN1C(=O)NCC2CCN(CC2)C3=NC=NC4=C3C=CN4 s_2708__23827838__26983118,11,0.1470588235294117,0.1854304635761589,8,0,1,0
COC[C@H]1COCCN1C(=O)NCC2CCN(CC2)C3=NC=NC4=C3C=CN4 s_2708__23827838__26983152,11,0.1470588235294117,0.1854304635761589,8,0,1,0
CCN(CC1CCN(CC1)C2=NC=NC3=C2N=CN3)C(=O)C4CCCCC4O m_276450__14193364__27808288__18955122,12,0.1470588235294117,0.1929824561403508,8,0,2,0
O=C(CC1=CC2=CC=CC=C2C=C1O)N3CCC(CC3)C4=CC=CC5=C4C=CN5 s_22__13035022__21389038,12,0.1458333333333333,0.1577060931899641,5,0,5,1
[N-]=[N+]=N[C@H]1CCCC[C@H]1C(=O)NCCC2CCN(CC2)C3=NC=NC4=C3NC=C4 m_276450__14193098__27784696__28201464,11,0.145631067961165,0.2211221122112211,9,0,1,0
CCN1CCOCC1C(=O)NCCC2CCN(CC2)C3=NC=NC4=C3C=NN4 m_276450__14193098__14204356__28201338,12,0.145631067961165,0.2277227722772277,9,0,1,0
O=C1NC2=C(C=C1NC(=O)N3CC=C(CC3)C4=CC=NC5=C4C=CN5)CCCC2 s_2430__11680994__22576782,11,0.145631067961165,0.2364130434782608,6,0,3,1
CC1=CC2=C(N=CN=C2S1)N3CCC(CC3)NCC4=C(C5=C(C=C4)OCCO5)C s_270004__23850852__24721074,11,0.145631067961165,0.2288135593220339,9,0,0,2
NC1=C(C=CC2=C1CCCC2)C(=O)NC3CCN(CC3)C4=NC=NC5=C4OC=C5 m_276450__14192934__27783490__28201534,12,0.145631067961165,0.2050561797752809,9,0,1,1
O=C(NCCC1CCN(CC1)C2=NC=NC3=C2OC=C3)C4CCCN5C4=CC=N5 m_276450__14193098__14203920__28201534,12,0.145631067961165,0.2133333333333333,10,0,0,1
CN1CCOCC1C(=O)N2CC[C@H](C2)N3CCN(CC3)C4=NC=NC5=C4NC=C5 m_276450__27869470__14200248__28201464,12,0.145631067961165,0.2508038585209003,9,0,1,2
C1=NC=C(N2C1=NC=N2)N3CCN(CC3)CCC4=CC=C5OCCCC5=C4 s_2230__9417632__23291970,9,0.1443298969072164,0.1642651296829971,7,0,0,2
C1=NC=C(N2C1=NN=N2)N3CCN(CC3)CCC4=CC=C5OCCCC5=C4 s_2230__18364006__23291970,10,0.1443298969072164,0.1481481481481481,8,0,0,2
O=C(CN1N=CC2=C(C1=O)CCCC2)N3CCN(CC3)C4=C5C=CN=C5NC=N4 s_11__22168874__14868728,10,0.1443298969072164,0.2655826558265582,7,0,1,0
CC1CCCCC1C(=O)N2CC[C@H](C2)N3CCN(CC3)C4=NC=NC5=C4CCC5 m_276450__27869470__14202220__14214378,12,0.1443298969072164,0.2253968253968254,6,0,4,2
O=C(C1=C(CCCC1)Cl)N2CC[C@@H](C2)N3CCN(CC3)C4=NC=NN5C4=NC=C5 m_276450__27869474__27797300__28202336,11,0.1443298969072164,0.267515923566879,8,0,1,2
CN(CC1=CCCOC1)C(=O)NCC2CCN(CC2)C3=NC=NC4=C3C=CN4 s_2708__23827838__11986992,11,0.1442307692307692,0.2133757961783439,9,0,0,0
CN1C=NC2=C(N=CN=C12)N3CCC(CC3)CCNC(=O)[C@H]4CCCC[C@H]4N=[N+]=[N-] m_276450__14193098__27784696__28204382,12,0.1442307692307692,0.1877022653721682,9,0,1,0
CC1=CC2=C(C=C1NC(=O)N3CC=C(CC3)C4=CC=NC5=C4C=CN5)OCCO2 s_2430__27548240__22576782,12,0.1442307692307692,0.225071225071225,8,0,2,1
CC1=NC2=NC=CC=C2C=C1CC(=O)N3CC=C(CC3)C4=CC=NC5=C4C=CN5 s_11__22183562__22272842,12,0.1442307692307692,0.208955223880597,5,0,5,1
O=C(NC1CCN(CC1)C2=NC=NC3=C2C=CN3)C4=CC5=C(C=C4F)NCCC5 m_276450__14192934__27781052__18251492,12,0.1442307692307692,0.1930835734870317,9,0,1,1
CC1=CC2=C(N=CN=C2S1)N3CCC(CC3)NCC4=C(C5=C(C=C4)OCCO5)Cl s_270004__23850852__24714706,11,0.1442307692307692,0.2219178082191781,9,0,0,2
CC1CCOCC1C(=O)N2CC[C@@H](C2)N3CCN(CC3)C4=NC=NC5=C4N=CN5 m_276450__27869474__27782246__18955122,12,0.1442307692307692,0.2382550335570469,8,0,2,2
CN1CCOCC1C(=O)N2CC[C@@H](C2)N3CCN(CC3)C4=NC=NC5=C4N=CN5 m_276450__27869474__14200248__18955122,12,0.1442307692307692,0.2244224422442244,9,0,1,2
COCC1C=CCCN1C(=O)NCC2CCN(CC2)C3=NC=NC4=C3C=CN4 s_2708__23827838__17523228,12,0.1442307692307692,0.2282958199356913,7,0,3,0
C#CCOC1=CC(=C(C(=C1)C)CN2CC=C(CC2)C3=CC=NC4=C3C=CN4)C s_270004__24159482__24720298,12,0.1442307692307692,0.1768292682926829,7,0,3,0
CCN1CCCCC1C(=O)NCCC2CCN(CC2)C3=NC=NC4=C3CCC4 m_276450__14193098__14205232__14214378,12,0.1428571428571428,0.2103559870550161,7,0,3,0
CCN1CCCCC1C(=O)NCCN2CCN(CC2)C3=CC=NC4=CC=NN34 m_276450__18755804__14205232__28201460,10,0.1428571428571428,0.2188552188552188,7,0,1,0
C1=CC2=C(N=CNC2=N1)N3CCN(CC3)CCC4=CC=C5OCCCC5=C4 s_2230__15607896__23291970,8,0.1428571428571428,0.2011834319526627,6,0,0,2
C1=CC2=CC=C(C=C2C=C1)CCN3CCN(CC3)C4=CN=CC5=NC=NN45 s_2230__9417632__4915570,12,0.1428571428571428,0.1573770491803278,6,0,4,2
CC1=NNC2=NC=NC(=C12)N3CCC(CC3)CCNC(=O)[C@H]4CCCC[C@H]4N=[N+]=[N-] m_276450__14193098__27784696__18783642,12,0.1428571428571428,0.2064516129032258,9,0,1,1
COCC1=CC=CC(=C1)N2CCN(CC2)C(=O)CC3=C(C4=CC=CC=C4N=C3C)C s_22__26976960__300168,12,0.1428571428571428,0.217391304347826,4,0,6,1
O=C1C2=CC=CC=C2C=CN1CC(=O)N3CCC(CC3)C4=CC=CC5=C4C=CN5 s_527__13035034__9457988,12,0.1428571428571428,0.2024922118380062,5,0,5,1
O=C([C@H]1CCCC[C@@H]1O)N2CCC3(CC2)CCN(CC3)C4=NC=NC5=C4NC=C5 m_276450__18955116__27784680__28201464,12,0.1428571428571428,0.2053872053872054,8,0,2,1
O=C([C@H]1CCCC[C@H]1O)N2CCC3(CC2)CCN(CC3)C4=NC=NC5=C4NC=C5 m_276450__18955116__27785808__28201464,12,0.1428571428571428,0.2053872053872054,8,0,2,1
CCN1C=CN=C(C1=O)N2CCC(CC2)NCC3=CC4=C(CCOC4)N=C3Cl s_270004__9085932__15505518,12,0.1415094339622641,0.2186666666666666,9,0,1,1
NC1=C(C(=O)C2=CC(=CC=C2O1)F)CN3CCN(CC3)C4=C5C=CN=C5NC=N4 s_270004__24159310__24720676,12,0.1415094339622641,0.2506738544474393,6,0,4,0
CCCCN1CCCCC1C(=O)NCCN2CCN(CC2)C3=CC=NC4=CC=NN34 m_276450__18755804__28192490__28201460,11,0.1414141414141414,0.2255892255892256,8,0,1,1
O=C(CC1=CC2=C(C=C1Br)OCCO2)N3CCC(CC3)C4=CC=CC5=C4C=CN5 s_11__22174136__117015,10,0.1414141414141414,0.1744548286604361,7,0,1,1
CC1=C(C(=O)N2N=CC=C2N1)CC(=O)N3CCN(CC3)C4=CN=CC5=NC=NN45 s_527__9417630__3392756,11,0.1414141414141414,0.2620865139949109,5,0,4,0
O=C(C1=C(CCCC1)Cl)N2CC[C@H](C2)N3CCN(CC3)C4=NC=CC5=CN=CN45 m_276450__27869470__27797300__28204286,10,0.1414141414141414,0.2524590163934426,7,0,1,2
C1=CC2=C(C=CN2)C(=C1)C3CCN(CC3)CCC4=CC=C5OCCOC5=C4 s_2230__13035036__8635612,8,0.1413043478260869,0.1481481481481481,6,0,0,2
C1=CC2=CC=C(C=C2C=C1)CCN3CCN(CC3)C4=C5C=CN=C5NC=N4 s_2230__15607896__4915570,11,0.1413043478260869,0.1993243243243243,5,0,4,2
CC1=NC2=CC=CC=C2C(=C1CC(=O)N3CC=C(CC3)C4=CC=NC5=C4C=CN5)C s_11__22183562__54867,12,0.1401869158878504,0.2184615384615384,5,0,6,0
O=C(NC1=CC2=C(CCCC2)N=C1Cl)N3CC=C(CC3)C4=CC=NC5=C4C=CN5 m_2430__26895820__22576782,10,0.1401869158878504,0.2010178117048346,6,0,2,1
CCN1CCCCC1C(=O)NCCN2CCN(CC2)C3=NC=NN4C3=CC=C4 m_276450__18755804__14205232__18941674,10,0.14,0.2483221476510067,7,0,1,0
CC1CCCCN1CC(=O)NCCN2CCN(CC2)C3=NC=CC4=CN=CN34 m_276450__18755804__27801806__28204286,12,0.14,0.1745454545454545,9,0,1,0
CN1CCCCC1CC(=O)NCCN2CCN(CC2)C3=CC=NC4=NC=CN34 m_276450__18755804__27801120__28204368,10,0.14,0.2304964539007092,6,0,2,0
CN1CCCCC1CC(=O)NCCN2CCN(CC2)C3=NC=NN4C3=CC=C4 m_276450__18755804__27801120__18941674,11,0.14,0.25,7,0,2,0
CC1=C(COCC1)C(=O)N(C)CCC2CCN(CC2)C3=NC=CC4=CN=CN34 m_276450__14193134__27785454__28204286,11,0.14,0.2225913621262458,9,0,0,0
CN(CCC1CCN(CC1)C2=NC=NC3=C2NC=C3)C(=O)C4COCCN4C m_276450__14193134__14200248__28201464,12,0.14,0.2402597402597402,10,0,0,0
CC1=CC2=C(N=CN=C2S1)N3CCC(CC3)NCC4=CC5=C(C=C4C)OCCO5 s_207__26103914__27080120,10,0.14,0.2285714285714285,8,0,0,2
CC1=C(C(=O)N2N=CC=C2N1)CC(=O)N3CCN(CC3)C4=CN=CC5=NN=NN45 s_11__22179816__3392752,12,0.14,0.2462686567164179,6,0,4,0
CC1=NC2=CC=CC=C2C(=O)N1CC(=O)N3CCC(CC3)C4=CC=NC5=CC=CC=C45 s_527__10706244__9703978,12,0.14,0.2387096774193548,5,0,5,0
O=C(NCCC1CCN(CC1)C2=CC=NC3=NC=CN23)C4=CC=C5N4CCCC5 m_276450__14193098__27784568__28204368,12,0.14,0.1671159029649595,10,0,0,1
CC1=C(COCC1)C(=O)N2CC[C@H](C2)N3CCN(CC3)C4=NC=NN5C4=NC=C5 m_276450__27869470__27785454__28202336,12,0.14,0.2649842271293375,9,0,1,2
CC1CCOCC1C(=O)N(C)CCC2CCN(CC2)C3=NC=NC4=C3NC=C4 m_276450__14193134__27782246__28201464,12,0.1386138613861386,0.2211221122112211,9,0,1,0
CN(CCC1CCN(CC1)C2=NC=NC3=C2N=CN3)C(=O)C4COCCN4C m_276450__14193134__14200248__18955122,12,0.1386138613861386,0.2166666666666666,10,0,0,0
CCCCN1CCCCC1C(=O)NCCN2CCN(CC2)C3=NC=NN4C3=CC=C4 m_276450__18755804__28192490__18941674,11,0.1386138613861386,0.2550335570469799,8,0,1,1
CC1=C(C(=O)N2N=CC=C2N1)CC(=O)N3CCN(CC3)C4=C5C=CN=C5NC=N4 s_11__22168874__3392752,10,0.1386138613861386,0.2688442211055276,4,0,4,0
O=C(NCCC1CCN(CC1)C2=NC=NC3=C2CCC3)C4CCCN5C4=NC=C5 m_276450__14193098__27794386__14214378,12,0.1386138613861386,0.1797752808988764,7,0,3,1
O=C(NCCN1CCN(CC1)C2=CC=NC3=CC=NN23)C4CCCC5=C4N=CS5 m_276450__18755804__27786258__28201460,10,0.1386138613861386,0.2219251336898395,7,0,1,1
C1=NC=C(N2C1=NC=N2)N3CCN(CC3)CCC4=CC=C5OCCOC5=C4 s_2230__9417632__8635612,10,0.1382978723404255,0.1597633136094674,8,0,0,2
C1=NC=C(N2C1=NN=N2)N3CCN(CC3)CCC4=CC=C5OCCOC5=C4 s_2230__18364006__8635612,11,0.1382978723404255,0.1495601173020528,9,0,0,2
COCC1=C(C=C(C(=C1C)CNC2CCN(CC2)C3=C4C=C(SC4=NC=N3)C)C)C s_270004__23850852__12905998,10,0.1372549019607843,0.2218934911242603,8,0,0,3
CC1=C(COCC1)C(=O)N2CC[C@@H](C2)N3CCN(CC3)C4=CC=NC5=NC=NN45 m_276450__27869474__27785454__18783450,11,0.1372549019607843,0.2699386503067484,8,0,1,2
CC1=C(COCC1)C(=O)N2CC[C@H](C2)N3CCN(CC3)C4=NC=CC5=CN=CN45 m_276450__27869470__27785454__28204286,11,0.1372549019607843,0.2435064935064935,8,0,1,2
CCN(CC1CCN(CC1)C2=CC=NC3=NC=CN23)C(=O)C4=C(CCOC4)C m_276450__14193364__27785454__28204368,11,0.1372549019607843,0.2508250825082508,8,0,1,0
CCN(CC1CCN(CC1)C2=NC=CC3=CN=CN23)C(=O)C4=C(CCOC4)C m_276450__14193364__27785454__28204286,12,0.1372549019607843,0.23,9,0,1,0
CCN(CC1CCN(CC1)C2=NC=NN3C2=CC=C3)C(=O)C4=C(CCOC4)C m_276450__14193364__27785454__18941674,12,0.1372549019607843,0.2727272727272727,9,0,1,0
CC1=NC2=CC=CC=C2N=C1NCC3CCN(CC3)C4=NC=NC5=C4C=CN5 s_27__16803670__335080,12,0.1368421052631579,0.1867088607594936,7,0,4,0
CN(CCC1CCN(CC1)C2=CC=NC3=NC=CN23)C(=O)CN4CCCCC4 m_276450__14193134__27815118__28204368,12,0.1368421052631579,0.2080291970802919,9,0,1,0
C1=CC2=C(N=CNC2=N1)N3CCN(CC3)CCC4=CC=C5OCCOC5=C4 s_2230__15607896__8635612,9,0.1368421052631579,0.1993865030674846,7,0,0,2
CC1=NC2=NC=NN2C(=C1CC(=O)N3CCN(CC3)C4=CN=CC5=NC=NN45)C s_11__22169690__115783,11,0.1368421052631579,0.1643835616438356,7,0,2,0
O=C(NC1=C(C2=C(C=C1)CNCC2)F)N3CCC(CC3)C4=CC=CC5=C4C=CN5 m_273458__11122836__13035088,10,0.1359223300970873,0.1762917933130699,7,0,1,1
ClC1=C2CCCCC2=NC3=CC(=CC=C13)N4CCN(CC4)C5=CN=CC6=NC=NN56 s_27__9417626__10340864,11,0.1359223300970873,0.1893333333333333,6,0,3,0
O=C(NCC1CCN(CC1)C2=NC=NC3=C2C=CN3)N4CCOCC4CCO s_2708__23827838__13432756,12,0.1359223300970873,0.1832797427652733,8,0,2,0
CN(CCC1CCN(CC1)C2=NC=NC3=C2CCC3)C(=O)[C@H]4CCCC[C@H]4O m_276450__14193134__27785808__14214378,12,0.1354166666666666,0.180379746835443,7,0,3,0
O=C(NCCN1CCN(CC1)C2=CC=NC3=CC=NN23)C4CCCC5N4CCC5 m_276450__18755804__14204648__28201460,11,0.1354166666666666,0.2225913621262458,8,0,1,2
CCN1CCOCC1C(=O)NCCC2CCN(CC2)C3=NC=NC4=C3N=CN4 m_276450__14193098__14204356__18955122,12,0.1346153846153846,0.2166666666666666,9,0,1,0
O=C(CN1C(=O)C2=CC=CC=C2N=C1S)N3CCC(CC3)C4=CC=CC5=CC=CC=C45 s_22__2303350__309126,12,0.134020618556701,0.25,5,0,5,0
C#CCOC1=CC(=C(C(=C1)C)CNC2CCN(CC2)C3=C4C=C(SC4=NC=N3)C)C s_270004__23850852__24720298,12,0.1333333333333333,0.2267441860465116,8,0,2,1
CC1=CC2=C(N=CN=C2S1)N3CCC(CC3)NCC4=NC5=C(C=C4Cl)OCCO5 s_207__26103914__30159554,12,0.1333333333333333,0.2154963680387409,10,0,0,1
O=C(CC1=CC2=C(C=C1Br)OCCO2)N3CC=C(CC3)C4=CC=NC5=C4C=CN5 s_11__22183562__117015,12,0.1333333333333333,0.2051282051282051,8,0,2,1
C#CCC1COCCN1C(=O)NCC2CCN(CC2)C3=NC=NC4=C3C=CN4 m_2708__23827838__16902468,12,0.1333333333333333,0.1847133757961783,7,0,3,0
CCC1CCCCC1C(=O)NCCN2CCN(CC2)C3=CC=NC4=CC=NN34 m_276450__18755804__14201692__28201460,10,0.1326530612244898,0.2128378378378378,6,0,2,0
CCC1CCCCC1C(=O)NCCN2CCN(CC2)C3=NC=NN4C3=NC=C4 m_276450__18755804__14201692__28202336,11,0.1326530612244898,0.2020905923344947,7,0,2,0
CC1CCCCC1CC(=O)NCCN2CCN(CC2)C3=CC=NC4=CC=NN34 m_276450__18755804__14206122__28201460,12,0.1326530612244898,0.2128378378378378,8,0,2,0
O=C(NCCN1CCN(CC1)C2=CC=NC3=CC=NN23)C4CCCC5=CC=NN45 m_276450__18755804__27790108__28201460,11,0.1326530612244898,0.2074468085106383,7,0,2,1
O=C([C@H]1CCCC[C@H]1O)N2CC[C@H](C2)N3CCN(CC3)C4=NC=NC5=C4CCC5 m_276450__27869470__27785808__14214378,12,0.1326530612244898,0.2267080745341615,6,0,4,2
COC1CCCCC1C(=O)NCCN2CCN(CC2)C3=NC=NN4C3=NC=C4 m_276450__18755804__14206084__28202336,11,0.1313131313131313,0.2093023255813953,8,0,1,0
CO[C@H]1CCCC[C@H]1C(=O)NCCC2CCN(CC2)C3=NC=NC4=C3CCC4 m_276450__14193098__27782064__14214378,12,0.1313131313131313,0.1820987654320987,7,0,3,0
CC(CN1CCCCC1)C(=O)NCC2CCN(CC2)C3=NC=NN4C3=CC=C4 m_276450__14192936__27811214__18941674,12,0.1313131313131313,0.2255892255892256,9,0,1,0
CCCN1CCCC1C(=O)NCCN2CCN(CC2)C3=CC=NC4=CC=NN34 m_276450__18755804__14205908__28201460,11,0.1313131313131313,0.223728813559322,8,0,1,0
CCCN1CCC[C@H]1C(=O)NCCN2CCN(CC2)C3=CC=NC4=CC=NN34 m_276450__18755804__27801074__28201460,11,0.1313131313131313,0.223728813559322,8,0,1,0
CC1=NC2=CC=CN=C2N=C1NCC3CCN(CC3)C4=NC=NC5=C4C=CN5 s_27__16803670__14643966,12,0.13,0.1834862385321101,8,0,3,0
CCC1CCCCC1C(=O)NCCN2CCN(CC2)C3=CC=NC4=NC=NN34 m_276450__18755804__14201692__18783450,10,0.13,0.2135593220338983,6,0,2,0
CCC1CCCCC1C(=O)NCCN2CCN(CC2)C3=NC=NC4=CC=NN34 m_276450__18755804__14201692__28204284,11,0.13,0.1758620689655172,7,0,2,0
O=C(NCC1=CC2=C(CCCC2)N=C1O)NNC(=O)C3=CC=CC4=C3C=CN4 s_2708__12644124__23005518,12,0.13,0.1466666666666666,10,0,0,1
COC1CCCCC1C(=O)NCCN2CCN(CC2)C3=CC=NC4=NC=NN34 m_276450__18755804__14206084__18783450,10,0.1287128712871287,0.2182410423452769,7,0,1,0
COC1CCCCC1C(=O)NCCN2CCN(CC2)C3=NC=NC4=CC=NN34 m_276450__18755804__14206084__28204284,11,0.1287128712871287,0.1821192052980132,8,0,1,0
COC1CCCCC1C(=O)NCCN2CCN(CC2)C3=NC=NN4C3=CC=C4 m_276450__18755804__14206084__18941674,10,0.1287128712871287,0.2443729903536977,7,0,1,0
CO[C@H]1CCCC[C@@H]1C(=O)NCCN2CCN(CC2)C3=NC=NC4=CC=NN34 m_276450__18755804__27790956__28204284,11,0.1287128712871287,0.1821192052980132,8,0,1,0
CC1=NC2=NC=NN2C(=C1CC(=O)N3CCN(CC3)C4=C5C=CN=C5NC=N4)C s_11__22168874__115783,10,0.1287128712871287,0.2096317280453258,6,0,2,0
CCCC1CCCC1C(=O)NCCN2CCN(CC2)C3=CC=NC4=NC=NN34 m_276450__18755804__14203984__18783450,11,0.1287128712871287,0.2135593220338983,7,0,2,0
CCCC1CCCC1C(=O)NCCN2CCN(CC2)C3=NC=NC4=CC=NN34 m_276450__18755804__14203984__28204284,12,0.1287128712871287,0.1758620689655172,8,0,2,0
CCCN1CCC[C@H]1C(=O)NCCN2CCN(CC2)C3=CC=NC4=NC=CN34 m_276450__18755804__27801074__28204368,10,0.1287128712871287,0.2335766423357664,7,0,1,0
CCCN1CCC[C@H]1C(=O)NCCN2CCN(CC2)C3=CC=NC4=NC=NN34 m_276450__18755804__27801074__18783450,11,0.1287128712871287,0.2244897959183673,8,0,1,0
CC(C(=O)NCC1CCN(CC1)C2=CC=NC3=NC=NN23)N4CCCCC4=O m_276450__14192936__14205148__18783450,12,0.1274509803921568,0.2305084745762712,9,0,1,0
C1=NC2=NC=NC2=C(N1)N3CCC(CC3)NCC4=CC=C5SCCCC5=C4 s_270004__23845418__24721742,11,0.1274509803921568,0.1896551724137931,9,0,0,2
CC1=NC2=CC=CC=C2C=C1NC(=O)N3CCN(CC3)C4=C5C=CN=C5NC=N4 s_2430__22523656__22577650,12,0.1274509803921568,0.2041420118343195,5,0,5,1
CC1=NC2=NC=CC=C2C=C1CC(=O)N3CCN(CC3)C4=CN=CC5=NC=NN45 s_11__22169690__22272842,12,0.1274509803921568,0.1639784946236559,6,0,4,1
CC1=NC2=CC=CC=C2C(=C1C(=O)N3CCN(CC3)C4=C5C=CN=C5NC=N4)C s_22__15608426__9475876,12,0.1274509803921568,0.1900584795321637,5,0,5,0
O=C(NCCN1CCN(CC1)C2=CC=NC3=CC=NN23)C4CCCC5=C4C=NN5 m_276450__18755804__14202058__28201460,12,0.1274509803921568,0.2138728323699422,9,0,1,0
CCCC1=C(C=NN1)C(=O)NCCN2CCN(CC2)C3=CC=NC4=NC=CN34 m_276450__18755804__14207018__28204368,12,0.1274509803921568,0.18125,8,0,2,0
CC1=NC2=CC=CC=C2C(=C1CC(=O)N3CCN(CC3)C4=CN=CC5=NC=NN45)C s_527__9417630__155628,12,0.1262135922330097,0.1675977653631284,6,0,5,0
O=C(CN1C(=O)C2=CC=CC=C2N=C1S)N3CCN(CC3)C4=C5C=CN=C5NC=N4 s_22__15608426__309126,12,0.1262135922330097,0.2275280898876404,6,0,5,0
O=CN1CCOCC1C(=O)NCCC2CCN(CC2)C3=NC=NC4=C3NC=C4 m_276450__14193098__27784776__28201464,12,0.1262135922330097,0.247588424437299,10,0,0,1
CCCN1CCCCC1C(=O)N[C@H](C)CN2CCN(CC2)C3=NC=NN4C3=NC=C4 m_276450__27871500__27809982__28202336,12,0.1262135922330097,0.2152777777777778,9,0,1,1
O=C(NCCN1CCN(CC1)C2=NC=NN3C2=CC=C3)C4CCCCN4CC(F)F m_276450__18755804__27786722__18941674,12,0.1262135922330097,0.2442996742671009,9,0,1,0
CC1=NC2=NC=CC=C2C=C1CC(=O)N3CCN(CC3)C4=C5C=CN=C5NC=N4 s_11__22168874__22272842,11,0.1262135922330097,0.2011494252873563,5,0,4,1
O=C(NCCN1CCN(CC1)C2=NC=NC3=CC=NN23)C4CCCC5=C4N=CN5 m_276450__18755804__20152074__28204284,11,0.1262135922330097,0.1747851002865329,8,0,1,1
O=C(NCCN1CCN(CC1)C2=CC=NC3=NC=CN23)C4=C5CCOCC5=CO4 m_276450__18755804__14205410__28204368,11,0.1262135922330097,0.1798941798941798,8,0,1,1
O=C(NCCN1CCN(CC1)C2=CC=NC3=NC=CN23)C4=C5CCOCC5=NN4 m_276450__18755804__27791730__28204368,12,0.1262135922330097,0.1734417344173441,10,0,0,0
O=C(NCCN1CCN(CC1)C2=CC=NC3=NC=NN23)C4=C5CCOCC5=CO4 m_276450__18755804__14205410__18783450,12,0.1262135922330097,0.1799485861182519,9,0,1,1
O=C(NCCN1CCN(CC1)C2=NC=CC3=CN=CN23)C4=C5CCOCC5=CO4 m_276450__18755804__14205410__28204286,12,0.1262135922330097,0.1473684210526315,9,0,1,1
C1=CC2=C(N1)N=CN=C2N3CCC(CC3)CNC4=CN=C5CCCCC5=N4 s_27__16803670__11243714,9,0.125,0.1706586826347305,7,0,0,1
CCCN1CCCCC1C(=O)NCCC2CCN(CC2)C3=CC(=NC4=NC=NN34)C m_276450__14193098__27809982__14214578,12,0.125,0.22508038585209,9,0,1,1
O=C(CN1C(=O)C2=CC=CC=C2N=C1S)N3CCC(CC3)C4=CC=CC5=CN=CC=C45 s_22__18967540__309126,12,0.125,0.2365930599369085,5,0,5,0
O=C(NCCN1CCN(CC1)C2=NC=CC3=CN=CN23)C4CCCC5=C4C=NN5 m_276450__18755804__14202058__28204286,12,0.125,0.1873111782477341,9,0,1,0
O=C(NCCN1CCN(CC1)C2=NC=NN3C2=CC=C3)C4CCCC5=C4N=CN5 m_276450__18755804__20152074__18941674,10,0.125,0.2296918767507002,7,0,1,1
O=C(NCCN1CCN(CC1)C2=NC=NN3C2=CC=C3)C4CCCC5=C4NN=C5 m_276450__18755804__14202060__18941674,12,0.125,0.2352941176470588,7,0,3,0
CCN(CC1CCN(CC1)C2=CC=NC3=NC=NN23)C(=O)C4=C(CCOC4)Cl m_276450__14193364__27794768__18783450,12,0.125,0.2631578947368421,9,0,1,0
CCCN1CCCCC1C(=O)N[C@H](C)CN2CCN(CC2)C3=CC=NC4=NC=CN34 m_276450__27871500__27809982__28204368,10,0.1238095238095238,0.2363636363636363,7,0,1,1
CCCN1CCCCC1C(=O)N[C@H](C)CN2CCN(CC2)C3=NC=CC4=CN=CN34 m_276450__27871500__27809982__28204286,11,0.1238095238095238,0.1913357400722021,8,0,1,1
CCCCN1CCOCC1C(=O)NCCN2CCN(CC2)C3=CC=NC4=NC=NN34 m_276450__18755804__14205386__18783450,12,0.1238095238095238,0.2082018927444795,9,0,1,1
CC1=C(SCCO1)C(=O)N2CC[C@@H](C2)N3CCN(CC3)C4=NC=CC5=CN=CN45 m_276450__27869474__27810424__28204286,12,0.1238095238095238,0.2125748502994012,9,0,1,2
C1=CC2=C(N1)N=CN=C2N3CCC(CC3)CNC4=NC=C5CCCCC5=N4 s_27__16803670__10971420,11,0.1224489795918367,0.1722054380664652,9,0,0,0
O=C(NCCN1CCN(CC1)C2=CC=NC3=CC=NN23)C4CCCN5C4=CC=N5 m_276450__18755804__14203920__28201460,11,0.1224489795918367,0.2053333333333333,9,0,0,1
CCN(CC1CCN(CC1)C2=CC=NC3=NC=CN23)C(=O)C=C4CCCCC4 m_276450__14193364__14200008__28204368,12,0.1224489795918367,0.2411347517730496,9,0,1,0
COC1=CC=CC=C1N2CCC(CC2)NCC3=C(C4=C(C=C3Br)OCCO4)Cl s_207__23043504__26990598,12,0.1212121212121212,0.180379746835443,9,0,1,1
O=C(C[C@H]1CCCC[C@@H]1O)NCCN2CCN(CC2)C3=CC=NC4=CC=NN34 m_276450__18755804__27784860__28201460,12,0.1212121212121212,0.2138157894736842,8,0,2,0
O=C(C[C@H]1CCCC[C@H]1F)NCCN2CCN(CC2)C3=CC=NC4=CC=NN34 m_276450__18755804__27781330__28201460,12,0.1212121212121212,0.2145214521452145,9,0,1,0
O=C(NCCN1CCN(CC1)C2=NC=CC3=CN=CN23)C4CCCN5C4CCC5 m_276450__18755804__27782786__28204286,12,0.1212121212121212,0.1875,8,0,2,1
O=C(NCCN1CCN(CC1)C2=NC=NN3C2=CC=C3)C4CCCN5C4CCC5 m_276450__18755804__27782786__18941674,12,0.1212121212121212,0.2491909385113268,8,0,2,1
CC1CCCC=C1C(=O)N2CCC3(CC2)CCN(CC3)C4=CC=NC5=NC=CN45 m_276450__18955116__27795172__28204368,12,0.1212121212121212,0.2422145328719723,7,0,3,1
O=C(CC1CCCNC1=O)NCCN2CCN(CC2)C3=CC=NC4=NC=NN34 m_276450__18755804__27782584__18783450,12,0.12,0.2559726962457337,9,0,1,0
O=C(CC1CCCNC1=O)NCCN2CCN(CC2)C3=NC=CC4=CN=CN34 m_276450__18755804__27782584__28204286,12,0.12,0.2218181818181818,9,0,1,0
O=C(CN1CCCCC1=O)NCCC2CCN(CC2)C3=NC=NN4C3=CC=C4 m_276450__14193098__14200608__18941674,12,0.12,0.2408026755852843,10,0,0,0
CC1=CC2=C(C=C1NC(=O)N3CCN(CC3)C4=C5C=CN=C5NC=N4)OCCO2 s_2430__27548240__22577650,11,0.12,0.2052023121387283,8,0,1,1
CC1=CC2=C(C=C1NC(=O)N3CCN(CC3)C4=CN=CC5=NC=NN45)OCCO2 s_2430__27548240__9417634,12,0.12,0.192090395480226,9,0,1,1
O=C(NCCN1CCN(CC1)C2=CC=NC3=NC=NN23)C4=C5NCCCN5N=C4 m_276450__18755804__27796260__18783450,12,0.12,0.1796246648793565,10,0,0,0
O=C(NCCN1CCN(CC1)C2=NC=NN3C2=CC=C3)C4=C5NCCCN5N=C4 m_276450__18755804__27796260__18941674,12,0.12,0.1943734015345268,10,0,0,0
CC1=NC2=C(C=C1C(=O)NC3CCN(CC3)C4=C5N=CN=C5N=CN4)CCCN2 s_240690__7402370__20642414,11,0.1192660550458715,0.2097186700767263,8,0,1,1
O=C(C[C@@H]1CCCC[C@H]1O)NCCN2CCN(CC2)C3=NC=CC4=CN=CN34 m_276450__18755804__27785122__28204286,12,0.1188118811881188,0.1789473684210526,8,0,2,0
O=C(C[C@H]1CCCC[C@@H]1O)NCCN2CCN(CC2)C3=NC=CC4=CN=CN34 m_276450__18755804__27784860__28204286,12,0.1188118811881188,0.1789473684210526,8,0,2,0
O=C(C[C@H]1CCCC[C@@H]1O)NCCN2CCN(CC2)C3=NC=NN4C3=CC=C4 m_276450__18755804__27784860__18941674,12,0.1188118811881188,0.2426229508196721,8,0,2,0
O=C(C[C@H]1CCCC[C@H]1F)NCCN2CCN(CC2)C3=CC=NC4=NC=CN34 m_276450__18755804__27781330__28204368,11,0.1188118811881188,0.2234042553191489,8,0,1,0
O=C(C[C@H]1CCCC[C@H]1F)NCCN2CCN(CC2)C3=CC=NC4=NC=NN34 m_276450__18755804__27781330__18783450,12,0.1188118811881188,0.2119205298013245,9,0,1,0
CC1CCCC=C1C(=O)N(C)CCC2CCN(CC2)C3=NC=CC4=CN=CN34 m_276450__14193134__27795172__28204286,12,0.1188118811881188,0.2137931034482758,8,0,2,0
O=C1C2=CC=CC=C2N=CN1CC(=O)N3CCN(CC3)C4=C5C=CN=C5NC=N4 s_11__22168874__54496,12,0.1188118811881188,0.2264705882352941,5,0,5,1
O=C1NC2CCC1CC2C(=O)NCCN3CCN(CC3)C4=CC=NC5=NC=CN45 m_276450__18755804__27782922__28204368,10,0.1188118811881188,0.2344827586206896,6,0,2,1
O=C(NCCC1CCN(CC1)C2=CC=NC3=NC=CN23)C4CCCC5=NC=CN45 m_276450__14193098__14203366__28204368,12,0.1188118811881188,0.195906432748538,9,0,1,1
O=C(NCCC1CCN(CC1)C2=CC=NC3=NC=NN23)C4CCCC5=NC=NN45 m_276450__14193098__18783510__18783450,12,0.1188118811881188,0.1931216931216931,9,0,1,1
O=C(NCCN1CCN(CC1)C2=CC=NC3=NC=NN23)C4CCCN5C4=CC=N5 m_276450__18755804__14203920__18783450,11,0.1188118811881188,0.2069892473118279,9,0,0,1
O=C(NCCN1CCN(CC1)C2=NC=NN3C2=NC=C3)C4CCCN5C4=CC=N5 m_276450__18755804__14203920__28202336,12,0.1188118811881188,0.1983695652173913,10,0,0,1
C#CCOC1=CC(=C(C(=C1)C)CN2CCN(CC2)C3=CN=CC4=NC=NN34)C s_270004__9417640__24720298,12,0.1188118811881188,0.1479289940828402,8,0,2,0
CC1=NC2=C(C=C1C(=O)NC3CCN(CC3)C4=NC=NC5=CC=NN45)CCCN2 m_276450__14192934__27783770__28204284,12,0.1181818181818181,0.2036553524804177,9,0,1,1
NC1=CC2=C(C=C1C(=O)NC3CCN(CC3)C4=C5N=CN=C5N=CN4)CCCC2 s_240690__7402370__16766576,12,0.1176470588235294,0.2085714285714285,9,0,1,1
O=C(NC1CCN(CC1)C2=C3N=CN=C3N=CN2)C4=CC5=C(C=C4O)CCCC5 s_22__3225174__7552496,12,0.1176470588235294,0.1944444444444444,9,0,1,1
O=C(NCCC1CCN(CC1)C2=CC=NC3=CC=NN23)C4CCCC5=NC=NN45 m_276450__14193098__18783510__28201460,12,0.1176470588235294,0.1863517060367454,9,0,1,1
O=C(NCCN1CCN(CC1)C2=NC=NN3C2=CC=C3)C4CCCN5C4=NC=C5 m_276450__18755804__27794386__18941674,10,0.1176470588235294,0.2266288951841359,7,0,1,1
O=C(NCCC1CCN(CC1)C2=CC=NC3=CC=NN23)C4=C5CCCCN5C=C4 m_276450__14193098__14206410__28201460,11,0.1176470588235294,0.165374677002584,9,0,0,1
O=C(C1=C(CCOC1)Cl)N2CC[C@H](C2)N3CCN(CC3)C4=NC=NN5C4=NC=C5 m_276450__27869470__27794768__28202336,12,0.1176470588235294,0.2724458204334365,9,0,1,2
C#CCOC1=CC(=C(C(=C1)C)CN2CCN(CC2)C3=C4C=CN=C4NC=N3)C s_270004__24159310__24720298,11,0.1176470588235294,0.1865443425076452,7,0,2,0
CCN1CCOCC1C(=O)NCCN2CCN(CC2)C3=CC=NC4=NC=CN34 m_276450__18755804__14204356__28204368,10,0.116504854368932,0.1979522184300341,7,0,1,0
N#CC1=CC2=C(CCCC2)N=C1NCC3CCN(CC3)C4=NC=NC5=C4C=CN5 s_27__16803670__210463,11,0.116504854368932,0.1928374655647383,8,0,1,0
N#CC1=C2CCCCC2=CN=C1NCC3CCN(CC3)C4=NC=NC5=C4C=CN5 s_27__16803670__27424172,11,0.116504854368932,0.1965811965811965,9,0,0,0
N#CC1=C2CCCCC2=NN=C1NCC3CCN(CC3)C4=NC=NC5=C4C=CN5 s_27__16803670__15704084,10,0.116504854368932,0.2005420054200542,8,0,0,0
O=C(NCCN1CCN(CC1)C2=NC=NC3=CC=NN23)C4CCCN5C4=NC=C5 m_276450__18755804__27794386__28204284,11,0.116504854368932,0.170028818443804,8,0,1,1
O=C(NCCC1CCN(CC1)C2=CC=NC3=NC=CN23)C4=C5CCCCN5C=C4 m_276450__14193098__14206410__28204368,10,0.116504854368932,0.1693548387096774,8,0,0,1
CC1CCCC=C1C(=O)N2CC[C@@H](C2)N3CCN(CC3)C4=CC=NC5=NC=NN45 m_276450__27869474__27795172__18783450,12,0.116504854368932,0.2753164556962025,7,0,3,2
CC1CCCC=C1C(=O)N2CC[C@H](C2)N3CCN(CC3)C4=CC=NC5=NC=NN45 m_276450__27869470__27795172__18783450,12,0.116504854368932,0.2753164556962025,7,0,3,2
CC1CCCC=C1C(=O)N2CC[C@H](C2)N3CCN(CC3)C4=NC=NN5C4=CC=C5 m_276450__27869470__27795172__18941674,12,0.116504854368932,0.2987421383647798,7,0,3,2
[N-]=[N+]=N[C@H]1CCCC[C@H]1C(=O)NCCN2CCN(CC2)C3=CC=NC4=NC=CN34 m_276450__18755804__27784696__28204368,9,0.1153846153846153,0.2302405498281786,7,0,1,0
[N-]=[N+]=N[C@H]1CCCC[C@H]1C(=O)NCCN2CCN(CC2)C3=NC=CC4=CN=CN34 m_276450__18755804__27784696__28204286,10,0.1153846153846153,0.1877133105802047,8,0,1,0
[N-]=[N+]=N[C@H]1CCCC[C@H]1C(=O)NCCN2CCN(CC2)C3=NC=NC4=CC=NN34 m_276450__18755804__27784696__28204284,11,0.1153846153846153,0.1862745098039215,9,0,1,0
CCC1=C(CCCO1)C(=O)NCCC2CCN(CC2)C3=CC=NC4=CC=NN34 m_276450__14193098__27791440__28201460,11,0.1153846153846153,0.2245508982035928,8,0,1,0
O=C(NC1CCN(CC1)C2=CC=NC3=CC=NN23)C4=C(C5=C(C=C4)CCCC5)O m_276450__14192934__27800458__28201460,12,0.1153846153846153,0.1763085399449036,8,0,2,1
O=C(NCCN1CCN(CC1)C2=NC=NN3C2=CC=C3)C4CCOCC45CCC5 m_276450__18755804__27783116__18941674,12,0.1153846153846153,0.240506329113924,8,0,2,1
O=C(NCCC1CCN(CC1)C2=NC=CC3=CN=CN23)C4CCCC5=NC=NN45 m_276450__14193098__18783510__28204286,12,0.1153846153846153,0.1657608695652173,9,0,1,1
O=C(NCCN1CCN(CC1)C2=CC=NC3=NC=CN23)C4CCCN5C4=NN=C5 m_276450__18755804__18783872__28204368,10,0.1153846153846153,0.2046783625730994,7,0,1,0
O=C(NCCC1CCN(CC1)C2=CC=NC3=NC=NN23)C4=C5CCCCN5C=C4 m_276450__14193098__14206410__18783450,11,0.1153846153846153,0.1744791666666666,9,0,0,1
O=C(NCCC1CCN(CC1)C2=NC=CC3=CN=CN23)C4=C5CCCCC5=CO4 m_276450__14193098__14201254__28204286,12,0.1153846153846153,0.1675977653631284,9,0,1,1
O=C(NCCC1CCN(CC1)C2=NC=NN3C2=CC=C3)C4=C5CCCCN5N=N4 m_276450__14193098__27785320__18941674,12,0.1153846153846153,0.1904761904761904,10,0,0,0
O=C(C1=C(CCOC1)Cl)N2CC[C@H](C2)N3CCN(CC3)C4=NC=CC5=CN=CN45 m_276450__27869470__27794768__28204286,11,0.1153846153846153,0.2564102564102564,8,0,1,2
CCN1CCOCC1CC(=O)NCCN2CCN(CC2)C3=NC=CC4=CN=CN34 m_276450__18755804__27786920__28204286,12,0.1142857142857142,0.1677631578947368,9,0,2,0
NC1=C(C=CC2=C1CCCC2)C(=O)NC3CCN(CC3)C4=C5N=CN=C5N=CN4 s_22__3225174__21057206,12,0.1142857142857142,0.2114285714285714,9,0,1,1
O=C(NC1CCN(CC1)C2=C3N=CN=C3N=CN2)C4=C(C5=C(C=C4)CCCC5)O s_22__3225174__8750606,12,0.1142857142857142,0.1972222222222222,8,0,2,1
CN(CCC1CCN(CC1)C2=NC=NN3C2=NC=C3)C(=O)C4CCCCN4C m_276450__14193134__14206930__28202336,12,0.1134020618556701,0.2118055555555555,10,0,0,0
CCC1=C(CCCO1)C(=O)NCCC2CCN(CC2)C3=NC=NC4=CC=NN34 m_276450__14193098__27791440__28204284,12,0.1132075471698113,0.2042682926829268,9,0,1,0
C[C@H](CN1CCN(CC1)C2=NC=NN3C2=NC=C3)NC(=O)[C@H]4CCCC[C@H]4N=[N+]=[N-] m_276450__27871500__27784696__28202336,12,0.1132075471698113,0.2112211221122112,9,0,1,1
NC1=C(C=CC2=C1CCCC2)C(=O)NC3CCN(CC3)C4=NC=NN5C4=CC=C5 m_276450__14192934__27783490__18941674,12,0.1132075471698113,0.2084507042253521,9,0,1,1
C1=NC2=NC=NC2=C(N1)N3CCC(CC3)NCC4=CC=C5CCCCC5=C4 s_270004__23845418__10429812,10,0.1122448979591836,0.1777108433734939,8,0,0,2
O=C(C=C1CCCCC1)N2CC[C@H](C2)N3CCN(CC3)C4=CC=NC5=NC=NN45 m_276450__27869470__14200008__18783450,12,0.1122448979591836,0.2597402597402597,9,0,1,1
CN1CCCCC1C(=O)N2CCC3(CC2)CCN(CC3)C4=CC=NC5=NC=CN45 m_276450__18955116__14206930__28204368,11,0.1122448979591836,0.2194244604316546,8,0,1,1
CN1CCCCC1C(=O)N2CCC3(CC2)CCN(CC3)C4=CC=NC5=NC=NN45 m_276450__18955116__14206930__18783450,12,0.1122448979591836,0.2203389830508474,9,0,1,1
CN1CCCC[C@@H]1C(=O)N2CCC3(CC2)CCN(CC3)C4=CC=NC5=NC=CN45 m_276450__18955116__18957698__28204368,11,0.1122448979591836,0.2194244604316546,8,0,1,1
CN1CCCC[C@@H]1C(=O)N2CCC3(CC2)CCN(CC3)C4=NC=CC5=CN=CN45 m_276450__18955116__18957698__28204286,12,0.1122448979591836,0.1899641577060931,9,0,1,1
CN1CCCC[C@H]1C(=O)N2CCC3(CC2)CCN(CC3)C4=CC=NC5=NC=NN45 m_276450__18955116__14206714__18783450,12,0.1122448979591836,0.2203389830508474,9,0,1,1
[N-]=[N+]=N[C@H]1CCCC[C@H]1C(=O)NCCN2CCN(CC2)C3=NC=NN4C3=CC(=C4)Cl m_276450__18755804__27784696__28202766,11,0.1121495327102803,0.2462462462462462,8,0,1,1
CC1=NC2=NC=CN2C(=C1)N3CCC(CC3)CCNC(=O)[C@H]4CCCC[C@H]4N=[N+]=[N-] m_276450__14193098__27784696__28204332,11,0.1121495327102803,0.1993464052287581,8,0,1,1
NC1=NC2=C(C=C1C(=O)NC3CCN(CC3)C4=C5N=CN=C5N=CN4)CCCC2 s_22__3225174__16783538,11,0.1121495327102803,0.181592039800995,8,0,1,1
N#CC1=CC2=C(CCSC2)N=C1NCC3CCN(CC3)C4=NC=NC5=C4C=CN5 s_27__16803670__17068690,12,0.1121495327102803,0.185378590078329,9,0,1,0
CN(CCC1CCN(CC1)C2=CC=NC3=NC=CN23)C(=O)[C@@H]4CCCCN4C m_276450__14193134__14206714__28204368,10,0.1111111111111111,0.2194244604316546,8,0,0,0
CN(CCC1CCN(CC1)C2=CC=NC3=NC=NN23)C(=O)[C@@H]4CCCCN4C m_276450__14193134__14206714__18783450,11,0.1111111111111111,0.2203389830508474,9,0,0,0
CN(CCC1CCN(CC1)C2=NC=CC3=CN=CN23)C(=O)C4CCCCN4C m_276450__14193134__14206930__28204286,11,0.1111111111111111,0.1899641577060931,9,0,0,0
CN(CCC1CCN(CC1)C2=NC=NC3=CC=NN23)C(=O)[C@H]4CCCCN4C m_276450__14193134__18957698__28204284,12,0.1111111111111111,0.1903114186851211,10,0,0,0
CN(CCC1CCN(CC1)C2=NC=NN3C2=CC=C3)C(=O)[C@H]4CCCCN4C m_276450__14193134__18957698__18941674,11,0.1111111111111111,0.2441471571906354,9,0,0,0
C[C@H](CN1CCN(CC1)C2=NC=NC3=CC=NN23)NC(=O)[C@H]4CCCC[C@H]4N=[N+]=[N-] m_276450__27871500__27784696__28204284,12,0.1111111111111111,0.1862745098039215,9,0,1,1
O=C(NC1=CC2=C(CCCC2)N=C1Cl)C3CCN(CC3)C4=CN=CC5=NN=NN45 s_11__25823018__14916382,12,0.1111111111111111,0.1974358974358974,9,0,1,1
O=C1NC2=C(C=C1NC(=O)N3CCN(CC3)C4=C5C=CN=C5NC=N4)CCCC2 s_2430__11680994__22577650,10,0.1111111111111111,0.273224043715847,6,0,2,1
O=C1NC2=C(C=C1NC(=O)N3CCN(CC3)C4=CN=CC5=NC=NN45)CCCC2 s_2430__11680994__9417634,11,0.1111111111111111,0.2439024390243902,7,0,2,1
O=C1NC2=C(C=C1NC(=O)N3CCN(CC3)C4=CN=CC5=NN=NN45)CCCC2 s_2430__11680994__18364008,12,0.1111111111111111,0.2351351351351351,8,0,2,1
O=C1NC2=C(C=C1C(=O)NC3CCN(CC3)C4=CC=NC5=CC=NN45)CCCC2 m_276450__14192934__14201516__28201460,12,0.1111111111111111,0.2256267409470752,8,0,2,1
O=C(C=C1CCCCC1)N2CC[C@@H](C2)N3CCN(CC3)C4=NC=NN5C4=CC=C5 m_276450__27869474__14200008__18941674,12,0.1111111111111111,0.2838709677419355,9,0,1,1
O=C(CC1=CCCCC1)N2CC[C@H](C2)N3CCN(CC3)C4=CC=NC5=CC=NN45 m_276450__27869470__14200074__28201460,12,0.1111111111111111,0.2531645569620253,9,0,1,1
O=C(NC1CCN(CC1)C2=CC=NC3=NC=CN23)C4=CC5=C(C=C4F)NCCC5 m_276450__14192934__27781052__28204368,12,0.110091743119266,0.2034883720930232,9,0,1,1
O=C(CN1CCOCC1=O)NCCN2CCN(CC2)C3=CC=NC4=NC=CN34 m_276450__18755804__14206022__28204368,11,0.11,0.1748251748251748,9,0,0,0
O=C(CN1CCOCC1=O)NCCN2CCN(CC2)C3=CC=NC4=NC=NN34 m_276450__18755804__14206022__18783450,12,0.11,0.1688311688311688,10,0,0,0
CCOC1=CC=CC(=N1)N2CCC(CC2)NCC3=C(C4=C(C=C3)CCCC4)O s_270004__23844396__24596084,11,0.11,0.1818181818181818,5,1,3,1
CN1CCCCC1C(=O)N2CC[C@@H](C2)N3CCN(CC3)C4=CC=NC5=CC=NN45 m_276450__27869474__14206930__28201460,11,0.11,0.2343234323432343,8,0,1,2
CN1CCCCC1C(=O)N2CC[C@@H](C2)N3CCN(CC3)C4=NC=NN5C4=NC=C5 m_276450__27869474__14206930__28202336,12,0.11,0.2244897959183673,9,0,1,2
CN1CCCC[C@@H]1C(=O)N2CC[C@H](C2)N3CCN(CC3)C4=NC=NN5C4=NC=C5 m_276450__27869470__18957698__28202336,12,0.11,0.2244897959183673,9,0,1,2
CN1CCCC[C@H]1C(=O)N2CC[C@H](C2)N3CCN(CC3)C4=NC=NN5C4=NC=C5 m_276450__27869470__14206714__28202336,12,0.11,0.2244897959183673,9,0,1,2
CCN(CC1CCN(CC1)C2=CC=NC3=CC=NN23)C(=O)C4CCCCN4C m_276450__14193364__14206930__28201460,12,0.11,0.2222222222222222,9,0,1,0
CN1CCCCC1CC(=O)NCCC2CCN(CC2)C3=CC=NC4=CC=NN34 m_276450__14193098__27801120__28201460,12,0.1089108910891089,0.1821192052980132,8,0,2,0
O=C1NC2=C(C=C1C(=O)NC3CCN(CC3)C4=C5N=CN=C5N=CN4)CCCC2 s_22__3225174__4555110,12,0.1089108910891089,0.2387640449438202,8,0,2,1
O=C1NC2=C(C=C1C(=O)NC3CCN(CC3)C4=CC=NC5=NC=CN45)CCCC2 m_276450__14192934__14201516__28204368,11,0.1089108910891089,0.2287390029325513,7,0,2,1
O=C(NCCC1CCN(CC1)C2=CC=NC3=NC=CN23)C4CCCC5N4CCC5 m_276450__14193098__14204648__28204368,11,0.1089108910891089,0.2163120567375886,8,0,1,2
O=C(NCCC1CCN(CC1)C2=NC=NN3C2=CC=C3)C4CCCC5N4CCC5 m_276450__14193098__14204648__18941674,12,0.1089108910891089,0.2409240924092409,9,0,1,2
O=C(CC1=CCCCC1)N2CC[C@@H](C2)N3CCN(CC3)C4=CC=NC5=NC=NN45 m_276450__27869474__14200074__18783450,12,0.1089108910891089,0.2547770700636942,9,0,1,1
N#CC1=CC=CC=C1N2CCC(CC2)NCC3=C(C4=C(C=C3Br)OCCO4)Cl s_207__21548606__26990598,12,0.1078431372549019,0.1823899371069182,9,0,1,1
C1=CC2=C(N1)N=CN=C2N3CCC(CC3)CNC4=NC=C5COCCC5=N4 s_27__16803670__14591802,12,0.1078431372549019,0.1700879765395894,10,0,0,0
O=C(CC1=CCCCC1)N2CC[C@H](C2)N3CCN(CC3)C4=NC=CC5=CN=CN45 m_276450__27869470__14200074__28204286,12,0.1078431372549019,0.2289562289562289,9,0,1,1
CN1CCCCC1C(=O)N2CC[C@@H](C2)N3CCN(CC3)C4=CC=NC5=NC=NN45 m_276450__27869474__14206930__18783450,11,0.1078431372549019,0.2358803986710963,8,0,1,2
CN1CCCCC1C(=O)N2CC[C@@H](C2)N3CCN(CC3)C4=NC=NC5=CC=NN45 m_276450__27869474__14206930__28204284,12,0.1078431372549019,0.1993243243243243,9,0,1,2
CN1CCCCC1C(=O)N2CC[C@H](C2)N3CCN(CC3)C4=NC=NN5C4=CC=C5 m_276450__27869470__14206930__18941674,11,0.1078431372549019,0.2631578947368421,8,0,1,2
CN1CCCC[C@@H]1C(=O)N2CC[C@@H](C2)N3CCN(CC3)C4=NC=CC5=CN=CN45 m_276450__27869474__18957698__28204286,11,0.1078431372549019,0.2014134275618374,8,0,1,2
CN1CCCC[C@@H]1C(=O)N2CC[C@H](C2)N3CCN(CC3)C4=CC=NC5=NC=NN45 m_276450__27869470__18957698__18783450,11,0.1078431372549019,0.2358803986710963,8,0,1,2
CN1CCCC[C@@H]1C(=O)N2CC[C@H](C2)N3CCN(CC3)C4=NC=CC5=CN=CN45 m_276450__27869470__18957698__28204286,11,0.1078431372549019,0.2014134275618374,8,0,1,2
CN1CCCC[C@@H]1C(=O)N2CC[C@H](C2)N3CCN(CC3)C4=NC=NN5C4=CC=C5 m_276450__27869470__18957698__18941674,11,0.1078431372549019,0.2631578947368421,8,0,1,2
CN1CCCC[C@H]1C(=O)N2CC[C@@H](C2)N3CCN(CC3)C4=CC=NC5=NC=CN45 m_276450__27869474__14206714__28204368,10,0.1078431372549019,0.2455516014234875,7,0,1,2
CN1CCCC[C@H]1C(=O)N2CC[C@@H](C2)N3CCN(CC3)C4=NC=NC5=CC=NN45 m_276450__27869474__14206714__28204284,12,0.1078431372549019,0.1993243243243243,9,0,1,2
CCN(CC1CCN(CC1)C2=CC=NC3=NC=CN23)C(=O)[C@H]4CCCCN4C m_276450__14193364__18957698__28204368,11,0.1078431372549019,0.2310469314079422,8,0,1,0
CCN(CC1CCN(CC1)C2=NC=CC3=CN=CN23)C(=O)C4CCCCN4C m_276450__14193364__14206930__28204286,12,0.1078431372549019,0.2014388489208633,9,0,1,0
CCN(CC1CCN(CC1)C2=NC=NN3C2=CC=C3)C(=O)C4CCCCN4C m_276450__14193364__14206930__18941674,12,0.1078431372549019,0.2541806020066889,9,0,1,0
CCN1CCCCC1C(=O)NCCC2CCN(CC2)C3=NC=NN4C3=CC=C4 m_276450__14193098__14205232__18941674,11,0.1067961165048543,0.2441471571906354,8,0,1,0
O=CN1CCOCC1C(=O)NCCN2CCN(CC2)C3=CC=NC4=NC=CN34 m_276450__18755804__27784776__28204368,10,0.1067961165048543,0.2040816326530612,8,0,0,1
CN1CCCCC1CC(=O)NCCC2CCN(CC2)C3=NC=NN4C3=CC=C4 m_276450__14193098__27801120__18941674,12,0.1067961165048543,0.2138157894736842,8,0,2,0
O=C(CN1C(=O)C2CCCCC2C1=O)N3CCN(CC3)C4=CN=CC5=NC=NN45 s_527__9417630__156526,11,0.1063829787234042,0.2207792207792207,7,0,2,0
O=C(CN1C(=O)C2CCCCC2C1=O)N3CCN(CC3)C4=CN=CC5=NN=NN45 s_527__18364004__156526,12,0.1063829787234042,0.2051282051282051,8,0,2,0
CC1=NC2=CC=CC=C2C=C1CNC3CCN(CC3)C4=C5N=CN=C5N=CN4 s_270004__23845418__17632470,12,0.1057692307692307,0.1676470588235294,7,0,4,1
COCC1=C(C=C(C(=C1C)CNC2CCN(CC2)C3=C4N=CN=C4N=CN3)C)C s_270004__23845418__12905998,11,0.1057692307692307,0.1722054380664652,10,0,0,2
C1=NC2=NC=NC2=C(N1)N3CCC(CC3)NCC4=CC=C5CCCOC5=C4 s_270004__23845418__24173844,11,0.1057692307692307,0.1690140845070422,9,0,0,2
C1=NC2=NC=NC2=C(N1)N3CCC(CC3)NCC4=CC=C5OCCCC5=C4 s_270004__23845418__13262986,11,0.1057692307692307,0.1828571428571428,9,0,0,2
CCCCN1CCCCC1C(=O)NCCC2CCN(CC2)C3=CC=NC4=NC=NN34 m_276450__14193098__28192490__18783450,12,0.1057692307692307,0.2203389830508474,9,0,1,1
O=C(CN1C(=O)C2CCCCC2C1=O)N3CCN(CC3)C4=C5C=CN=C5NC=N4 s_11__22168874__54031,10,0.1052631578947368,0.2724252491694352,6,0,2,0
C=CN1N=NC=C1C(=O)N2CCC(CC2)CCNC(=O)[C@H]3CCCC[C@H]3N=[N+]=[N-] m_275592__14114834__18923578__25326696,12,0.1047619047619047,0.1627118644067796,9,0,1,1
O=C(NCCN1CCN(CC1)C2=CC=NC3=NC=CN23)C4COCCN4CC(F)F m_276450__18755804__14205390__28204368,12,0.1037735849056603,0.2,9,0,1,0
CCCN1CCCCC1C(=O)NCC(C)N2CCN(CC2)C3=CC=NC4=NC=CN34 m_276450__27870786__27809982__28204368,10,0.1037735849056603,0.24,7,0,1,1
O=C(C1=C(C2=C(C=C1Br)OCCO2)Cl)N3CCN(CC3)C4=C5C=CN=C5NC=N4 s_22__15608426__26978044,12,0.1037735849056603,0.2026666666666666,9,0,1,0
O=C(NCCC1CCN(CC1)C2=NC=CC3=CN=CN23)C4CCCC5=C4N=CS5 m_276450__14193098__27786258__28204286,11,0.1037735849056603,0.1777777777777777,8,0,1,1
CN(CCC1CCN(CC1)C2=CC=NC3=NC=CN23)C(=O)CC4CCCCC4 m_276450__14193134__14199844__28204368,12,0.1030927835051546,0.1834532374100719,8,0,2,0
CCCOC1=CC=C(C(=C1)C)CNC2CCN(CC2)C3=C4N=CN=C4N=CN3 s_270004__23845418__11986782,11,0.102803738317757,0.1761194029850746,9,0,0,2
N#CC1=CC2=C(CCOC2)N=C1NCC3CCN(CC3)C4=NC=NC5=C4C=CN5 s_27__16803670__10688934,12,0.102803738317757,0.179419525065963,9,0,1,0
N#CC1=CC2=C(COCC2)N=C1NCC3CCN(CC3)C4=NC=NC5=C4C=CN5 m_27__16803670__15704064,12,0.102803738317757,0.1842105263157894,9,0,1,0
CC(CC1CCCCC1)C(=O)NCC2CCN(CC2)C3=CC=NC4=CC=NN34 m_276450__14192936__14203192__28201460,12,0.1020408163265306,0.1891891891891892,8,0,2,0
CCOC1=CC=CC(=N1)N2CCC(CC2)NCC3=CC4=C(C=C3C)OCCO4 s_207__26105178__27080120,12,0.1020408163265306,0.1809523809523809,7,1,2,1
CC1CCCCC1C(=O)N(C)CCC2CCN(CC2)C3=NC=NN4C3=NC=C4 m_276450__14193134__14202220__28202336,12,0.1020408163265306,0.181184668989547,9,0,1,0
CC1CCCCC1C(=O)N2CCC3(CC2)CCN(CC3)C4=CC=NC5=NC=NN45 m_276450__18955116__14202220__18783450,12,0.1020408163265306,0.1898305084745762,8,0,2,1
CCCOC1=CC=C(C(=C1)O)CNC2CCN(CC2)C3=C4N=CN=C4N=CN3 s_270004__23845418__7548594,12,0.1018518518518518,0.1796407185628742,9,0,1,2
CN(CCC1CCN(CC1)C2=CC=NC3=CC=NN23)C(=O)C4CCCCC4F m_276450__14193134__27781992__28201460,11,0.101010101010101,0.1764705882352941,8,0,1,0
CN(CCC1CCN(CC1)C2=CC=NC3=CC=NN23)C(=O)C4CCCCC4O m_276450__14193134__27808288__28201460,11,0.101010101010101,0.1776315789473684,8,0,1,0
CN(CCC1CCN(CC1)C2=NC=NN3C2=NC=C3)C(=O)[C@H]4CCCC[C@H]4O m_276450__14193134__27785808__28202336,12,0.101010101010101,0.1836734693877551,9,0,1,0
CCOC1=CC=CC(=N1)N2CCC(CC2)NCC3=C(C(=C(C=C3C)C)COC)C s_270004__23844396__12905998,12,0.101010101010101,0.1757188498402556,7,1,2,2
C[C@H](CC1CCCCC1)C(=O)NCC2CCN(CC2)C3=NC=CC4=CN=CN34 m_276450__14192936__14201338__28204286,12,0.1,0.1654676258992805,8,0,2,0
CC1CCCCC1C(=O)N(C)CCC2CCN(CC2)C3=NC=NC4=CC=NN34 m_276450__14193134__14202220__28204284,12,0.1,0.1557093425605536,9,0,1,0
C1=NC2=NC=NC2=C(N1)N3CCC(CC3)NCC4=CC=C5OCCOC5=C4 s_270004__23845418__7454720,12,0.1,0.1804733727810651,10,0,0,2
O=C(NC1=CN=C2C=CC=CN2C1=O)N3CCN(CC3)C4=CN=CC5=NC=NN45 s_2430__22529678__9417634,12,0.1,0.2559366754617414,5,0,5,1
CC1CCCCC1C(=O)N2CC[C@@H](C2)N3CCN(CC3)C4=CC=NC5=CC=NN45 m_276450__27869474__14202220__28201460,11,0.1,0.2284768211920529,7,0,2,2
CCC1CCCCC1C(=O)NCCC2CCN(CC2)C3=CC=NC4=CC=NN34 m_276450__14193098__14201692__28201460,11,0.099009900990099,0.1784511784511784,7,0,2,0
CN(CCC1CCN(CC1)C2=CC=NC3=NC=CN23)C(=O)[C@H]4CCCC[C@H]4O m_276450__14193134__27785808__28204368,10,0.099009900990099,0.1783216783216783,7,0,1,0
CN(CCC1CCN(CC1)C2=CC=NC3=NC=NN23)C(=O)C4CCCCC4O m_276450__14193134__27808288__18783450,11,0.099009900990099,0.1893687707641196,8,0,1,0
CN(CCC1CCN(CC1)C2=NC=CC3=CN=CN23)C(=O)[C@@H]4CCCC[C@H]4O m_276450__14193134__27798274__28204286,11,0.099009900990099,0.1533101045296167,8,0,1,0
CN(CCC1CCN(CC1)C2=NC=NC3=CC=NN23)C(=O)C4CCCCC4F m_276450__14193134__27781992__28204284,12,0.099009900990099,0.1543624161073825,9,0,1,0
CN(CCC1CCN(CC1)C2=NC=NC3=CC=NN23)C(=O)[C@@H]4CCCC[C@H]4O m_276450__14193134__27798274__28204284,12,0.099009900990099,0.1559322033898305,9,0,1,0
CN(CCC1CCN(CC1)C2=NC=NN3C2=CC=C3)C(=O)C4CCCCC4O m_276450__14193134__27808288__18941674,11,0.099009900990099,0.2098360655737705,8,0,1,0
O=C(NC1=CN=C2C=CC=CN2C1=O)N3CCN(CC3)C4=C5C=CN=C5NC=N4 s_2430__22529678__22577650,11,0.099009900990099,0.2876344086021505,4,0,5,1
CCN(CC1CCN(CC1)C2=CC=NC3=CC=NN23)C(=O)C4CCCCC4F m_276450__14193364__27781992__28201460,12,0.099009900990099,0.1868852459016393,8,0,2,0
CCN(CC1CCN(CC1)C2=CC=NC3=CC=NN23)C(=O)C4CCCCC4O m_276450__14193364__27808288__28201460,12,0.099009900990099,0.1881188118811881,8,0,2,0
CC1=CC2=C(C=C1CNC3CCN(CC3)C4=C5N=CN=C5N=CN4)OCCO2 s_207__26103832__27080120,11,0.0980392156862745,0.1812865497076023,10,0,0,1
OC1=C(C=CC2=C1CCCC2)CNC3CCN(CC3)C4=C5N=CN=C5N=CN4 s_270004__23845418__24596084,10,0.0980392156862745,0.1771428571428571,8,0,1,1
CCOC1=CC=CC(=N1)N2CCC(CC2)NCC3=C(C4=C(C=C3)CNCC4)C s_271302__25707162__25926038,12,0.0980392156862745,0.175,7,1,2,1
COC1=CC=CC(=C1)N2CCC(CC2)NCC3=C(C4=C(C=C3Br)OCCO4)Cl s_207__2206506__26990598,12,0.0980392156862745,0.1783439490445859,8,1,1,1
COC1=CC(=C(C=C1OC)CNC2CCN(CC2)C3=C4N=CN=C4N=CN3)C s_270004__23845418__7549262,12,0.0980392156862745,0.1732522796352583,10,0,0,3
C1=NC2=NC=NC2=C(N1)N3CCC(CC3)NCC4=CC=C5CCNCC5=C4 s_271302__25409304__11953826,11,0.0980392156862745,0.1656626506024096,9,0,0,2
C1=NC2=NC=NC2=C(N1)N3CCC(CC3)NCC4=CC=C5CNCCC5=C4 s_271302__25409304__15423092,11,0.0980392156862745,0.1676646706586826,9,0,0,2
CC1CCCCC1C(=O)N2CC[C@@H](C2)N3CCN(CC3)C4=CC=NC5=NC=NN45 m_276450__27869474__14202220__18783450,11,0.0980392156862745,0.2292358803986711,7,0,2,2
CC1CCCCC1C(=O)N2CC[C@H](C2)N3CCN(CC3)C4=NC=CC5=CN=CN45 m_276450__27869470__14202220__28204286,11,0.0980392156862745,0.1943462897526501,7,0,2,2
CC1CCCCC1C(=O)N2CC[C@H](C2)N3CCN(CC3)C4=NC=NN5C4=CC=C5 m_276450__27869470__14202220__18941674,11,0.0980392156862745,0.2574257425742574,7,0,2,2
CCN(CC1CCN(CC1)C2=NC=NN3C2=CC=C3)C(=O)C4CCCCC4C m_276450__14193364__14202220__18941674,12,0.0980392156862745,0.2214765100671141,8,0,2,0
CCC1CCCCC1C(=O)NCCC2CCN(CC2)C3=CC=NC4=NC=NN34 m_276450__14193098__14201692__18783450,11,0.0970873786407767,0.1898305084745762,7,0,2,0
CC(CN1CCOCC1)C(=O)NCC2CCN(CC2)C3=CC=NC4=NC=CN34 m_276450__14192936__14204274__28204368,12,0.0970873786407767,0.1855670103092783,9,0,1,0
CC(OC1CCCCC1)C(=O)NCC2CCN(CC2)C3=NC=NN4C3=CC=C4 m_276450__14192936__27800512__18941674,12,0.0970873786407767,0.2049689440993788,8,0,2,0
C1=NC2=NC=NC2=C(N1)N3CCC(CC3)NCC4=CC=C5CCOCC5=C4 s_270004__23845418__14589964,11,0.0970873786407767,0.16,9,0,0,2
C1=NC2=NC=NC2=C(N1)N3CCC(CC3)NCC4=CC=C5COCCC5=C4 s_270004__23845418__13907236,11,0.0970873786407767,0.1657142857142857,9,0,0,2
CCN(CC1CCN(CC1)C2=CC=NC3=NC=CN23)C(=O)C4CCCCC4F m_276450__14193364__27781992__28204368,11,0.0970873786407767,0.1929824561403508,7,0,2,0
CCN(CC1CCN(CC1)C2=CC=NC3=NC=CN23)C(=O)[C@H]4CCCC[C@H]4O m_276450__14193364__27785808__28204368,11,0.0970873786407767,0.1894736842105263,7,0,2,0
CCN(CC1CCN(CC1)C2=CC=NC3=NC=NN23)C(=O)[C@H]4CCCC[C@@H]4O m_276450__14193364__27784680__18783450,12,0.0970873786407767,0.2,8,0,2,0
CCN(CC1CCN(CC1)C2=NC=CC3=CN=CN23)C(=O)C4CCCCC4F m_276450__14193364__27781992__28204286,12,0.0970873786407767,0.1643356643356643,8,0,2,0
CCN(CC1CCN(CC1)C2=NC=CC3=CN=CN23)C(=O)C4CCCCC4O m_276450__14193364__27808288__28204286,12,0.0970873786407767,0.1643356643356643,8,0,2,0
CCN(CC1CCN(CC1)C2=NC=NN3C2=CC=C3)C(=O)C4CCCCC4O m_276450__14193364__27808288__18941674,12,0.0970873786407767,0.2196721311475409,8,0,2,0
CC1=C(C=CC2=C1CCNC2)CNC3CCN(CC3)C4=C5N=CN=C5N=CN4 s_271302__25409304__25926038,11,0.0961538461538461,0.1736526946107784,10,0,0,1
COC1CCCCC1C(=O)NCCC2CCN(CC2)C3=CC=NC4=NC=CN34 m_276450__14193098__14206084__28204368,10,0.0961538461538461,0.1802721088435374,7,0,1,0
CO[C@H]1CCCC[C@@H]1C(=O)NCCC2CCN(CC2)C3=NC=CC4=CN=CN34 m_276450__14193098__27790956__28204286,11,0.0961538461538461,0.1559322033898305,8,0,1,0
CO[C@H]1CCCC[C@H]1C(=O)NCCC2CCN(CC2)C3=CC=NC4=NC=CN34 m_276450__14193098__27782064__28204368,10,0.0961538461538461,0.1802721088435374,7,0,1,0
CO[C@H]1CCCC[C@H]1C(=O)NCCC2CCN(CC2)C3=NC=CC4=CN=CN34 m_276450__14193098__27782064__28204286,11,0.0961538461538461,0.1559322033898305,8,0,1,0
C[C@H]1OCCC[C@H]1C(=O)N(C)CCC2CCN(CC2)C3=NC=NN4C3=CC=C4 m_276450__14193134__27788150__18941674,12,0.0961538461538461,0.2197452229299363,9,0,1,0
CN(CCC1CCN(CC1)C2=CC=NC3=CC=NN23)C(=O)[C@H]4CCCC[C@H]4N=[N+]=[N-] m_276450__14193134__27784696__28201460,12,0.0961538461538461,0.1897106109324758,9,0,1,0
O=C(CC1=CCOCC1)N2CC[C@@H](C2)N3CCN(CC3)C4=CC=NC5=NC=CN45 m_276450__27869474__14202374__28204368,12,0.0961538461538461,0.2688524590163934,9,0,1,1
CC1=C(C=CC2=C1OCCO2)CNC3CCN(CC3)C4=C5N=CN=C5N=CN4 s_270004__23845418__24721074,12,0.0952380952380952,0.1820809248554913,11,0,0,1
O=C(NCCC1CCN(CC1)C2=CC=NC3=NC=NN23)C4CCCC5=C4N=CN5 m_276450__14193098__20152074__18783450,11,0.0952380952380952,0.1937321937321937,8,0,1,1
O=C(NCCC1CCN(CC1)C2=NC=NC3=CC=NN23)C4CCCC5=C4N=CN5 m_276450__14193098__20152074__28204284,12,0.0952380952380952,0.1647398843930635,9,0,1,1
C1=NC2=NC=NC2=C(N1)N3CCC(CC3)NCC4=CC=C5CCCOC5=N4 s_207__26103832__28667332,12,0.0943396226415094,0.1662468513853904,10,0,0,1
O=C(NCCC1CCN(CC1)C2=NC=CC3=CN=CN23)C4CCCC5=C4N=CN5 m_276450__14193098__20152074__28204286,11,0.0943396226415094,0.1632047477744807,8,0,1,1
CC1OCCCC1C(=O)N2CC[C@H](C2)N3CCN(CC3)C4=NC=CC5=CN=CN45 m_276450__27869470__14200316__28204286,12,0.0943396226415094,0.2059800664451827,8,0,2,2
CC1OCCCC1C(=O)N2CC[C@H](C2)N3CCN(CC3)C4=NC=NN5C4=CC=C5 m_276450__27869470__14200316__18941674,12,0.0943396226415094,0.2633228840125391,8,0,2,2
C[C@H]1OCCC[C@H]1C(=O)N2CC[C@@H](C2)N3CCN(CC3)C4=NC=NN5C4=CC=C5 m_276450__27869474__27788150__18941674,12,0.0943396226415094,0.2633228840125391,8,0,2,2
CCN(CC1CCN(CC1)C2=CC=NC3=NC=CN23)C(=O)[C@H]4CCCO[C@H]4C m_276450__14193364__27788150__28204368,12,0.0943396226415094,0.2,8,0,2,0
O=C(CN1C(=O)[C@H]2CC=CC[C@H]2C1=O)N3CCN(CC3)C4=C5C=CN=C5NC=N4 s_11__22168874__10564384,12,0.09375,0.2806451612903226,6,0,4,0
O=C([C@H]1CCCC[C@@H]1O)N2CCC3(CC2)CCN(CC3)C4=CC=NC5=CC=NN45 m_276450__18955116__27784680__28201460,12,0.0927835051546391,0.1776315789473684,8,0,2,1
ClC1=NC2=C(C=C1CNC3CCN(CC3)C4=C5N=CN=C5N=CN4)COCC2 s_270004__23845418__15505518,10,0.0925925925925925,0.1515892420537897,9,0,0,1
O=C(NCCC1CCN(CC1)C2=CC=NC3=NC=CN23)C4=C5CCOCC5=CO4 m_276450__14193098__14205410__28204368,12,0.0925925925925925,0.181578947368421,9,0,1,1
O=C(C1CCCCC1O)N2CCC3(CC2)CCN(CC3)C4=CC=NC5=NC=CN45 m_276450__18955116__27808288__28204368,11,0.0909090909090909,0.1783216783216783,7,0,2,1
O=C(C1CCCCC1O)N2CCC3(CC2)CCN(CC3)C4=NC=NN5C4=CC=C5 m_276450__18955116__27808288__18941674,12,0.0909090909090909,0.2098360655737705,8,0,2,1
O=C([C@@H]1CCCC[C@H]1O)N2CCC3(CC2)CCN(CC3)C4=CC=NC5=NC=NN45 m_276450__18955116__27798274__18783450,12,0.0909090909090909,0.1893687707641196,8,0,2,1
O=C([C@@H]1CCCC[C@H]1O)N2CCC3(CC2)CCN(CC3)C4=NC=CC5=CN=CN45 m_276450__18955116__27798274__28204286,12,0.0909090909090909,0.1533101045296167,8,0,2,1
O=C([C@H]1CCCC[C@@H]1O)N2CCC3(CC2)CCN(CC3)C4=NC=CC5=CN=CN45 m_276450__18955116__27784680__28204286,12,0.0909090909090909,0.1533101045296167,8,0,2,1
O=C([C@H]1CCCC[C@H]1O)N2CCC3(CC2)CCN(CC3)C4=NC=NN5C4=CC=C5 m_276450__18955116__27785808__18941674,12,0.0909090909090909,0.2098360655737705,8,0,2,1
O=C(CC1CCCCC1)N2CC[C@@H](C2)N3CCN(CC3)C4=CC=NC5=NC=CN45 m_276450__27869474__14199844__28204368,12,0.09,0.2384341637010676,8,0,2,1
O=C(NC1CCN(CC1)C2=C3N=CN=C3N=CN2)C4=C(C5=C(CCNC5)N=C4)O s_240690__7402370__14390754,12,0.0892857142857142,0.1839378238341968,8,0,2,1
O=C(NCC1CCN(CC1)C2=CC=NC3=NC=CN23)C(O)CC4CCCCC4 m_276450__14192936__27805306__28204368,12,0.0891089108910891,0.1875,8,0,2,0
O=C(NCCC1CCN(CC1)C2=CC=NC3=NC=CN23)C4CCCCC4C5CC5 m_276450__14193098__14205338__28204368,11,0.0891089108910891,0.1834532374100719,7,0,2,1
O=C(NCCC1CCN(CC1)C2=CC=NC3=NC=NN23)C4CCCCC4C5CC5 m_276450__14193098__14205338__18783450,12,0.0891089108910891,0.1898305084745762,8,0,2,1
O=C(C=C1CCOCC1)N2CC[C@@H](C2)N3CCN(CC3)C4=CC=NC5=NC=CN45 m_276450__27869474__27813428__28204368,12,0.0891089108910891,0.2583892617449664,9,0,1,1
O=C(C1CCCCC1F)N2CC[C@@H](C2)N3CCN(CC3)C4=CC=NC5=CC=NN45 m_276450__27869474__27781992__28201460,11,0.0891089108910891,0.22508038585209,7,0,2,2
O=C(C1CCCCC1O)N2CC[C@@H](C2)N3CCN(CC3)C4=NC=NN5C4=NC=C5 m_276450__27869474__27808288__28202336,12,0.0891089108910891,0.2233333333333333,8,0,2,2
O=C(C1CCCCC1O)N2CC[C@H](C2)N3CCN(CC3)C4=CC=NC5=CC=NN45 m_276450__27869470__27808288__28201460,11,0.0891089108910891,0.2297734627831715,7,0,2,2
O=C([C@@H]1CCCC[C@H]1O)N2CC[C@@H](C2)N3CCN(CC3)C4=CC=NC5=CC=NN45 m_276450__27869474__27798274__28201460,11,0.0891089108910891,0.2297734627831715,7,0,2,2
O=C([C@@H]1CCCC[C@H]1O)N2CC[C@H](C2)N3CCN(CC3)C4=NC=NN5C4=NC=C5 m_276450__27869470__27798274__28202336,12,0.0891089108910891,0.2233333333333333,8,0,2,2
O=C([C@H]1CCCC[C@H]1O)N2CC[C@@H](C2)N3CCN(CC3)C4=CC=NC5=CC=NN45 m_276450__27869474__27785808__28201460,11,0.0891089108910891,0.2297734627831715,7,0,2,2
O=C1NC2CCC1CC2C(=O)NCCC3CCN(CC3)C4=CC=NC5=CC=NN45 m_276450__14193098__27782922__28201460,12,0.088235294117647,0.1785714285714285,8,0,2,1
O=C(CC1CCCNC1=O)NCCC2CCN(CC2)C3=CC=NC4=NC=CN34 m_276450__14193098__27782584__28204368,12,0.087378640776699,0.213768115942029,9,0,1,0
O=C(NCC1CCN(CC1)C2=CC=NC3=NC=CN23)C(=CC4CCCCC4)F m_276450__14192936__27789818__28204368,11,0.087378640776699,0.238095238095238,8,0,1,0
O=C(NCC1CCN(CC1)C2=CC=NC3=NC=NN23)C(=CC4CCCCC4)F m_276450__14192936__27789818__18783450,12,0.087378640776699,0.2411575562700964,9,0,1,0
CN(CCC1CCN(CC1)C2=CC=NC3=NC=CN23)C(=O)C4COCCN4C m_276450__14193134__14200248__28204368,11,0.087378640776699,0.2154882154882154,9,0,0,0
CN(CCC1CCN(CC1)C2=NC=NN3C2=CC=C3)C(=O)C4COCCN4C m_276450__14193134__14200248__18941674,12,0.087378640776699,0.2436708860759493,10,0,0,0
C[C@H]1OCCO[C@H]1C(=O)N(C)CCC2CCN(CC2)C3=CC=NC4=NC=CN34 m_276450__14193134__14206448__28204368,12,0.087378640776699,0.1887417218543046,9,0,1,0
O=C(NCCC1CCN(CC1)C2=CC=NC3=NC=CN23)C4CCCCC45CCC5 m_276450__14193098__18937568__28204368,11,0.087378640776699,0.1834532374100719,7,0,2,1
O=C(NCCC1CCN(CC1)C2=CC=NC3=NC=NN23)C4CCCN5C4=CC=N5 m_276450__14193098__14203920__18783450,12,0.087378640776699,0.1897018970189702,10,0,0,1
O=C(C1CCCCC1F)N2CC[C@@H](C2)N3CCN(CC3)C4=NC=NC5=CC=NN45 m_276450__27869474__27781992__28204284,12,0.087378640776699,0.1901639344262295,8,0,2,2
O=C(C1CCCCC1O)N2CC[C@@H](C2)N3CCN(CC3)C4=NC=NC5=CC=NN45 m_276450__27869474__27808288__28204284,12,0.087378640776699,0.195364238410596,8,0,2,2
O=C(C1CCCCC1O)N2CC[C@@H](C2)N3CCN(CC3)C4=NC=NN5C4=CC=C5 m_276450__27869474__27808288__18941674,11,0.087378640776699,0.2580645161290322,7,0,2,2
O=C([C@@H]1CCCC[C@H]1O)N2CC[C@@H](C2)N3CCN(CC3)C4=CC=NC5=NC=CN45 m_276450__27869474__27798274__28204368,10,0.087378640776699,0.2352941176470588,6,0,2,2
O=C([C@@H]1CCCC[C@H]1O)N2CC[C@@H](C2)N3CCN(CC3)C4=NC=NN5C4=CC=C5 m_276450__27869474__27798274__18941674,11,0.087378640776699,0.2580645161290322,7,0,2,2
O=C([C@@H]1CCCC[C@H]1O)N2CC[C@H](C2)N3CCN(CC3)C4=NC=CC5=CN=CN45 m_276450__27869470__27798274__28204286,11,0.087378640776699,0.1958762886597938,7,0,2,2
O=C([C@H]1CCCC[C@@H]1O)N2CC[C@H](C2)N3CCN(CC3)C4=CC=NC5=NC=NN45 m_276450__27869470__27784680__18783450,11,0.087378640776699,0.2312703583061889,7,0,2,2
O=C([C@H]1CCCC[C@@H]1O)N2CC[C@H](C2)N3CCN(CC3)C4=NC=NN5C4=CC=C5 m_276450__27869470__27784680__18941674,11,0.087378640776699,0.2580645161290322,7,0,2,2
O=C([C@H]1CCCC[C@H]1O)N2CC[C@@H](C2)N3CCN(CC3)C4=CC=NC5=NC=CN45 m_276450__27869474__27785808__28204368,10,0.087378640776699,0.2352941176470588,6,0,2,2
O=C([C@H]1CCCC[C@H]1O)N2CC[C@H](C2)N3CCN(CC3)C4=CC=NC5=NC=NN45 m_276450__27869470__27785808__18783450,11,0.087378640776699,0.2312703583061889,7,0,2,2
O=C([C@H]1CCCC[C@H]1O)N2CC[C@H](C2)N3CCN(CC3)C4=NC=NC5=CC=NN45 m_276450__27869470__27785808__28204284,12,0.087378640776699,0.195364238410596,8,0,2,2
O=C([C@H]1CCCC[C@H]1O)N2CC[C@H](C2)N3CCN(CC3)C4=NC=NN5C4=CC=C5 m_276450__27869470__27785808__18941674,11,0.087378640776699,0.2580645161290322,7,0,2,2
O=C(C[C@H]1CCCC[C@H]1F)NCCC2CCN(CC2)C3=CC=NC4=NC=CN34 m_276450__14193098__27781330__28204368,12,0.0865384615384615,0.1859649122807017,9,0,1,0
CC1CCOCC1C(=O)N(C)CCC2CCN(CC2)C3=CC=NC4=NC=CN34 m_276450__14193134__27782246__28204368,11,0.0865384615384615,0.1945392491467577,8,0,1,0
CC1CCOCC1C(=O)N(C)CCC2CCN(CC2)C3=NC=NN4C3=CC=C4 m_276450__14193134__27782246__18941674,12,0.0865384615384615,0.22508038585209,9,0,1,0
CN1CCOCC1C(=O)N2CC[C@H](C2)N3CCN(CC3)C4=CC=NC5=CC=NN45 m_276450__27869470__14200248__28201460,12,0.0865384615384615,0.2232704402515723,9,0,1,2
CC1CN2CCN1CC2C(=O)NCCC3CCN(CC3)C4=CC=NC5=NC=CN45 m_276450__14193098__27780752__28204368,12,0.0857142857142857,0.2183098591549295,9,0,1,0
O=C(NCCC1CCN(CC1)C2=NC=NC3=CC=NN23)C4CCCN5C4=NC=C5 m_276450__14193098__27794386__28204284,12,0.0857142857142857,0.1569767441860465,9,0,1,1
C[C@H]1OCCO[C@H]1C(=O)N2CC[C@@H](C2)N3CCN(CC3)C4=CC=NC5=NC=CN45 m_276450__27869474__14206448__28204368,12,0.0857142857142857,0.2327868852459016,8,0,2,2
BrC1=C(C=CC2=C1OCCO2)CNC3CCN(CC3)C4=C5N=CN=C5N=CN4 s_207__26103832__26940310,12,0.0849056603773584,0.1820728291316526,11,0,0,1
FC1=C(C=CC2=C1OCCO2)CNC3CCN(CC3)C4=C5N=CN=C5N=CN4 s_270004__23845418__16664914,12,0.0849056603773584,0.180281690140845,11,0,0,1
O=C(NCCC1CCN(CC1)C2=CC=NC3=NC=NN23)C4CCCN5C4=NN=C5 m_276450__14193098__18783872__18783450,12,0.0849056603773584,0.1864406779661017,9,0,1,0
O=C(NCCC1CCN(CC1)C2=CC=NC3=NC=CN23)C4=C5NCCCN5N=C4 m_276450__14193098__27796260__28204368,12,0.0849056603773584,0.1728723404255319,10,0,0,0
CC1CCOCC1C(=O)N2CC[C@@H](C2)N3CCN(CC3)C4=NC=CC5=CN=CN45 m_276450__27869474__27782246__28204286,12,0.0849056603773584,0.2080536912751678,8,0,2,2
CN1CCOCC1C(=O)N2CC[C@@H](C2)N3CCN(CC3)C4=NC=CC5=CN=CN45 m_276450__27869474__14200248__28204286,12,0.0849056603773584,0.1920529801324503,9,0,1,2
CN1CCOCC1C(=O)N2CC[C@H](C2)N3CCN(CC3)C4=CC=NC5=NC=CN45 m_276450__27869470__14200248__28204368,11,0.0849056603773584,0.2307692307692307,8,0,1,2
CN1CCOCC1C(=O)N2CC[C@H](C2)N3CCN(CC3)C4=NC=NN5C4=CC=C5 m_276450__27869470__14200248__18941674,12,0.0849056603773584,0.253125,9,0,1,2
[N-]=[N+]=N[C@H]1CCCC[C@H]1C(=O)NCC2CCN(CC2)C3=CC=NC4=NC=NN34 m_276450__14192936__27784696__18783450,12,0.0849056603773584,0.2077922077922078,9,0,1,0
[N-]=[N+]=N[C@H]1CCCC[C@H]1C(=O)NCC2CCN(CC2)C3=NC=CC4=CN=CN34 m_276450__14192936__27784696__28204286,12,0.0849056603773584,0.1746575342465753,9,0,1,0
COCCN1N=C(C(=C1C)CNC2CCN(CC2)C3=C4N=CN=C4N=CN3)C s_270004__23845418__16661294,11,0.0849056603773584,0.1638888888888889,9,0,0,1
CCN(CC1CCN(CC1)C2=CC=NC3=NC=CN23)C(=O)C4COCCC4C m_276450__14193364__27782246__28204368,12,0.0849056603773584,0.2054794520547945,8,0,2,0
CCN1CCOCC1C(=O)NCCC2CCN(CC2)C3=CC=NC4=NC=NN34 m_276450__14193098__14204356__18783450,12,0.0841121495327102,0.219047619047619,9,0,1,0
CCN1CCOCC1C(=O)NCCC2CCN(CC2)C3=NC=NN4C3=CC=C4 m_276450__14193098__14204356__18941674,12,0.0841121495327102,0.2429022082018927,9,0,1,0
C1=NC2=NC=NC2=C(N1)N3CCC(CC3)NCC4=CN=C5CCOCC5=C4 s_270004__23845418__16621826,10,0.0841121495327102,0.1457800511508951,8,0,0,2
O=C(NCCC1CCN(CC1)C2=CC=NC3=NC=CN23)C4CCOCC45CCC5 m_276450__14193098__27783116__28204368,12,0.0841121495327102,0.1891891891891892,8,0,2,1
[N-]=[N+]=N[C@H]1CCCC[C@H]1C(=O)NCCC2CCN(C2)C3=CC=NC4=CC=NN34 m_276450__14193272__27784696__28201460,12,0.0841121495327102,0.1987179487179487,9,0,1,0
CCN1CCOCC1CC(=O)NCCC2CCN(CC2)C3=CC=NC4=NC=CN34 m_276450__14193098__27786920__28204368,12,0.0825688073394495,0.1881188118811881,9,0,2,0
[N-]=[N+]=N[C@H]1CCCC[C@H]1C(=O)NCCC2CCN(C2)C3=NC=NN4C3=CC=C4 m_276450__14193272__27784696__18941674,12,0.0825688073394495,0.2292993630573248,9,0,1,0
COC1=NC(=C(C(=C1Cl)C)CNC2CCN(CC2)C3=C4N=CN=C4N=CN3)C s_270004__23845418__15096536,12,0.072072072072072,0.1724137931034483,10,0,0,1
