molecule_chembl_id,Kd,units,molecule_structures,pKd,smiles
CHEMBL5176229,0.0149,nM,"{'canonical_smiles': 'N/C(=N\\C(=O)NCCCCCCNC(=O)/N=C(\\N)NCCCc1nnc(N)s1)NCCCc1nnc(N)s1.O=C(O)C(F)(F)F.O=C(O)C(F)(F)F.O=C(O)C(F)(F)F.O=C(O)C(F)(F)F', 'molfile': '\n     RDKit          2D\n\n 66 63  0  0  0  0  0  0  0  0999 V2000\n    3.1226   -3.4866    0.0000 C   0  0  0  0  0  0  0  0  0  0  0  0\n    2.4081   -3.8991    0.0000 O   0  0  0  0  0  0  0  0  0  0  0  0\n    3.1226   -2.6616    0.0000 O   0  0  0  0  0  0  0  0  0  0  0  0\n    3.8371   -3.8991    0.0000 C   0  0  0  0  0  0  0  0  0  0  0  0\n    3.8371   -4.7241    0.0000 F   0  0  0  0  0  0  0  0  0  0  0  0\n    4.5515   -3.4866    0.0000 F   0  0  0  0  0  0  0  0  0  0  0  0\n    4.5515   -4.3116    0.0000 F   0  0  0  0  0  0  0  0  0  0  0  0\n   -7.8061   -0.5636    0.0000 C   0  0  0  0  0  0  0  0  0  0  0  0\n   -7.0917   -0.1511    0.0000 C   0  0  0  0  0  0  0  0  0  0  0  0\n   -6.3770   -0.5637    0.0000 C   0  0  0  0  0  0  0  0  0  0  0  0\n   -5.6623   -0.1511    0.0000 C   0  0  0  0  0  0  0  0  0  0  0  0\n   -4.9476   -0.5637    0.0000 N   0  0  0  0  0  0  0  0  0  0  0  0\n   -4.2330   -0.1511    0.0000 C   0  0  0  0  0  0  0  0  0  0  0  0\n   -3.5183   -0.5637    0.0000 N   0  0  0  0  0  0  0  0  0  0  0  0\n   -2.8036   -0.1511    0.0000 C   0  0  0  0  0  0  0  0  0  0  0  0\n   -2.0889   -0.5637    0.0000 N   0  0  0  0  0  0  0  0  0  0  0  0\n   -1.3742   -0.1511    0.0000 C   0  0  0  0  0  0  0  0  0  0  0  0\n   -0.6595   -0.5637    0.0000 C   0  0  0  0  0  0  0  0  0  0  0  0\n    0.0550   -0.1511    0.0000 C   0  0  0  0  0  0  0  0  0  0  0  0\n    0.7697   -0.5637    0.0000 C   0  0  0  0  0  0  0  0  0  0  0  0\n    1.4844   -0.1511    0.0000 C   0  0  0  0  0  0  0  0  0  0  0  0\n    2.1990   -0.5637    0.0000 C   0  0  0  0  0  0  0  0  0  0  0  0\n    2.9137   -0.1511    0.0000 N   0  0  0  0  0  0  0  0  0  0  0  0\n    3.6284   -0.5637    0.0000 C   0  0  0  0  0  0  0  0  0  0  0  0\n    4.3431   -0.1511    0.0000 N   0  0  0  0  0  0  0  0  0  0  0  0\n    5.0578   -0.5637    0.0000 C   0  0  0  0  0  0  0  0  0  0  0  0\n    5.7725   -0.1511    0.0000 N   0  0  0  0  0  0  0  0  0  0  0  0\n    6.4871   -0.5637    0.0000 C   0  0  0  0  0  0  0  0  0  0  0  0\n    7.2018   -0.1511    0.0000 C   0  0  0  0  0  0  0  0  0  0  0  0\n    7.9165   -0.5637    0.0000 C   0  0  0  0  0  0  0  0  0  0  0  0\n    8.6312   -0.1511    0.0000 C   0  0  0  0  0  0  0  0  0  0  0  0\n    8.7174    0.6691    0.0000 S   0  0  0  0  0  0  0  0  0  0  0  0\n    9.5242    0.8407    0.0000 C   0  0  0  0  0  0  0  0  0  0  0  0\n    9.9367    0.1263    0.0000 N   0  0  0  0  0  0  0  0  0  0  0  0\n    9.3847   -0.4866    0.0000 N   0  0  0  0  0  0  0  0  0  0  0  0\n    9.9368    1.5552    0.0000 N   0  0  0  0  0  0  0  0  0  0  0  0\n    5.0578   -1.3889    0.0000 N   0  0  0  0  0  0  0  0  0  0  0  0\n    3.6284   -1.3889    0.0000 O   0  0  0  0  0  0  0  0  0  0  0  0\n   -2.8036    0.6741    0.0000 O   0  0  0  0  0  0  0  0  0  0  0  0\n   -4.2330    0.6741    0.0000 N   0  0  0  0  0  0  0  0  0  0  0  0\n   -7.8923   -1.3838    0.0000 N   0  0  0  0  0  0  0  0  0  0  0  0\n   -8.6992   -1.5552    0.0000 N   0  0  0  0  0  0  0  0  0  0  0  0\n   -9.1115   -0.8411    0.0000 C   0  0  0  0  0  0  0  0  0  0  0  0\n   -8.5597   -0.2281    0.0000 S   0  0  0  0  0  0  0  0  0  0  0  0\n   -9.9368   -0.8411    0.0000 N   0  0  0  0  0  0  0  0  0  0  0  0\n   -0.2862    4.0057    0.0000 C   0  0  0  0  0  0  0  0  0  0  0  0\n   -1.0006    3.5932    0.0000 O   0  0  0  0  0  0  0  0  0  0  0  0\n   -0.2862    4.8307    0.0000 O   0  0  0  0  0  0  0  0  0  0  0  0\n    0.4282    3.5932    0.0000 C   0  0  0  0  0  0  0  0  0  0  0  0\n    0.4282    2.7682    0.0000 F   0  0  0  0  0  0  0  0  0  0  0  0\n    1.1427    4.0057    0.0000 F   0  0  0  0  0  0  0  0  0  0  0  0\n    1.1427    3.1807    0.0000 F   0  0  0  0  0  0  0  0  0  0  0  0\n    3.4422    3.1890    0.0000 C   0  0  0  0  0  0  0  0  0  0  0  0\n    2.7277    2.7765    0.0000 O   0  0  0  0  0  0  0  0  0  0  0  0\n    3.4422    4.0140    0.0000 O   0  0  0  0  0  0  0  0  0  0  0  0\n    4.1567    2.7765    0.0000 C   0  0  0  0  0  0  0  0  0  0  0  0\n    4.1567    1.9515    0.0000 F   0  0  0  0  0  0  0  0  0  0  0  0\n    4.8711    3.1890    0.0000 F   0  0  0  0  0  0  0  0  0  0  0  0\n    4.8711    2.3640    0.0000 F   0  0  0  0  0  0  0  0  0  0  0  0\n   -0.9608   -3.4866    0.0000 C   0  0  0  0  0  0  0  0  0  0  0  0\n   -1.6753   -3.8991    0.0000 O   0  0  0  0  0  0  0  0  0  0  0  0\n   -0.9608   -2.6616    0.0000 O   0  0  0  0  0  0  0  0  0  0  0  0\n   -0.2464   -3.8991    0.0000 C   0  0  0  0  0  0  0  0  0  0  0  0\n   -0.2464   -4.7241    0.0000 F   0  0  0  0  0  0  0  0  0  0  0  0\n    0.4680   -3.4866    0.0000 F   0  0  0  0  0  0  0  0  0  0  0  0\n    0.4680   -4.3116    0.0000 F   0  0  0  0  0  0  0  0  0  0  0  0\n  1  4  1  0\n  2  1  1  0\n  1  3  2  0\n  4  7  1  0\n  4  6  1  0\n  4  5  1  0\n  8  9  1  0\n  9 10  1  0\n 10 11  1  0\n 11 12  1  0\n 12 13  1  0\n 13 14  2  0\n 14 15  1  0\n 15 16  1  0\n 16 17  1  0\n 17 18  1  0\n 18 19  1  0\n 19 20  1  0\n 20 21  1  0\n 21 22  1  0\n 22 23  1  0\n 23 24  1  0\n 24 25  1  0\n 25 26  2  0\n 26 27  1  0\n 27 28  1  0\n 28 29  1  0\n 29 30  1  0\n 30 31  1  0\n 32 31  1  0\n 32 33  1  0\n 33 34  2  0\n 34 35  1  0\n 35 31  2  0\n 33 36  1  0\n 26 37  1  0\n 24 38  2  0\n 15 39  2  0\n 13 40  1  0\n 41  8  2  0\n 41 42  1  0\n 42 43  2  0\n 43 44  1  0\n 44  8  1  0\n 43 45  1  0\n 46 49  1  0\n 47 46  1  0\n 46 48  2  0\n 49 52  1  0\n 49 51  1  0\n 49 50  1  0\n 53 56  1  0\n 54 53  1  0\n 53 55  2  0\n 56 59  1  0\n 56 58  1  0\n 56 57  1  0\n 60 63  1  0\n 61 60  1  0\n 60 62  2  0\n 63 66  1  0\n 63 65  1  0\n 63 64  1  0\nM  END', 'standard_inchi': 'InChI=1S/C20H36N14O2S2.4C2HF3O2/c21-15(25-11-5-7-13-31-33-17(23)37-13)29-19(35)27-9-3-1-2-4-10-28-20(36)30-16(22)26-12-6-8-14-32-34-18(24)38-14;4*3-2(4,5)1(6)7/h1-12H2,(H2,23,33)(H2,24,34)(H4,21,25,27,29,35)(H4,22,26,28,30,36);4*(H,6,7)', 'standard_inchi_key': 'LWJGSJNOFIWGGP-UHFFFAOYSA-N'}",10.826813731587727,N/C(=N\C(=O)NCCCCCCNC(=O)/N=C(\N)NCCCc1nnc(N)s1)NCCCc1nnc(N)s1.O=C(O)C(F)(F)F.O=C(O)C(F)(F)F.O=C(O)C(F)(F)F.O=C(O)C(F)(F)F
CHEMBL5180504,0.0149,nM,"{'canonical_smiles': 'Cc1ccc(CC(C)CNC(=O)/N=C(\\N)NCCCc2nnc(N)s2)cc1.O=C(O)C(F)(F)F.O=C(O)C(F)(F)F', 'molfile': '\n     RDKit          2D\n\n 41 40  0  0  0  0  0  0  0  0999 V2000\n    0.4424   -2.3103    0.0000 C   0  0  0  0  0  0  0  0  0  0  0  0\n   -0.2720   -2.7228    0.0000 O   0  0  0  0  0  0  0  0  0  0  0  0\n    0.4424   -1.4853    0.0000 O   0  0  0  0  0  0  0  0  0  0  0  0\n    1.1569   -2.7228    0.0000 C   0  0  0  0  0  0  0  0  0  0  0  0\n    1.1569   -3.5478    0.0000 F   0  0  0  0  0  0  0  0  0  0  0  0\n    1.8713   -2.3103    0.0000 F   0  0  0  0  0  0  0  0  0  0  0  0\n    1.8713   -3.1353    0.0000 F   0  0  0  0  0  0  0  0  0  0  0  0\n   -4.2933    0.0004    0.0000 C   0  0  0  0  0  0  0  0  0  0  0  0\n   -3.5788    0.4129    0.0000 C   0  0  0  0  0  0  0  0  0  0  0  0\n   -2.8641    0.0002    0.0000 C   0  0  0  0  0  0  0  0  0  0  0  0\n   -2.1495    0.4129    0.0000 C   0  0  0  0  0  0  0  0  0  0  0  0\n   -1.4348    0.0002    0.0000 N   0  0  0  0  0  0  0  0  0  0  0  0\n   -0.7201    0.4129    0.0000 C   0  0  0  0  0  0  0  0  0  0  0  0\n   -0.0055    0.0002    0.0000 N   0  0  0  0  0  0  0  0  0  0  0  0\n    0.7090    0.4129    0.0000 C   0  0  0  0  0  0  0  0  0  0  0  0\n    1.4238    0.0002    0.0000 N   0  0  0  0  0  0  0  0  0  0  0  0\n    2.1385    0.4129    0.0000 C   0  0  0  0  0  0  0  0  0  0  0  0\n    2.8532    0.0002    0.0000 C   0  0  0  0  0  0  0  0  0  0  0  0\n    3.5680    0.4127    0.0000 C   0  0  0  0  0  0  0  0  0  0  0  0\n    0.7090    1.2381    0.0000 O   0  0  0  0  0  0  0  0  0  0  0  0\n   -0.7201    1.2381    0.0000 N   0  0  0  0  0  0  0  0  0  0  0  0\n   -4.3795   -0.8198    0.0000 N   0  0  0  0  0  0  0  0  0  0  0  0\n   -5.1864   -0.9914    0.0000 N   0  0  0  0  0  0  0  0  0  0  0  0\n   -5.5988   -0.2770    0.0000 C   0  0  0  0  0  0  0  0  0  0  0  0\n   -5.0468    0.3358    0.0000 S   0  0  0  0  0  0  0  0  0  0  0  0\n   -6.4240   -0.2770    0.0000 N   0  0  0  0  0  0  0  0  0  0  0  0\n    2.8532   -0.8248    0.0000 C   0  0  0  0  0  0  0  0  0  0  0  0\n    4.2826    0.0000    0.0000 C   0  0  0  0  0  0  0  0  0  0  0  0\n    4.9976    0.4121    0.0000 C   0  0  0  0  0  0  0  0  0  0  0  0\n    5.7096   -0.0001    0.0000 C   0  0  0  0  0  0  0  0  0  0  0  0\n    5.7093   -0.8255    0.0000 C   0  0  0  0  0  0  0  0  0  0  0  0\n    4.9989   -1.2372    0.0000 C   0  0  0  0  0  0  0  0  0  0  0  0\n    4.2824   -0.8288    0.0000 C   0  0  0  0  0  0  0  0  0  0  0  0\n    6.4240   -1.2381    0.0000 C   0  0  0  0  0  0  0  0  0  0  0  0\n    3.1707    2.5112    0.0000 C   0  0  0  0  0  0  0  0  0  0  0  0\n    2.4562    2.0987    0.0000 O   0  0  0  0  0  0  0  0  0  0  0  0\n    3.1707    3.3362    0.0000 O   0  0  0  0  0  0  0  0  0  0  0  0\n    3.8852    2.0987    0.0000 C   0  0  0  0  0  0  0  0  0  0  0  0\n    3.8852    1.2737    0.0000 F   0  0  0  0  0  0  0  0  0  0  0  0\n    4.5997    2.5112    0.0000 F   0  0  0  0  0  0  0  0  0  0  0  0\n    4.5997    1.6862    0.0000 F   0  0  0  0  0  0  0  0  0  0  0  0\n  1  4  1  0\n  2  1  1  0\n  1  3  2  0\n  4  7  1  0\n  4  6  1  0\n  4  5  1  0\n  8  9  1  0\n  9 10  1  0\n 10 11  1  0\n 11 12  1  0\n 12 13  1  0\n 13 14  2  0\n 14 15  1  0\n 15 16  1  0\n 16 17  1  0\n 17 18  1  0\n 19 18  1  0\n 15 20  2  0\n 13 21  1  0\n 22  8  2  0\n 22 23  1  0\n 23 24  2  0\n 24 25  1  0\n 25  8  1  0\n 24 26  1  0\n 18 27  1  0\n 19 28  1  0\n 29 28  2  0\n 30 29  1  0\n 31 30  2  0\n 32 31  1  0\n 33 32  2  0\n 28 33  1  0\n 31 34  1  0\n 35 38  1  0\n 36 35  1  0\n 35 37  2  0\n 38 41  1  0\n 38 40  1  0\n 38 39  1  0\nM  END', 'standard_inchi': 'InChI=1S/C18H27N7OS.2C2HF3O2/c1-12-5-7-14(8-6-12)10-13(2)11-22-18(26)23-16(19)21-9-3-4-15-24-25-17(20)27-15;2*3-2(4,5)1(6)7/h5-8,13H,3-4,9-11H2,1-2H3,(H2,20,25)(H4,19,21,22,23,26);2*(H,6,7)', 'standard_inchi_key': 'WSLRCNVNYUERND-UHFFFAOYSA-N'}",10.826813731587727,Cc1ccc(CC(C)CNC(=O)/N=C(\N)NCCCc2nnc(N)s2)cc1.O=C(O)C(F)(F)F.O=C(O)C(F)(F)F
CHEMBL5183205,0.0149,nM,"{'canonical_smiles': 'CCCCCNC(=O)/N=C(\\N)NCCCc1cnc(N)s1.O=C(O)C(F)(F)F.O=C(O)C(F)(F)F', 'molfile': '\n     RDKit          2D\n\n 35 33  0  0  0  0  0  0  0  0999 V2000\n   -0.5581   -2.1069    0.0000 C   0  0  0  0  0  0  0  0  0  0  0  0\n   -1.2725   -2.5193    0.0000 O   0  0  0  0  0  0  0  0  0  0  0  0\n   -0.5581   -1.2819    0.0000 O   0  0  0  0  0  0  0  0  0  0  0  0\n    0.1563   -2.5193    0.0000 C   0  0  0  0  0  0  0  0  0  0  0  0\n    0.1563   -3.3444    0.0000 F   0  0  0  0  0  0  0  0  0  0  0  0\n    0.8708   -2.1069    0.0000 F   0  0  0  0  0  0  0  0  0  0  0  0\n    0.8708   -2.9319    0.0000 F   0  0  0  0  0  0  0  0  0  0  0  0\n   -3.5798   -0.1229    0.0000 C   0  0  0  0  0  0  0  0  0  0  0  0\n   -2.8653    0.2895    0.0000 C   0  0  0  0  0  0  0  0  0  0  0  0\n   -2.1506   -0.1231    0.0000 C   0  0  0  0  0  0  0  0  0  0  0  0\n   -1.4360    0.2895    0.0000 C   0  0  0  0  0  0  0  0  0  0  0  0\n   -0.7214   -0.1231    0.0000 N   0  0  0  0  0  0  0  0  0  0  0  0\n   -0.0067    0.2895    0.0000 C   0  0  0  0  0  0  0  0  0  0  0  0\n    0.7078   -0.1231    0.0000 N   0  0  0  0  0  0  0  0  0  0  0  0\n   -0.0067    1.1146    0.0000 N   0  0  0  0  0  0  0  0  0  0  0  0\n    1.4225    0.2895    0.0000 C   0  0  0  0  0  0  0  0  0  0  0  0\n    2.1372   -0.1231    0.0000 N   0  0  0  0  0  0  0  0  0  0  0  0\n    1.4225    1.1146    0.0000 O   0  0  0  0  0  0  0  0  0  0  0  0\n    2.8518    0.2895    0.0000 C   0  0  0  0  0  0  0  0  0  0  0  0\n    3.5664   -0.1231    0.0000 C   0  0  0  0  0  0  0  0  0  0  0  0\n    4.2811    0.2895    0.0000 C   0  0  0  0  0  0  0  0  0  0  0  0\n    4.9958   -0.1231    0.0000 C   0  0  0  0  0  0  0  0  0  0  0  0\n    5.7104    0.2895    0.0000 C   0  0  0  0  0  0  0  0  0  0  0  0\n   -3.6660   -0.9432    0.0000 C   0  0  0  0  0  0  0  0  0  0  0  0\n   -4.4728   -1.1146    0.0000 N   0  0  0  0  0  0  0  0  0  0  0  0\n   -4.8851   -0.4004    0.0000 C   0  0  0  0  0  0  0  0  0  0  0  0\n   -4.3332    0.2124    0.0000 S   0  0  0  0  0  0  0  0  0  0  0  0\n   -5.7104   -0.4004    0.0000 N   0  0  0  0  0  0  0  0  0  0  0  0\n    2.7677   -1.7357    0.0000 C   0  0  0  0  0  0  0  0  0  0  0  0\n    2.0532   -2.1482    0.0000 O   0  0  0  0  0  0  0  0  0  0  0  0\n    2.7677   -0.9107    0.0000 O   0  0  0  0  0  0  0  0  0  0  0  0\n    3.4822   -2.1482    0.0000 C   0  0  0  0  0  0  0  0  0  0  0  0\n    3.4822   -2.9732    0.0000 F   0  0  0  0  0  0  0  0  0  0  0  0\n    4.1967   -1.7357    0.0000 F   0  0  0  0  0  0  0  0  0  0  0  0\n    4.1967   -2.5607    0.0000 F   0  0  0  0  0  0  0  0  0  0  0  0\n  1  4  1  0\n  2  1  1  0\n  1  3  2  0\n  4  7  1  0\n  4  6  1  0\n  4  5  1  0\n  8  9  1  0\n  9 10  1  0\n 10 11  1  0\n 11 12  1  0\n 12 13  1  0\n 13 14  2  0\n 13 15  1  0\n 14 16  1  0\n 16 17  1  0\n 16 18  2  0\n 17 19  1  0\n 19 20  1  0\n 20 21  1  0\n 21 22  1  0\n 22 23  1  0\n 24  8  2  0\n 24 25  1  0\n 25 26  2  0\n 26 27  1  0\n 27  8  1  0\n 26 28  1  0\n 29 32  1  0\n 30 29  1  0\n 29 31  2  0\n 32 35  1  0\n 32 34  1  0\n 32 33  1  0\nM  END', 'standard_inchi': 'InChI=1S/C13H24N6OS.2C2HF3O2/c1-2-3-4-7-17-13(20)19-11(14)16-8-5-6-10-9-18-12(15)21-10;2*3-2(4,5)1(6)7/h9H,2-8H2,1H3,(H2,15,18)(H4,14,16,17,19,20);2*(H,6,7)', 'standard_inchi_key': 'RZWKIWSVEPQMPP-UHFFFAOYSA-N'}",10.826813731587727,CCCCCNC(=O)/N=C(\N)NCCCc1cnc(N)s1.O=C(O)C(F)(F)F.O=C(O)C(F)(F)F
CHEMBL5207281,0.0149,nM,"{'canonical_smiles': 'CCCCCNC(=O)/N=C(\\N)NCCCc1nnc(N)s1.O=C(O)C(F)(F)F.O=C(O)C(F)(F)F', 'molfile': '\n     RDKit          2D\n\n 35 33  0  0  0  0  0  0  0  0999 V2000\n    3.5713    2.0589    0.0000 C   0  0  0  0  0  0  0  0  0  0  0  0\n    2.8567    1.6464    0.0000 O   0  0  0  0  0  0  0  0  0  0  0  0\n    3.5713    2.8839    0.0000 O   0  0  0  0  0  0  0  0  0  0  0  0\n    4.2858    1.6464    0.0000 C   0  0  0  0  0  0  0  0  0  0  0  0\n    4.2858    0.8214    0.0000 F   0  0  0  0  0  0  0  0  0  0  0  0\n    5.0002    2.0589    0.0000 F   0  0  0  0  0  0  0  0  0  0  0  0\n    5.0002    1.2339    0.0000 F   0  0  0  0  0  0  0  0  0  0  0  0\n   -3.5799   -0.1229    0.0000 C   0  0  0  0  0  0  0  0  0  0  0  0\n   -2.8654    0.2895    0.0000 C   0  0  0  0  0  0  0  0  0  0  0  0\n   -2.1507   -0.1230    0.0000 C   0  0  0  0  0  0  0  0  0  0  0  0\n   -1.4361    0.2895    0.0000 C   0  0  0  0  0  0  0  0  0  0  0  0\n   -0.7214   -0.1230    0.0000 N   0  0  0  0  0  0  0  0  0  0  0  0\n   -0.0067    0.2895    0.0000 C   0  0  0  0  0  0  0  0  0  0  0  0\n    0.7078   -0.1230    0.0000 N   0  0  0  0  0  0  0  0  0  0  0  0\n   -0.0067    1.1148    0.0000 N   0  0  0  0  0  0  0  0  0  0  0  0\n    1.4225    0.2895    0.0000 C   0  0  0  0  0  0  0  0  0  0  0  0\n    2.1372   -0.1230    0.0000 N   0  0  0  0  0  0  0  0  0  0  0  0\n    1.4225    1.1148    0.0000 O   0  0  0  0  0  0  0  0  0  0  0  0\n    2.8519    0.2895    0.0000 C   0  0  0  0  0  0  0  0  0  0  0  0\n    3.5666   -0.1230    0.0000 C   0  0  0  0  0  0  0  0  0  0  0  0\n    4.2813    0.2895    0.0000 C   0  0  0  0  0  0  0  0  0  0  0  0\n    4.9960   -0.1230    0.0000 C   0  0  0  0  0  0  0  0  0  0  0  0\n    5.7106    0.2895    0.0000 C   0  0  0  0  0  0  0  0  0  0  0  0\n   -3.6661   -0.9432    0.0000 N   0  0  0  0  0  0  0  0  0  0  0  0\n   -4.4730   -1.1148    0.0000 N   0  0  0  0  0  0  0  0  0  0  0  0\n   -4.8853   -0.4004    0.0000 C   0  0  0  0  0  0  0  0  0  0  0  0\n   -4.3334    0.2124    0.0000 S   0  0  0  0  0  0  0  0  0  0  0  0\n   -5.7106   -0.4004    0.0000 N   0  0  0  0  0  0  0  0  0  0  0  0\n    1.2722   -1.8473    0.0000 C   0  0  0  0  0  0  0  0  0  0  0  0\n    0.5577   -2.2597    0.0000 O   0  0  0  0  0  0  0  0  0  0  0  0\n    1.2722   -1.0223    0.0000 O   0  0  0  0  0  0  0  0  0  0  0  0\n    1.9866   -2.2597    0.0000 C   0  0  0  0  0  0  0  0  0  0  0  0\n    1.9866   -3.0848    0.0000 F   0  0  0  0  0  0  0  0  0  0  0  0\n    2.7011   -1.8473    0.0000 F   0  0  0  0  0  0  0  0  0  0  0  0\n    2.7011   -2.6723    0.0000 F   0  0  0  0  0  0  0  0  0  0  0  0\n  1  4  1  0\n  2  1  1  0\n  1  3  2  0\n  4  7  1  0\n  4  6  1  0\n  4  5  1  0\n  8  9  1  0\n  9 10  1  0\n 10 11  1  0\n 11 12  1  0\n 12 13  1  0\n 13 14  2  0\n 13 15  1  0\n 14 16  1  0\n 16 17  1  0\n 16 18  2  0\n 17 19  1  0\n 19 20  1  0\n 20 21  1  0\n 21 22  1  0\n 22 23  1  0\n 24  8  2  0\n 24 25  1  0\n 25 26  2  0\n 26 27  1  0\n 27  8  1  0\n 26 28  1  0\n 29 32  1  0\n 30 29  1  0\n 29 31  2  0\n 32 35  1  0\n 32 34  1  0\n 32 33  1  0\nM  END', 'standard_inchi': 'InChI=1S/C12H23N7OS.2C2HF3O2/c1-2-3-4-7-16-12(20)17-10(13)15-8-5-6-9-18-19-11(14)21-9;2*3-2(4,5)1(6)7/h2-8H2,1H3,(H2,14,19)(H4,13,15,16,17,20);2*(H,6,7)', 'standard_inchi_key': 'WPIVDYCRNVUSIY-UHFFFAOYSA-N'}",10.826813731587727,CCCCCNC(=O)/N=C(\N)NCCCc1nnc(N)s1.O=C(O)C(F)(F)F.O=C(O)C(F)(F)F
CHEMBL301265,0.0149,nM,"{'canonical_smiles': 'CCCN[C@H]1CCc2nc(N)sc2C1', 'molfile': '\n     RDKit          2D\n\n 14 15  0  0  0  0  0  0  0  0999 V2000\n   -2.4043    0.6158    0.0000 C   0  0  0  0  0  0  0  0  0  0  0  0\n   -1.6887    1.0263    0.0000 C   0  0  0  0  0  0  0  0  0  0  0  0\n   -1.6887    1.8519    0.0000 C   0  0  0  0  0  0  0  0  0  0  0  0\n   -2.4043    2.2669    0.0000 C   0  0  0  0  0  0  0  0  0  0  0  0\n   -3.1153    1.0263    0.0000 C   0  0  0  0  0  0  0  0  0  0  0  0\n   -3.1153    1.8564    0.0000 C   0  0  0  0  0  0  0  0  0  0  0  0\n   -3.9048    2.1131    0.0000 N   0  0  0  0  0  0  0  0  0  0  0  0\n   -4.3930    1.4414    0.0000 C   0  0  0  0  0  0  0  0  0  0  0  0\n   -3.9049    0.7699    0.0000 S   0  0  0  0  0  0  0  0  0  0  0  0\n   -5.2140    1.4414    0.0000 N   0  0  0  0  0  0  0  0  0  0  0  0\n   -0.9782    0.6148    0.0000 N   0  0  0  0  0  0  0  0  0  0  0  0\n   -0.2667    1.0243    0.0000 C   0  0  0  0  0  0  0  0  0  0  0  0\n    0.4438    0.6128    0.0000 C   0  0  0  0  0  0  0  0  0  0  0  0\n    1.1554    1.0224    0.0000 C   0  0  0  0  0  0  0  0  0  0  0  0\n  1  2  1  0\n  2  3  1  0\n  6  7  1  0\n  7  8  2  0\n  8  9  1  0\n  9  5  1  0\n  3  4  1  0\n  8 10  1  0\n  5  6  2  0\n  2 11  1  6\n 11 12  1  0\n  6  4  1  0\n 12 13  1  0\n  5  1  1  0\n 13 14  1  0\nM  END\n', 'standard_inchi': 'InChI=1S/C10H17N3S/c1-2-5-12-7-3-4-8-9(6-7)14-10(11)13-8/h7,12H,2-6H2,1H3,(H2,11,13)/t7-/m0/s1', 'standard_inchi_key': 'FASDKYOPVNHBLU-ZETCQYMHSA-N'}",10.826813731587727,CCCN[C@H]1CCc2nc(N)sc2C1
CHEMBL5206565,0.0149,nM,"{'canonical_smiles': 'N/C(=N\\C(=O)NCc1ccccc1)NCCCc1nnc(N)s1.O=C(O)C(F)(F)F.O=C(O)C(F)(F)F', 'molfile': '\n     RDKit          2D\n\n 37 36  0  0  0  0  0  0  0  0999 V2000\n    3.2260    2.2375    0.0000 C   0  0  0  0  0  0  0  0  0  0  0  0\n    2.5115    1.8250    0.0000 O   0  0  0  0  0  0  0  0  0  0  0  0\n    3.2260    3.0625    0.0000 O   0  0  0  0  0  0  0  0  0  0  0  0\n    3.9405    1.8250    0.0000 C   0  0  0  0  0  0  0  0  0  0  0  0\n    3.9405    1.0000    0.0000 F   0  0  0  0  0  0  0  0  0  0  0  0\n    4.6549    2.2375    0.0000 F   0  0  0  0  0  0  0  0  0  0  0  0\n    4.6549    1.4125    0.0000 F   0  0  0  0  0  0  0  0  0  0  0  0\n   -3.2213   -0.0002    0.0000 C   0  0  0  0  0  0  0  0  0  0  0  0\n   -2.5068    0.4122    0.0000 C   0  0  0  0  0  0  0  0  0  0  0  0\n   -1.7921   -0.0002    0.0000 C   0  0  0  0  0  0  0  0  0  0  0  0\n   -1.0774    0.4122    0.0000 C   0  0  0  0  0  0  0  0  0  0  0  0\n   -0.3629   -0.0002    0.0000 N   0  0  0  0  0  0  0  0  0  0  0  0\n    0.3517    0.4122    0.0000 C   0  0  0  0  0  0  0  0  0  0  0  0\n    1.0664   -0.0002    0.0000 N   0  0  0  0  0  0  0  0  0  0  0  0\n    1.7810    0.4122    0.0000 C   0  0  0  0  0  0  0  0  0  0  0  0\n    2.4956   -0.0002    0.0000 N   0  0  0  0  0  0  0  0  0  0  0  0\n    3.2103    0.4122    0.0000 C   0  0  0  0  0  0  0  0  0  0  0  0\n    3.9249   -0.0002    0.0000 C   0  0  0  0  0  0  0  0  0  0  0  0\n    1.7810    1.2373    0.0000 O   0  0  0  0  0  0  0  0  0  0  0  0\n    0.3517    1.2373    0.0000 N   0  0  0  0  0  0  0  0  0  0  0  0\n   -3.3075   -0.8205    0.0000 N   0  0  0  0  0  0  0  0  0  0  0  0\n   -4.1143   -0.9920    0.0000 N   0  0  0  0  0  0  0  0  0  0  0  0\n   -4.5266   -0.2777    0.0000 C   0  0  0  0  0  0  0  0  0  0  0  0\n   -3.9747    0.3351    0.0000 S   0  0  0  0  0  0  0  0  0  0  0  0\n   -5.3519   -0.2777    0.0000 N   0  0  0  0  0  0  0  0  0  0  0  0\n    4.6397    0.4119    0.0000 C   0  0  0  0  0  0  0  0  0  0  0  0\n    5.3519    0.0000    0.0000 C   0  0  0  0  0  0  0  0  0  0  0  0\n    5.3519   -0.8254    0.0000 C   0  0  0  0  0  0  0  0  0  0  0  0\n    4.6415   -1.2373    0.0000 C   0  0  0  0  0  0  0  0  0  0  0  0\n    3.9249   -0.8291    0.0000 C   0  0  0  0  0  0  0  0  0  0  0  0\n    1.5072   -1.7803    0.0000 C   0  0  0  0  0  0  0  0  0  0  0  0\n    0.7928   -2.1928    0.0000 O   0  0  0  0  0  0  0  0  0  0  0  0\n    1.5072   -0.9553    0.0000 O   0  0  0  0  0  0  0  0  0  0  0  0\n    2.2217   -2.1928    0.0000 C   0  0  0  0  0  0  0  0  0  0  0  0\n    2.2217   -3.0178    0.0000 F   0  0  0  0  0  0  0  0  0  0  0  0\n    2.9362   -1.7803    0.0000 F   0  0  0  0  0  0  0  0  0  0  0  0\n    2.9362   -2.6053    0.0000 F   0  0  0  0  0  0  0  0  0  0  0  0\n  1  4  1  0\n  2  1  1  0\n  1  3  2  0\n  4  7  1  0\n  4  6  1  0\n  4  5  1  0\n  8  9  1  0\n  9 10  1  0\n 10 11  1  0\n 11 12  1  0\n 12 13  1  0\n 13 14  2  0\n 14 15  1  0\n 15 16  1  0\n 16 17  1  0\n 17 18  1  0\n 15 19  2  0\n 13 20  1  0\n 21  8  2  0\n 21 22  1  0\n 22 23  2  0\n 23 24  1  0\n 24  8  1  0\n 23 25  1  0\n 26 18  2  0\n 27 26  1  0\n 28 27  2  0\n 29 28  1  0\n 30 29  2  0\n 18 30  1  0\n 31 34  1  0\n 32 31  1  0\n 31 33  2  0\n 34 37  1  0\n 34 36  1  0\n 34 35  1  0\nM  END', 'standard_inchi': 'InChI=1S/C14H19N7OS.2C2HF3O2/c15-12(17-8-4-7-11-20-21-13(16)23-11)19-14(22)18-9-10-5-2-1-3-6-10;2*3-2(4,5)1(6)7/h1-3,5-6H,4,7-9H2,(H2,16,21)(H4,15,17,18,19,22);2*(H,6,7)', 'standard_inchi_key': 'JQNCPAZRLLSTTQ-UHFFFAOYSA-N'}",10.826813731587727,N/C(=N\C(=O)NCc1ccccc1)NCCCc1nnc(N)s1.O=C(O)C(F)(F)F.O=C(O)C(F)(F)F
CHEMBL5178472,0.0149,nM,"{'canonical_smiles': 'N/C(=N\\C(=O)NCc1ccccc1)NCCCc1cnc(N)s1.O=C(O)C(F)(F)F.O=C(O)C(F)(F)F', 'molfile': '\n     RDKit          2D\n\n 37 36  0  0  0  0  0  0  0  0999 V2000\n    2.8465    2.2375    0.0000 C   0  0  0  0  0  0  0  0  0  0  0  0\n    2.1321    1.8250    0.0000 O   0  0  0  0  0  0  0  0  0  0  0  0\n    2.8465    3.0625    0.0000 O   0  0  0  0  0  0  0  0  0  0  0  0\n    3.5610    1.8250    0.0000 C   0  0  0  0  0  0  0  0  0  0  0  0\n    3.5610    1.0000    0.0000 F   0  0  0  0  0  0  0  0  0  0  0  0\n    4.2755    2.2375    0.0000 F   0  0  0  0  0  0  0  0  0  0  0  0\n    4.2755    1.4125    0.0000 F   0  0  0  0  0  0  0  0  0  0  0  0\n   -3.2215   -0.0002    0.0000 C   0  0  0  0  0  0  0  0  0  0  0  0\n   -2.5071    0.4122    0.0000 C   0  0  0  0  0  0  0  0  0  0  0  0\n   -1.7924   -0.0004    0.0000 C   0  0  0  0  0  0  0  0  0  0  0  0\n   -1.0775    0.4122    0.0000 C   0  0  0  0  0  0  0  0  0  0  0  0\n   -0.3629   -0.0004    0.0000 N   0  0  0  0  0  0  0  0  0  0  0  0\n    0.3517    0.4122    0.0000 C   0  0  0  0  0  0  0  0  0  0  0  0\n    1.0665   -0.0004    0.0000 N   0  0  0  0  0  0  0  0  0  0  0  0\n    1.7812    0.4122    0.0000 C   0  0  0  0  0  0  0  0  0  0  0  0\n    2.4958   -0.0004    0.0000 N   0  0  0  0  0  0  0  0  0  0  0  0\n    3.2107    0.4122    0.0000 C   0  0  0  0  0  0  0  0  0  0  0  0\n    3.9254   -0.0004    0.0000 C   0  0  0  0  0  0  0  0  0  0  0  0\n    1.7812    1.2374    0.0000 O   0  0  0  0  0  0  0  0  0  0  0  0\n    0.3517    1.2374    0.0000 N   0  0  0  0  0  0  0  0  0  0  0  0\n   -3.3078   -0.8206    0.0000 C   0  0  0  0  0  0  0  0  0  0  0  0\n   -4.1147   -0.9922    0.0000 N   0  0  0  0  0  0  0  0  0  0  0  0\n   -4.5272   -0.2778    0.0000 C   0  0  0  0  0  0  0  0  0  0  0  0\n   -3.9752    0.3352    0.0000 S   0  0  0  0  0  0  0  0  0  0  0  0\n   -5.3525   -0.2778    0.0000 N   0  0  0  0  0  0  0  0  0  0  0  0\n    4.6403    0.4120    0.0000 C   0  0  0  0  0  0  0  0  0  0  0  0\n    5.3525    0.0000    0.0000 C   0  0  0  0  0  0  0  0  0  0  0  0\n    5.3525   -0.8255    0.0000 C   0  0  0  0  0  0  0  0  0  0  0  0\n    4.6421   -1.2374    0.0000 C   0  0  0  0  0  0  0  0  0  0  0  0\n    3.9254   -0.8292    0.0000 C   0  0  0  0  0  0  0  0  0  0  0  0\n    1.8197   -1.8696    0.0000 C   0  0  0  0  0  0  0  0  0  0  0  0\n    1.1053   -2.2821    0.0000 O   0  0  0  0  0  0  0  0  0  0  0  0\n    1.8197   -1.0446    0.0000 O   0  0  0  0  0  0  0  0  0  0  0  0\n    2.5342   -2.2821    0.0000 C   0  0  0  0  0  0  0  0  0  0  0  0\n    2.5342   -3.1071    0.0000 F   0  0  0  0  0  0  0  0  0  0  0  0\n    3.2487   -1.8696    0.0000 F   0  0  0  0  0  0  0  0  0  0  0  0\n    3.2487   -2.6946    0.0000 F   0  0  0  0  0  0  0  0  0  0  0  0\n  1  4  1  0\n  2  1  1  0\n  1  3  2  0\n  4  7  1  0\n  4  6  1  0\n  4  5  1  0\n  8  9  1  0\n  9 10  1  0\n 10 11  1  0\n 11 12  1  0\n 12 13  1  0\n 13 14  2  0\n 14 15  1  0\n 15 16  1  0\n 16 17  1  0\n 17 18  1  0\n 15 19  2  0\n 13 20  1  0\n 21  8  2  0\n 21 22  1  0\n 22 23  2  0\n 23 24  1  0\n 24  8  1  0\n 23 25  1  0\n 26 18  2  0\n 27 26  1  0\n 28 27  2  0\n 29 28  1  0\n 30 29  2  0\n 18 30  1  0\n 31 34  1  0\n 32 31  1  0\n 31 33  2  0\n 34 37  1  0\n 34 36  1  0\n 34 35  1  0\nM  END', 'standard_inchi': 'InChI=1S/C15H20N6OS.2C2HF3O2/c16-13(18-8-4-7-12-10-19-14(17)23-12)21-15(22)20-9-11-5-2-1-3-6-11;2*3-2(4,5)1(6)7/h1-3,5-6,10H,4,7-9H2,(H2,17,19)(H4,16,18,20,21,22);2*(H,6,7)', 'standard_inchi_key': 'OOWFNIJVULNJEZ-UHFFFAOYSA-N'}",10.826813731587727,N/C(=N\C(=O)NCc1ccccc1)NCCCc1cnc(N)s1.O=C(O)C(F)(F)F.O=C(O)C(F)(F)F
CHEMBL5208845,0.0149,nM,"{'canonical_smiles': 'C[C@@H](NC(=O)/N=C(\\N)NCCCc1nnc(N)s1)c1ccccc1.Cl.Cl', 'molfile': '\n     RDKit          2D\n\n 26 25  0  0  0  0  0  0  0  0999 V2000\n    3.4493   -1.7410    0.0000 Cl  0  0  0  0  0  0  0  0  0  0  0  0\n   -3.2214   -0.0002    0.0000 C   0  0  0  0  0  0  0  0  0  0  0  0\n   -2.5070    0.4122    0.0000 C   0  0  0  0  0  0  0  0  0  0  0  0\n   -1.7923   -0.0002    0.0000 C   0  0  0  0  0  0  0  0  0  0  0  0\n   -1.0775    0.4122    0.0000 C   0  0  0  0  0  0  0  0  0  0  0  0\n   -0.3628   -0.0002    0.0000 N   0  0  0  0  0  0  0  0  0  0  0  0\n    0.3517    0.4122    0.0000 C   0  0  0  0  0  0  0  0  0  0  0  0\n    1.0664   -0.0002    0.0000 N   0  0  0  0  0  0  0  0  0  0  0  0\n    1.7812    0.4122    0.0000 C   0  0  0  0  0  0  0  0  0  0  0  0\n    2.4958   -0.0002    0.0000 N   0  0  0  0  0  0  0  0  0  0  0  0\n    3.2105    0.4122    0.0000 C   0  0  0  0  0  0  0  0  0  0  0  0\n    3.9253   -0.0002    0.0000 C   0  0  0  0  0  0  0  0  0  0  0  0\n    1.7812    1.2374    0.0000 O   0  0  0  0  0  0  0  0  0  0  0  0\n    0.3517    1.2374    0.0000 N   0  0  0  0  0  0  0  0  0  0  0  0\n   -3.3076   -0.8205    0.0000 N   0  0  0  0  0  0  0  0  0  0  0  0\n   -4.1146   -0.9921    0.0000 N   0  0  0  0  0  0  0  0  0  0  0  0\n   -4.5270   -0.2777    0.0000 C   0  0  0  0  0  0  0  0  0  0  0  0\n   -3.9750    0.3351    0.0000 S   0  0  0  0  0  0  0  0  0  0  0  0\n    4.6401    0.4120    0.0000 C   0  0  0  0  0  0  0  0  0  0  0  0\n    5.3522    0.0000    0.0000 C   0  0  0  0  0  0  0  0  0  0  0  0\n    5.3522   -0.8255    0.0000 C   0  0  0  0  0  0  0  0  0  0  0  0\n    4.6420   -1.2374    0.0000 C   0  0  0  0  0  0  0  0  0  0  0  0\n    3.9253   -0.8292    0.0000 C   0  0  0  0  0  0  0  0  0  0  0  0\n    3.2105    1.2374    0.0000 C   0  0  0  0  0  0  0  0  0  0  0  0\n   -5.3522   -0.2777    0.0000 N   0  0  0  0  0  0  0  0  0  0  0  0\n    2.5564   -1.3839    0.0000 Cl  0  0  0  0  0  0  0  0  0  0  0  0\n  2  3  1  0\n  3  4  1  0\n  4  5  1  0\n  5  6  1  0\n  6  7  1  0\n  7  8  2  0\n  8  9  1  0\n  9 10  1  0\n 10 11  1  0\n 11 12  1  0\n  9 13  2  0\n  7 14  1  0\n 15  2  2  0\n 15 16  1  0\n 16 17  2  0\n 17 18  1  0\n 18  2  1  0\n 19 12  2  0\n 20 19  1  0\n 21 20  2  0\n 22 21  1  0\n 23 22  2  0\n 12 23  1  0\n 11 24  1  6\n 17 25  1  0\nM  END', 'standard_inchi': 'InChI=1S/C15H21N7OS.2ClH/c1-10(11-6-3-2-4-7-11)19-15(23)20-13(16)18-9-5-8-12-21-22-14(17)24-12;;/h2-4,6-7,10H,5,8-9H2,1H3,(H2,17,22)(H4,16,18,19,20,23);2*1H/t10-;;/m1../s1', 'standard_inchi_key': 'YQZTUEBEBYMUAM-YQFADDPSSA-N'}",10.826813731587727,C[C@@H](NC(=O)/N=C(\N)NCCCc1nnc(N)s1)c1ccccc1.Cl.Cl
CHEMBL5201074,0.0149,nM,"{'canonical_smiles': 'C[C@@H](NC(=O)/N=C(\\N)NCCCc1ncn[nH]1)c1ccccc1.Cl.Cl', 'molfile': '\n     RDKit          2D\n\n 25 24  0  0  0  0  0  0  0  0999 V2000\n    2.9464   -1.6294    0.0000 Cl  0  0  0  0  0  0  0  0  0  0  0  0\n   -3.6337   -0.0002    0.0000 C   0  0  0  0  0  0  0  0  0  0  0  0\n   -2.9194    0.4122    0.0000 C   0  0  0  0  0  0  0  0  0  0  0  0\n   -2.2048   -0.0004    0.0000 C   0  0  0  0  0  0  0  0  0  0  0  0\n   -1.4901    0.4122    0.0000 C   0  0  0  0  0  0  0  0  0  0  0  0\n   -0.7754   -0.0004    0.0000 N   0  0  0  0  0  0  0  0  0  0  0  0\n   -0.0608    0.4122    0.0000 C   0  0  0  0  0  0  0  0  0  0  0  0\n    0.6538   -0.0004    0.0000 N   0  0  0  0  0  0  0  0  0  0  0  0\n    1.3684    0.4122    0.0000 C   0  0  0  0  0  0  0  0  0  0  0  0\n    2.0830   -0.0004    0.0000 N   0  0  0  0  0  0  0  0  0  0  0  0\n    2.7977    0.4122    0.0000 C   0  0  0  0  0  0  0  0  0  0  0  0\n    3.5124   -0.0004    0.0000 C   0  0  0  0  0  0  0  0  0  0  0  0\n    1.3684    1.2373    0.0000 O   0  0  0  0  0  0  0  0  0  0  0  0\n   -0.0608    1.2373    0.0000 N   0  0  0  0  0  0  0  0  0  0  0  0\n   -3.7200   -0.8205    0.0000 N   0  0  0  0  0  0  0  0  0  0  0  0\n   -4.5269   -0.9920    0.0000 C   0  0  0  0  0  0  0  0  0  0  0  0\n   -4.9393   -0.2778    0.0000 N   0  0  0  0  0  0  0  0  0  0  0  0\n   -4.3873    0.3351    0.0000 N   0  0  0  0  0  0  0  0  0  0  0  0\n    4.2272    0.4119    0.0000 C   0  0  0  0  0  0  0  0  0  0  0  0\n    4.9393    0.0000    0.0000 C   0  0  0  0  0  0  0  0  0  0  0  0\n    4.9393   -0.8254    0.0000 C   0  0  0  0  0  0  0  0  0  0  0  0\n    4.2290   -1.2373    0.0000 C   0  0  0  0  0  0  0  0  0  0  0  0\n    3.5124   -0.8291    0.0000 C   0  0  0  0  0  0  0  0  0  0  0  0\n    2.7977    1.2373    0.0000 C   0  0  0  0  0  0  0  0  0  0  0  0\n    2.0089   -1.2946    0.0000 Cl  0  0  0  0  0  0  0  0  0  0  0  0\n  2  3  1  0\n  3  4  1  0\n  4  5  1  0\n  5  6  1  0\n  6  7  1  0\n  7  8  2  0\n  8  9  1  0\n  9 10  1  0\n 10 11  1  0\n 11 12  1  0\n  9 13  2  0\n  7 14  1  0\n 15  2  2  0\n 15 16  1  0\n 16 17  2  0\n 17 18  1  0\n 18  2  1  0\n 19 12  2  0\n 20 19  1  0\n 21 20  2  0\n 22 21  1  0\n 23 22  2  0\n 12 23  1  0\n 11 24  1  6\nM  END', 'standard_inchi': 'InChI=1S/C15H21N7O.2ClH/c1-11(12-6-3-2-4-7-12)20-15(23)21-14(16)17-9-5-8-13-18-10-19-22-13;;/h2-4,6-7,10-11H,5,8-9H2,1H3,(H,18,19,22)(H4,16,17,20,21,23);2*1H/t11-;;/m1../s1', 'standard_inchi_key': 'XRYVFZXIDAULKH-NVJADKKVSA-N'}",10.826813731587727,C[C@@H](NC(=O)/N=C(\N)NCCCc1ncn[nH]1)c1ccccc1.Cl.Cl
CHEMBL5184911,0.0149,nM,"{'canonical_smiles': 'CC(NC(=O)/N=C(\\N)NCCCc1nnc(N)s1)c1cccc(F)c1.Cl.Cl', 'molfile': '\n     RDKit          2D\n\n 27 26  0  0  0  0  0  0  0  0999 V2000\n    3.5386   -2.1875    0.0000 Cl  0  0  0  0  0  0  0  0  0  0  0  0\n   -3.5786   -0.0002    0.0000 C   0  0  0  0  0  0  0  0  0  0  0  0\n   -2.8641    0.4122    0.0000 C   0  0  0  0  0  0  0  0  0  0  0  0\n   -2.1494   -0.0002    0.0000 C   0  0  0  0  0  0  0  0  0  0  0  0\n   -1.4348    0.4122    0.0000 C   0  0  0  0  0  0  0  0  0  0  0  0\n   -0.7201   -0.0002    0.0000 N   0  0  0  0  0  0  0  0  0  0  0  0\n   -0.0055    0.4122    0.0000 C   0  0  0  0  0  0  0  0  0  0  0  0\n    0.7090   -0.0002    0.0000 N   0  0  0  0  0  0  0  0  0  0  0  0\n    1.4237    0.4122    0.0000 C   0  0  0  0  0  0  0  0  0  0  0  0\n    2.1383   -0.0002    0.0000 N   0  0  0  0  0  0  0  0  0  0  0  0\n    2.8529    0.4122    0.0000 C   0  0  0  0  0  0  0  0  0  0  0  0\n    3.5676   -0.0002    0.0000 C   0  0  0  0  0  0  0  0  0  0  0  0\n    4.2824    0.4119    0.0000 C   0  0  0  0  0  0  0  0  0  0  0  0\n    4.9946    0.0000    0.0000 C   0  0  0  0  0  0  0  0  0  0  0  0\n    4.9946   -0.8254    0.0000 C   0  0  0  0  0  0  0  0  0  0  0  0\n    4.2842   -1.2373    0.0000 C   0  0  0  0  0  0  0  0  0  0  0  0\n    3.5676   -0.8291    0.0000 C   0  0  0  0  0  0  0  0  0  0  0  0\n    2.8529    1.2373    0.0000 C   0  0  0  0  0  0  0  0  0  0  0  0\n    1.4237    1.2373    0.0000 O   0  0  0  0  0  0  0  0  0  0  0  0\n   -0.0055    1.2373    0.0000 N   0  0  0  0  0  0  0  0  0  0  0  0\n   -3.6648   -0.8205    0.0000 N   0  0  0  0  0  0  0  0  0  0  0  0\n   -4.4715   -0.9920    0.0000 N   0  0  0  0  0  0  0  0  0  0  0  0\n   -4.8839   -0.2777    0.0000 C   0  0  0  0  0  0  0  0  0  0  0  0\n   -4.3320    0.3351    0.0000 S   0  0  0  0  0  0  0  0  0  0  0  0\n   -5.7092   -0.2777    0.0000 N   0  0  0  0  0  0  0  0  0  0  0  0\n    5.7092    0.4126    0.0000 F   0  0  0  0  0  0  0  0  0  0  0  0\n    2.4225   -1.7410    0.0000 Cl  0  0  0  0  0  0  0  0  0  0  0  0\n  2  3  1  0\n  3  4  1  0\n  4  5  1  0\n  5  6  1  0\n  6  7  1  0\n  7  8  2  0\n  8  9  1  0\n  9 10  1  0\n 10 11  1  0\n 11 12  1  0\n 13 12  2  0\n 14 13  1  0\n 15 14  2  0\n 16 15  1  0\n 17 16  2  0\n 12 17  1  0\n 11 18  1  0\n  9 19  2  0\n  7 20  1  0\n 21  2  2  0\n 21 22  1  0\n 22 23  2  0\n 23 24  1  0\n 24  2  1  0\n 23 25  1  0\n 14 26  1  0\nM  END', 'standard_inchi': 'InChI=1S/C15H20FN7OS.2ClH/c1-9(10-4-2-5-11(16)8-10)20-15(24)21-13(17)19-7-3-6-12-22-23-14(18)25-12;;/h2,4-5,8-9H,3,6-7H2,1H3,(H2,18,23)(H4,17,19,20,21,24);2*1H', 'standard_inchi_key': 'ZPOWERYUAHMBNR-UHFFFAOYSA-N'}",10.826813731587727,CC(NC(=O)/N=C(\N)NCCCc1nnc(N)s1)c1cccc(F)c1.Cl.Cl
CHEMBL5204599,0.0149,nM,"{'canonical_smiles': 'CC(CNC(=O)/N=C(\\N)NCCCc1nnc(N)s1)C1CCCCC1.O=C(O)C(F)(F)F.O=C(O)C(F)(F)F', 'molfile': '\n     RDKit          2D\n\n 39 38  0  0  0  0  0  0  0  0999 V2000\n    2.3778    2.3937    0.0000 C   0  0  0  0  0  0  0  0  0  0  0  0\n    1.6633    1.9812    0.0000 O   0  0  0  0  0  0  0  0  0  0  0  0\n    2.3778    3.2187    0.0000 O   0  0  0  0  0  0  0  0  0  0  0  0\n    3.0923    1.9812    0.0000 C   0  0  0  0  0  0  0  0  0  0  0  0\n    3.0923    1.1562    0.0000 F   0  0  0  0  0  0  0  0  0  0  0  0\n    3.8067    2.3937    0.0000 F   0  0  0  0  0  0  0  0  0  0  0  0\n    3.8067    1.5687    0.0000 F   0  0  0  0  0  0  0  0  0  0  0  0\n   -3.5800   -0.3292    0.0000 C   0  0  0  0  0  0  0  0  0  0  0  0\n   -2.8655    0.0832    0.0000 C   0  0  0  0  0  0  0  0  0  0  0  0\n   -2.1507   -0.3294    0.0000 C   0  0  0  0  0  0  0  0  0  0  0  0\n   -1.4361    0.0832    0.0000 C   0  0  0  0  0  0  0  0  0  0  0  0\n   -0.7214   -0.3294    0.0000 N   0  0  0  0  0  0  0  0  0  0  0  0\n   -0.0067    0.0832    0.0000 C   0  0  0  0  0  0  0  0  0  0  0  0\n    0.7079   -0.3294    0.0000 N   0  0  0  0  0  0  0  0  0  0  0  0\n    1.4226    0.0832    0.0000 C   0  0  0  0  0  0  0  0  0  0  0  0\n    2.1373   -0.3294    0.0000 N   0  0  0  0  0  0  0  0  0  0  0  0\n    2.8520    0.0832    0.0000 C   0  0  0  0  0  0  0  0  0  0  0  0\n    3.5668   -0.3294    0.0000 C   0  0  0  0  0  0  0  0  0  0  0  0\n    4.2814    0.0832    0.0000 C   0  0  0  0  0  0  0  0  0  0  0  0\n    1.4226    0.9084    0.0000 O   0  0  0  0  0  0  0  0  0  0  0  0\n   -0.0067    0.9084    0.0000 N   0  0  0  0  0  0  0  0  0  0  0  0\n   -3.6662   -1.1495    0.0000 N   0  0  0  0  0  0  0  0  0  0  0  0\n   -4.4730   -1.3211    0.0000 N   0  0  0  0  0  0  0  0  0  0  0  0\n   -4.8855   -0.6068    0.0000 C   0  0  0  0  0  0  0  0  0  0  0  0\n   -4.3335    0.0062    0.0000 S   0  0  0  0  0  0  0  0  0  0  0  0\n   -5.7108   -0.6068    0.0000 N   0  0  0  0  0  0  0  0  0  0  0  0\n    3.5668   -1.1546    0.0000 C   0  0  0  0  0  0  0  0  0  0  0  0\n    4.2814    0.9084    0.0000 C   0  0  0  0  0  0  0  0  0  0  0  0\n    4.9961    1.3211    0.0000 C   0  0  0  0  0  0  0  0  0  0  0  0\n    5.7108    0.9084    0.0000 C   0  0  0  0  0  0  0  0  0  0  0  0\n    5.7108    0.0830    0.0000 C   0  0  0  0  0  0  0  0  0  0  0  0\n    4.9961   -0.3294    0.0000 C   0  0  0  0  0  0  0  0  0  0  0  0\n    1.1947   -2.1151    0.0000 C   0  0  0  0  0  0  0  0  0  0  0  0\n    0.4803   -2.5276    0.0000 O   0  0  0  0  0  0  0  0  0  0  0  0\n    1.1947   -1.2901    0.0000 O   0  0  0  0  0  0  0  0  0  0  0  0\n    1.9092   -2.5276    0.0000 C   0  0  0  0  0  0  0  0  0  0  0  0\n    1.9092   -3.3526    0.0000 F   0  0  0  0  0  0  0  0  0  0  0  0\n    2.6237   -2.1151    0.0000 F   0  0  0  0  0  0  0  0  0  0  0  0\n    2.6237   -2.9401    0.0000 F   0  0  0  0  0  0  0  0  0  0  0  0\n  1  4  1  0\n  2  1  1  0\n  1  3  2  0\n  4  7  1  0\n  4  6  1  0\n  4  5  1  0\n  8  9  1  0\n  9 10  1  0\n 10 11  1  0\n 11 12  1  0\n 12 13  1  0\n 13 14  2  0\n 14 15  1  0\n 15 16  1  0\n 16 17  1  0\n 17 18  1  0\n 18 19  1  0\n 15 20  2  0\n 13 21  1  0\n 22  8  2  0\n 22 23  1  0\n 23 24  2  0\n 24 25  1  0\n 25  8  1  0\n 24 26  1  0\n 18 27  1  0\n 28 19  1  0\n 29 28  1  0\n 30 29  1  0\n 31 30  1  0\n 32 31  1  0\n 19 32  1  0\n 33 36  1  0\n 34 33  1  0\n 33 35  2  0\n 36 39  1  0\n 36 38  1  0\n 36 37  1  0\nM  END', 'standard_inchi': 'InChI=1S/C16H29N7OS.2C2HF3O2/c1-11(12-6-3-2-4-7-12)10-20-16(24)21-14(17)19-9-5-8-13-22-23-15(18)25-13;2*3-2(4,5)1(6)7/h11-12H,2-10H2,1H3,(H2,18,23)(H4,17,19,20,21,24);2*(H,6,7)', 'standard_inchi_key': 'JEOHHJMBZWYLOK-UHFFFAOYSA-N'}",10.826813731587727,CC(CNC(=O)/N=C(\N)NCCCc1nnc(N)s1)C1CCCCC1.O=C(O)C(F)(F)F.O=C(O)C(F)(F)F
CHEMBL5200771,0.0149,nM,"{'canonical_smiles': 'CCCCCCNC(=O)/N=C(\\N)NCCCc1nnc(N)s1.O=C(O)C(F)(F)F.O=C(O)C(F)(F)F', 'molfile': '\n     RDKit          2D\n\n 36 34  0  0  0  0  0  0  0  0999 V2000\n    2.7677   -2.0482    0.0000 C   0  0  0  0  0  0  0  0  0  0  0  0\n    2.0532   -2.4607    0.0000 O   0  0  0  0  0  0  0  0  0  0  0  0\n    2.7677   -1.2232    0.0000 O   0  0  0  0  0  0  0  0  0  0  0  0\n    3.4822   -2.4607    0.0000 C   0  0  0  0  0  0  0  0  0  0  0  0\n    3.4822   -3.2857    0.0000 F   0  0  0  0  0  0  0  0  0  0  0  0\n    4.1967   -2.0482    0.0000 F   0  0  0  0  0  0  0  0  0  0  0  0\n    4.1967   -2.8732    0.0000 F   0  0  0  0  0  0  0  0  0  0  0  0\n   -3.9371   -0.1229    0.0000 C   0  0  0  0  0  0  0  0  0  0  0  0\n   -3.2226    0.2895    0.0000 C   0  0  0  0  0  0  0  0  0  0  0  0\n   -2.5079   -0.1230    0.0000 C   0  0  0  0  0  0  0  0  0  0  0  0\n   -1.7934    0.2895    0.0000 C   0  0  0  0  0  0  0  0  0  0  0  0\n   -1.0787   -0.1230    0.0000 N   0  0  0  0  0  0  0  0  0  0  0  0\n   -0.3641    0.2895    0.0000 C   0  0  0  0  0  0  0  0  0  0  0  0\n    0.3505   -0.1230    0.0000 N   0  0  0  0  0  0  0  0  0  0  0  0\n   -0.3641    1.1146    0.0000 N   0  0  0  0  0  0  0  0  0  0  0  0\n    1.0651    0.2895    0.0000 C   0  0  0  0  0  0  0  0  0  0  0  0\n    1.7798   -0.1230    0.0000 N   0  0  0  0  0  0  0  0  0  0  0  0\n    1.0651    1.1146    0.0000 O   0  0  0  0  0  0  0  0  0  0  0  0\n    2.4944    0.2895    0.0000 C   0  0  0  0  0  0  0  0  0  0  0  0\n    3.2091   -0.1230    0.0000 C   0  0  0  0  0  0  0  0  0  0  0  0\n    3.9237    0.2895    0.0000 C   0  0  0  0  0  0  0  0  0  0  0  0\n    4.6384   -0.1230    0.0000 C   0  0  0  0  0  0  0  0  0  0  0  0\n    5.3530    0.2895    0.0000 C   0  0  0  0  0  0  0  0  0  0  0  0\n   -4.0233   -0.9431    0.0000 N   0  0  0  0  0  0  0  0  0  0  0  0\n   -4.8301   -1.1146    0.0000 N   0  0  0  0  0  0  0  0  0  0  0  0\n   -5.2425   -0.4003    0.0000 C   0  0  0  0  0  0  0  0  0  0  0  0\n   -4.6905    0.2124    0.0000 S   0  0  0  0  0  0  0  0  0  0  0  0\n   -6.0677   -0.4003    0.0000 N   0  0  0  0  0  0  0  0  0  0  0  0\n    6.0677   -0.1230    0.0000 C   0  0  0  0  0  0  0  0  0  0  0  0\n   -0.6250   -1.9589    0.0000 C   0  0  0  0  0  0  0  0  0  0  0  0\n   -1.3395   -2.3714    0.0000 O   0  0  0  0  0  0  0  0  0  0  0  0\n   -0.6250   -1.1339    0.0000 O   0  0  0  0  0  0  0  0  0  0  0  0\n    0.0893   -2.3714    0.0000 C   0  0  0  0  0  0  0  0  0  0  0  0\n    0.0893   -3.1964    0.0000 F   0  0  0  0  0  0  0  0  0  0  0  0\n    0.8038   -1.9589    0.0000 F   0  0  0  0  0  0  0  0  0  0  0  0\n    0.8038   -2.7839    0.0000 F   0  0  0  0  0  0  0  0  0  0  0  0\n  1  4  1  0\n  2  1  1  0\n  1  3  2  0\n  4  7  1  0\n  4  6  1  0\n  4  5  1  0\n  8  9  1  0\n  9 10  1  0\n 10 11  1  0\n 11 12  1  0\n 12 13  1  0\n 13 14  2  0\n 13 15  1  0\n 14 16  1  0\n 16 17  1  0\n 16 18  2  0\n 17 19  1  0\n 19 20  1  0\n 20 21  1  0\n 21 22  1  0\n 22 23  1  0\n 24  8  2  0\n 24 25  1  0\n 25 26  2  0\n 26 27  1  0\n 27  8  1  0\n 26 28  1  0\n 23 29  1  0\n 30 33  1  0\n 31 30  1  0\n 30 32  2  0\n 33 36  1  0\n 33 35  1  0\n 33 34  1  0\nM  END', 'standard_inchi': 'InChI=1S/C13H25N7OS.2C2HF3O2/c1-2-3-4-5-8-17-13(21)18-11(14)16-9-6-7-10-19-20-12(15)22-10;2*3-2(4,5)1(6)7/h2-9H2,1H3,(H2,15,20)(H4,14,16,17,18,21);2*(H,6,7)', 'standard_inchi_key': 'XATIGWXDOZQAKL-UHFFFAOYSA-N'}",10.826813731587727,CCCCCCNC(=O)/N=C(\N)NCCCc1nnc(N)s1.O=C(O)C(F)(F)F.O=C(O)C(F)(F)F
CHEMBL5202592,0.0149,nM,"{'canonical_smiles': 'Cc1ccc(CC(C)CNC(=O)/N=C(\\N)NCCCc2cnc(N)s2)cc1.O=C(O)C(F)(F)F.O=C(O)C(F)(F)F', 'molfile': '\n     RDKit          2D\n\n 41 40  0  0  0  0  0  0  0  0999 V2000\n    3.2882    2.2053    0.0000 C   0  0  0  0  0  0  0  0  0  0  0  0\n    2.5737    1.7928    0.0000 O   0  0  0  0  0  0  0  0  0  0  0  0\n    3.2882    3.0303    0.0000 O   0  0  0  0  0  0  0  0  0  0  0  0\n    4.0027    1.7928    0.0000 C   0  0  0  0  0  0  0  0  0  0  0  0\n    4.0027    0.9678    0.0000 F   0  0  0  0  0  0  0  0  0  0  0  0\n    4.7172    2.2053    0.0000 F   0  0  0  0  0  0  0  0  0  0  0  0\n    4.7172    1.3803    0.0000 F   0  0  0  0  0  0  0  0  0  0  0  0\n   -4.2932    0.0004    0.0000 C   0  0  0  0  0  0  0  0  0  0  0  0\n   -3.5787    0.4129    0.0000 C   0  0  0  0  0  0  0  0  0  0  0  0\n   -2.8641    0.0002    0.0000 C   0  0  0  0  0  0  0  0  0  0  0  0\n   -2.1494    0.4129    0.0000 C   0  0  0  0  0  0  0  0  0  0  0  0\n   -1.4347    0.0002    0.0000 N   0  0  0  0  0  0  0  0  0  0  0  0\n   -0.7201    0.4129    0.0000 C   0  0  0  0  0  0  0  0  0  0  0  0\n   -0.0055    0.0002    0.0000 N   0  0  0  0  0  0  0  0  0  0  0  0\n    0.7090    0.4129    0.0000 C   0  0  0  0  0  0  0  0  0  0  0  0\n    1.4238    0.0002    0.0000 N   0  0  0  0  0  0  0  0  0  0  0  0\n    2.1384    0.4129    0.0000 C   0  0  0  0  0  0  0  0  0  0  0  0\n    2.8530    0.0002    0.0000 C   0  0  0  0  0  0  0  0  0  0  0  0\n    3.5679    0.4127    0.0000 C   0  0  0  0  0  0  0  0  0  0  0  0\n    0.7090    1.2381    0.0000 O   0  0  0  0  0  0  0  0  0  0  0  0\n   -0.7201    1.2381    0.0000 N   0  0  0  0  0  0  0  0  0  0  0  0\n   -4.3793   -0.8197    0.0000 C   0  0  0  0  0  0  0  0  0  0  0  0\n   -5.1861   -0.9913    0.0000 N   0  0  0  0  0  0  0  0  0  0  0  0\n   -5.5986   -0.2770    0.0000 C   0  0  0  0  0  0  0  0  0  0  0  0\n   -5.0466    0.3357    0.0000 S   0  0  0  0  0  0  0  0  0  0  0  0\n   -6.4238   -0.2770    0.0000 N   0  0  0  0  0  0  0  0  0  0  0  0\n    2.8530   -0.8248    0.0000 C   0  0  0  0  0  0  0  0  0  0  0  0\n    4.2824    0.0000    0.0000 C   0  0  0  0  0  0  0  0  0  0  0  0\n    4.9973    0.4121    0.0000 C   0  0  0  0  0  0  0  0  0  0  0  0\n    5.7093    0.0000    0.0000 C   0  0  0  0  0  0  0  0  0  0  0  0\n    5.7091   -0.8255    0.0000 C   0  0  0  0  0  0  0  0  0  0  0  0\n    4.9987   -1.2372    0.0000 C   0  0  0  0  0  0  0  0  0  0  0  0\n    4.2821   -0.8288    0.0000 C   0  0  0  0  0  0  0  0  0  0  0  0\n    6.4238   -1.2381    0.0000 C   0  0  0  0  0  0  0  0  0  0  0  0\n    1.4302   -2.2632    0.0000 C   0  0  0  0  0  0  0  0  0  0  0  0\n    0.7157   -2.6757    0.0000 O   0  0  0  0  0  0  0  0  0  0  0  0\n    1.4302   -1.4382    0.0000 O   0  0  0  0  0  0  0  0  0  0  0  0\n    2.1447   -2.6757    0.0000 C   0  0  0  0  0  0  0  0  0  0  0  0\n    2.1447   -3.5007    0.0000 F   0  0  0  0  0  0  0  0  0  0  0  0\n    2.8591   -2.2632    0.0000 F   0  0  0  0  0  0  0  0  0  0  0  0\n    2.8591   -3.0882    0.0000 F   0  0  0  0  0  0  0  0  0  0  0  0\n  1  4  1  0\n  2  1  1  0\n  1  3  2  0\n  4  7  1  0\n  4  6  1  0\n  4  5  1  0\n  8  9  1  0\n  9 10  1  0\n 10 11  1  0\n 11 12  1  0\n 12 13  1  0\n 13 14  2  0\n 14 15  1  0\n 15 16  1  0\n 16 17  1  0\n 17 18  1  0\n 19 18  1  0\n 15 20  2  0\n 13 21  1  0\n 22  8  2  0\n 22 23  1  0\n 23 24  2  0\n 24 25  1  0\n 25  8  1  0\n 24 26  1  0\n 18 27  1  0\n 19 28  1  0\n 29 28  2  0\n 30 29  1  0\n 31 30  2  0\n 32 31  1  0\n 33 32  2  0\n 28 33  1  0\n 31 34  1  0\n 35 38  1  0\n 36 35  1  0\n 35 37  2  0\n 38 41  1  0\n 38 40  1  0\n 38 39  1  0\nM  END', 'standard_inchi': 'InChI=1S/C19H28N6OS.2C2HF3O2/c1-13-5-7-15(8-6-13)10-14(2)11-24-19(26)25-17(20)22-9-3-4-16-12-23-18(21)27-16;2*3-2(4,5)1(6)7/h5-8,12,14H,3-4,9-11H2,1-2H3,(H2,21,23)(H4,20,22,24,25,26);2*(H,6,7)', 'standard_inchi_key': 'ZZDDLWVPLCUTER-UHFFFAOYSA-N'}",10.826813731587727,Cc1ccc(CC(C)CNC(=O)/N=C(\N)NCCCc2cnc(N)s2)cc1.O=C(O)C(F)(F)F.O=C(O)C(F)(F)F
CHEMBL5198795,0.0149,nM,"{'canonical_smiles': 'CC(CCCc1ccccc1)CNC(=O)/N=C(\\N)NCCCc1nnc(N)s1.O=C(O)C(F)(F)F.O=C(O)C(F)(F)F', 'molfile': '\n     RDKit          2D\n\n 42 41  0  0  0  0  0  0  0  0999 V2000\n    1.2499   -2.2044    0.0000 C   0  0  0  0  0  0  0  0  0  0  0  0\n    0.5354   -2.6168    0.0000 O   0  0  0  0  0  0  0  0  0  0  0  0\n    1.2499   -1.3794    0.0000 O   0  0  0  0  0  0  0  0  0  0  0  0\n    1.9643   -2.6168    0.0000 C   0  0  0  0  0  0  0  0  0  0  0  0\n    1.9643   -3.4419    0.0000 F   0  0  0  0  0  0  0  0  0  0  0  0\n    2.6788   -2.2044    0.0000 F   0  0  0  0  0  0  0  0  0  0  0  0\n    2.6788   -3.0294    0.0000 F   0  0  0  0  0  0  0  0  0  0  0  0\n   -3.9362   -0.1229    0.0000 C   0  0  0  0  0  0  0  0  0  0  0  0\n   -3.2215    0.2895    0.0000 C   0  0  0  0  0  0  0  0  0  0  0  0\n   -2.5070   -0.1230    0.0000 C   0  0  0  0  0  0  0  0  0  0  0  0\n   -1.7923    0.2895    0.0000 C   0  0  0  0  0  0  0  0  0  0  0  0\n   -1.0774   -0.1230    0.0000 N   0  0  0  0  0  0  0  0  0  0  0  0\n   -0.3629    0.2895    0.0000 C   0  0  0  0  0  0  0  0  0  0  0  0\n    0.3517   -0.1230    0.0000 N   0  0  0  0  0  0  0  0  0  0  0  0\n    1.0664    0.2895    0.0000 C   0  0  0  0  0  0  0  0  0  0  0  0\n    1.7811   -0.1230    0.0000 N   0  0  0  0  0  0  0  0  0  0  0  0\n    2.4958    0.2895    0.0000 C   0  0  0  0  0  0  0  0  0  0  0  0\n    3.2105   -0.1230    0.0000 C   0  0  0  0  0  0  0  0  0  0  0  0\n    3.9254    0.2893    0.0000 C   0  0  0  0  0  0  0  0  0  0  0  0\n    1.0664    1.1148    0.0000 O   0  0  0  0  0  0  0  0  0  0  0  0\n   -0.3629    1.1148    0.0000 N   0  0  0  0  0  0  0  0  0  0  0  0\n   -4.0224   -0.9432    0.0000 N   0  0  0  0  0  0  0  0  0  0  0  0\n   -4.8293   -1.1148    0.0000 N   0  0  0  0  0  0  0  0  0  0  0  0\n   -5.2417   -0.4004    0.0000 C   0  0  0  0  0  0  0  0  0  0  0  0\n   -4.6897    0.2124    0.0000 S   0  0  0  0  0  0  0  0  0  0  0  0\n   -6.0670   -0.4004    0.0000 N   0  0  0  0  0  0  0  0  0  0  0  0\n    3.2105   -0.9483    0.0000 C   0  0  0  0  0  0  0  0  0  0  0  0\n    4.6400   -0.1234    0.0000 C   0  0  0  0  0  0  0  0  0  0  0  0\n    5.3550    0.2888    0.0000 C   0  0  0  0  0  0  0  0  0  0  0  0\n    6.0670   -0.1234    0.0000 C   0  0  0  0  0  0  0  0  0  0  0  0\n    6.0670   -0.9483    0.0000 C   0  0  0  0  0  0  0  0  0  0  0  0\n    6.7815   -1.3609    0.0000 C   0  0  0  0  0  0  0  0  0  0  0  0\n    7.4960   -0.9484    0.0000 C   0  0  0  0  0  0  0  0  0  0  0  0\n    7.4960   -0.1234    0.0000 C   0  0  0  0  0  0  0  0  0  0  0  0\n    6.7814    0.2891    0.0000 C   0  0  0  0  0  0  0  0  0  0  0  0\n    3.3034    2.3714    0.0000 C   0  0  0  0  0  0  0  0  0  0  0  0\n    2.5890    1.9589    0.0000 O   0  0  0  0  0  0  0  0  0  0  0  0\n    3.3034    3.1964    0.0000 O   0  0  0  0  0  0  0  0  0  0  0  0\n    4.0179    1.9589    0.0000 C   0  0  0  0  0  0  0  0  0  0  0  0\n    4.0179    1.1338    0.0000 F   0  0  0  0  0  0  0  0  0  0  0  0\n    4.7324    2.3714    0.0000 F   0  0  0  0  0  0  0  0  0  0  0  0\n    4.7324    1.5464    0.0000 F   0  0  0  0  0  0  0  0  0  0  0  0\n  1  4  1  0\n  2  1  1  0\n  1  3  2  0\n  4  7  1  0\n  4  6  1  0\n  4  5  1  0\n  8  9  1  0\n  9 10  1  0\n 10 11  1  0\n 11 12  1  0\n 12 13  1  0\n 13 14  2  0\n 14 15  1  0\n 15 16  1  0\n 16 17  1  0\n 17 18  1  0\n 19 18  1  0\n 15 20  2  0\n 13 21  1  0\n 22  8  2  0\n 22 23  1  0\n 23 24  2  0\n 24 25  1  0\n 25  8  1  0\n 24 26  1  0\n 18 27  1  0\n 19 28  1  0\n 29 28  1  0\n 30 29  1  0\n 31 32  1  0\n 32 33  2  0\n 33 34  1  0\n 34 35  2  0\n 30 31  2  0\n 35 30  1  0\n 36 39  1  0\n 37 36  1  0\n 36 38  2  0\n 39 42  1  0\n 39 41  1  0\n 39 40  1  0\nM  END', 'standard_inchi': 'InChI=1S/C19H29N7OS.2C2HF3O2/c1-14(7-5-10-15-8-3-2-4-9-15)13-23-19(27)24-17(20)22-12-6-11-16-25-26-18(21)28-16;2*3-2(4,5)1(6)7/h2-4,8-9,14H,5-7,10-13H2,1H3,(H2,21,26)(H4,20,22,23,24,27);2*(H,6,7)', 'standard_inchi_key': 'RMUCLANWKRJBIV-UHFFFAOYSA-N'}",10.826813731587727,CC(CCCc1ccccc1)CNC(=O)/N=C(\N)NCCCc1nnc(N)s1.O=C(O)C(F)(F)F.O=C(O)C(F)(F)F
CHEMBL1774386,0.03,nM,"{'canonical_smiles': 'O=C(NCCC(F)CN1CCN(c2cccc(Cl)c2Cl)CC1)c1cc2ccccc2o1', 'molfile': '\n     RDKit          2D\n\n 31 34  0  0  0  0  0  0  0  0999 V2000\n   12.4051   -1.0876    0.0000 N   0  0  0  0  0  0  0  0  0  0  0  0\n   13.1195   -0.6750    0.0000 C   0  0  0  0  0  0  0  0  0  0  0  0\n   13.8341   -1.0876    0.0000 C   0  0  0  0  0  0  0  0  0  0  0  0\n   14.5486   -0.6750    0.0000 C   0  0  0  0  0  0  0  0  0  0  0  0\n   11.6905   -0.6750    0.0000 C   0  0  0  0  0  0  0  0  0  0  0  0\n   10.9760   -1.0876    0.0000 C   0  0  0  0  0  0  0  0  0  0  0  0\n   11.6905    0.1500    0.0000 O   0  0  0  0  0  0  0  0  0  0  0  0\n   15.2632   -1.0876    0.0000 C   0  0  0  0  0  0  0  0  0  0  0  0\n   15.9776   -0.6750    0.0000 N   0  0  0  0  0  0  0  0  0  0  0  0\n   16.6912   -1.0912    0.0000 C   0  0  0  0  0  0  0  0  0  0  0  0\n   17.4035   -0.6821    0.0000 C   0  0  0  0  0  0  0  0  0  0  0  0\n   17.4078    0.1432    0.0000 N   0  0  0  0  0  0  0  0  0  0  0  0\n   16.6935    0.5579    0.0000 C   0  0  0  0  0  0  0  0  0  0  0  0\n   15.9748    0.1472    0.0000 C   0  0  0  0  0  0  0  0  0  0  0  0\n   18.1239    0.5530    0.0000 C   0  0  0  0  0  0  0  0  0  0  0  0\n   18.8344    0.1339    0.0000 C   0  0  0  0  0  0  0  0  0  0  0  0\n   19.5501    0.5430    0.0000 C   0  0  0  0  0  0  0  0  0  0  0  0\n   19.5536    1.3690    0.0000 C   0  0  0  0  0  0  0  0  0  0  0  0\n   18.8356    1.7840    0.0000 C   0  0  0  0  0  0  0  0  0  0  0  0\n   18.1230    1.3725    0.0000 C   0  0  0  0  0  0  0  0  0  0  0  0\n   14.5486    0.1500    0.0000 F   0  0  0  0  0  0  0  0  0  0  0  0\n   10.2165   -0.7545    0.0000 C   0  0  0  0  0  0  0  0  0  0  0  0\n   10.8840   -1.9105    0.0000 O   0  0  0  0  0  0  0  0  0  0  0  0\n   10.0770   -2.0821    0.0000 C   0  0  0  0  0  0  0  0  0  0  0  0\n    9.6690   -1.3680    0.0000 C   0  0  0  0  0  0  0  0  0  0  0  0\n    8.8484   -1.3652    0.0000 C   0  0  0  0  0  0  0  0  0  0  0  0\n    8.4348   -2.0758    0.0000 C   0  0  0  0  0  0  0  0  0  0  0  0\n    8.8478   -2.7908    0.0000 C   0  0  0  0  0  0  0  0  0  0  0  0\n    9.6671   -2.7900    0.0000 C   0  0  0  0  0  0  0  0  0  0  0  0\n   18.8289   -0.6911    0.0000 Cl  0  0  0  0  0  0  0  0  0  0  0  0\n   20.2628    0.1275    0.0000 Cl  0  0  0  0  0  0  0  0  0  0  0  0\n  4  8  1  0\n 15 16  2  0\n 16 17  1  0\n  8  9  1  0\n 17 18  2  0\n  9 10  1  0\n 18 19  1  0\n  1  5  1  0\n 19 20  2  0\n 20 15  1  0\n  2  3  1  0\n  4 21  1  0\n  6 22  2  0\n  5  6  1  0\n  1  2  1  0\n 22 25  1  0\n 24 23  1  0\n 23  6  1  0\n  5  7  2  0\n  9 14  1  0\n 24 25  2  0\n 10 11  1  0\n 25 26  1  0\n 11 12  1  0\n 26 27  2  0\n 12 13  1  0\n 27 28  1  0\n 13 14  1  0\n 28 29  2  0\n 29 24  1  0\n  3  4  1  0\n 16 30  1  0\n 12 15  1  0\n 17 31  1  0\nM  END', 'standard_inchi': 'InChI=1S/C23H24Cl2FN3O2/c24-18-5-3-6-19(22(18)25)29-12-10-28(11-13-29)15-17(26)8-9-27-23(30)21-14-16-4-1-2-7-20(16)31-21/h1-7,14,17H,8-13,15H2,(H,27,30)', 'standard_inchi_key': 'LRBUVURCWWAQQT-UHFFFAOYSA-N'}",10.522878745280337,O=C(NCCC(F)CN1CCN(c2cccc(Cl)c2Cl)CC1)c1cc2ccccc2o1
CHEMBL267932,0.097,nM,"{'canonical_smiles': 'CN1CN(c2ccccc2)C2(CCN(CCCC(=O)c3ccc(F)cc3)CC2)C1=O', 'molfile': '\n     RDKit          2D\n\n 30 33  0  0  0  0  0  0  0  0999 V2000\n    2.6792   -1.1250    0.0000 C   0  0  0  0  0  0  0  0  0  0  0  0\n    2.6417   -0.4167    0.0000 N   0  0  0  0  0  0  0  0  0  0  0  0\n    3.7500   -0.7042    0.0000 N   0  0  0  0  0  0  0  0  0  0  0  0\n    3.3667   -1.3042    0.0000 C   0  0  0  0  0  0  0  0  0  0  0  0\n    3.3042   -0.1542    0.0000 C   0  0  0  0  0  0  0  0  0  0  0  0\n    2.6792   -1.8292    0.0000 C   0  0  0  0  0  0  0  0  0  0  0  0\n    2.0667   -0.7667    0.0000 C   0  0  0  0  0  0  0  0  0  0  0  0\n    1.4625   -1.8292    0.0000 N   0  0  0  0  0  0  0  0  0  0  0  0\n    2.2875    0.2000    0.0000 C   0  0  0  0  0  0  0  0  0  0  0  0\n    3.6250   -1.9625    0.0000 O   0  0  0  0  0  0  0  0  0  0  0  0\n    4.6292   -0.6667    0.0000 C   0  0  0  0  0  0  0  0  0  0  0  0\n   -0.9958   -1.8292    0.0000 C   0  0  0  0  0  0  0  0  0  0  0  0\n   -1.6083   -2.1792    0.0000 C   0  0  0  0  0  0  0  0  0  0  0  0\n    2.0667   -2.1875    0.0000 C   0  0  0  0  0  0  0  0  0  0  0  0\n    1.4625   -1.1250    0.0000 C   0  0  0  0  0  0  0  0  0  0  0  0\n   -0.9958   -1.1167    0.0000 O   0  0  0  0  0  0  0  0  0  0  0  0\n   -2.2208   -1.8292    0.0000 C   0  0  0  0  0  0  0  0  0  0  0  0\n   -1.6083   -2.8917    0.0000 C   0  0  0  0  0  0  0  0  0  0  0  0\n   -2.8333   -2.8917    0.0000 C   0  0  0  0  0  0  0  0  0  0  0  0\n   -2.2125   -3.2417    0.0000 C   0  0  0  0  0  0  0  0  0  0  0  0\n   -2.8333   -2.1792    0.0000 C   0  0  0  0  0  0  0  0  0  0  0  0\n   -3.4458   -3.2417    0.0000 F   0  0  0  0  0  0  0  0  0  0  0  0\n    0.8417   -2.1792    0.0000 C   0  0  0  0  0  0  0  0  0  0  0  0\n    0.2292   -1.8292    0.0000 C   0  0  0  0  0  0  0  0  0  0  0  0\n   -0.3833   -2.1792    0.0000 C   0  0  0  0  0  0  0  0  0  0  0  0\n    2.6417    0.8208    0.0000 C   0  0  0  0  0  0  0  0  0  0  0  0\n    1.5667    0.2000    0.0000 C   0  0  0  0  0  0  0  0  0  0  0  0\n    1.2125    0.8208    0.0000 C   0  0  0  0  0  0  0  0  0  0  0  0\n    2.2875    1.4458    0.0000 C   0  0  0  0  0  0  0  0  0  0  0  0\n    1.5667    1.4458    0.0000 C   0  0  0  0  0  0  0  0  0  0  0  0\n  2  1  1  0\n  3  4  1  0\n  4  1  1  0\n  5  2  1  0\n  6  1  1  0\n  7  1  1  0\n  8 15  1  0\n  9  2  1  0\n 10  4  2  0\n 11  3  1  0\n 12 25  1  0\n 13 12  1  0\n 14  6  1  0\n 15  7  1  0\n 16 12  2  0\n 17 13  2  0\n 18 13  1  0\n 19 20  1  0\n 20 18  2  0\n 21 17  1  0\n 22 19  1  0\n 23  8  1  0\n 24 23  1  0\n 25 24  1  0\n 26  9  2  0\n 27  9  1  0\n 28 27  2  0\n 29 26  1  0\n 30 28  1  0\n 14  8  1  0\n  5  3  1  0\n 30 29  2  0\n 19 21  2  0\nM  END', 'standard_inchi': 'InChI=1S/C24H28FN3O2/c1-26-18-28(21-6-3-2-4-7-21)24(23(26)30)13-16-27(17-14-24)15-5-8-22(29)19-9-11-20(25)12-10-19/h2-4,6-7,9-12H,5,8,13-18H2,1H3', 'standard_inchi_key': 'QHJLPOSPWKZACG-UHFFFAOYSA-N'}",10.013228265733755,CN1CN(c2ccccc2)C2(CCN(CCCC(=O)c3ccc(F)cc3)CC2)C1=O
CHEMBL267930,0.16,nM,"{'canonical_smiles': 'O=C(CCCN1CCC2(CC1)C(=O)NCN2c1ccccc1)c1ccc(F)cc1', 'molfile': '\n     RDKit          2D\n\n 29 32  0  0  0  0  0  0  0  0999 V2000\n   -1.6125    0.0208    0.0000 C   0  0  0  0  0  0  0  0  0  0  0  0\n   -2.4583   -0.4792    0.0000 N   0  0  0  0  0  0  0  0  0  0  0  0\n   -2.7625    1.0250    0.0000 N   0  0  0  0  0  0  0  0  0  0  0  0\n   -1.8208    0.9208    0.0000 C   0  0  0  0  0  0  0  0  0  0  0  0\n   -3.1625    0.1708    0.0000 C   0  0  0  0  0  0  0  0  0  0  0  0\n   -1.6125   -0.9542    0.0000 C   0  0  0  0  0  0  0  0  0  0  0  0\n   -0.7833    0.4833    0.0000 C   0  0  0  0  0  0  0  0  0  0  0  0\n    0.0542   -0.9542    0.0000 N   0  0  0  0  0  0  0  0  0  0  0  0\n   -2.8458   -1.3417    0.0000 C   0  0  0  0  0  0  0  0  0  0  0  0\n    3.4292   -0.9292    0.0000 C   0  0  0  0  0  0  0  0  0  0  0  0\n    3.4292    0.0625    0.0000 C   0  0  0  0  0  0  0  0  0  0  0  0\n   -1.1958    1.6625    0.0000 O   0  0  0  0  0  0  0  0  0  0  0  0\n    0.0542    0.0208    0.0000 C   0  0  0  0  0  0  0  0  0  0  0  0\n   -0.7833   -1.4542    0.0000 C   0  0  0  0  0  0  0  0  0  0  0  0\n    4.2750   -1.4000    0.0000 O   0  0  0  0  0  0  0  0  0  0  0  0\n    4.2750    0.5333    0.0000 C   0  0  0  0  0  0  0  0  0  0  0  0\n    2.6000    0.5333    0.0000 C   0  0  0  0  0  0  0  0  0  0  0  0\n    3.4292    1.9708    0.0000 C   0  0  0  0  0  0  0  0  0  0  0  0\n    2.6000    1.5000    0.0000 C   0  0  0  0  0  0  0  0  0  0  0  0\n    4.2750    1.5000    0.0000 C   0  0  0  0  0  0  0  0  0  0  0  0\n    3.4292    2.9458    0.0000 F   0  0  0  0  0  0  0  0  0  0  0  0\n    0.9167   -1.4542    0.0000 C   0  0  0  0  0  0  0  0  0  0  0  0\n    1.7542   -0.9542    0.0000 C   0  0  0  0  0  0  0  0  0  0  0  0\n    2.6000   -1.4167    0.0000 C   0  0  0  0  0  0  0  0  0  0  0  0\n   -3.8500   -1.3542    0.0000 C   0  0  0  0  0  0  0  0  0  0  0  0\n   -2.4083   -2.2167    0.0000 C   0  0  0  0  0  0  0  0  0  0  0  0\n   -2.9083   -3.0500    0.0000 C   0  0  0  0  0  0  0  0  0  0  0  0\n   -4.3458   -2.2500    0.0000 C   0  0  0  0  0  0  0  0  0  0  0  0\n   -3.8750   -3.0500    0.0000 C   0  0  0  0  0  0  0  0  0  0  0  0\n  2  1  1  0\n  3  4  1  0\n  4  1  1  0\n  5  2  1  0\n  6  1  1  0\n  7  1  1  0\n  8 13  1  0\n  9  2  1  0\n 10 24  1  0\n 11 10  1  0\n 12  4  2  0\n 13  7  1  0\n 14  6  1  0\n 15 10  2  0\n 16 11  1  0\n 17 11  2  0\n 18 19  2  0\n 19 17  1  0\n 20 16  2  0\n 21 18  1  0\n 22  8  1  0\n 23 22  1  0\n 24 23  1  0\n 25  9  1  0\n 26  9  2  0\n 27 26  1  0\n 28 25  2  0\n 29 27  2  0\n 14  8  1  0\n  5  3  1  0\n 28 29  1  0\n 20 18  1  0\nM  END\n', 'standard_inchi': 'InChI=1S/C23H26FN3O2/c24-19-10-8-18(9-11-19)21(28)7-4-14-26-15-12-23(13-16-26)22(29)25-17-27(23)20-5-2-1-3-6-20/h1-3,5-6,8-11H,4,7,12-17H2,(H,25,29)', 'standard_inchi_key': 'DKGZKTPJOSAWFA-UHFFFAOYSA-N'}",9.795880017344075,O=C(CCCN1CCC2(CC1)C(=O)NCN2c1ccccc1)c1ccc(F)cc1
CHEMBL18598,0.43,nM,"{'canonical_smiles': 'CN1CCc2cc(F)cc3c2[C@H]1Cc1ccc(O)c(O)c1-3', 'molfile': '\n     RDKit          2D\n\n 22 25  0  0  0  0  0  0  0  0999 V2000\n    3.8056    0.9617    0.0000 C   0  0  0  0  0  0  0  0  0  0  0  0\n    3.8056    0.1328    0.0000 N   0  0  0  0  0  0  0  0  0  0  0  0\n    4.5195    1.3785    0.0000 C   0  0  0  0  0  0  0  0  0  0  0  0\n    5.2379    0.9617    0.0000 C   0  0  0  0  0  0  0  0  0  0  0  0\n    6.6671    0.1343    0.0000 C   0  0  0  0  0  0  0  0  0  0  0  0\n    6.6647    0.9646    0.0000 C   0  0  0  0  0  0  0  0  0  0  0  0\n    5.9497    1.3739    0.0000 C   0  0  0  0  0  0  0  0  0  0  0  0\n    5.9506   -0.2785    0.0000 C   0  0  0  0  0  0  0  0  0  0  0  0\n    5.2334    0.1332    0.0000 C   0  0  0  0  0  0  0  0  0  0  0  0\n    4.5222   -0.2797    0.0000 C   0  0  0  0  0  0  0  0  0  0  0  0\n    4.5220   -1.1061    0.0000 C   0  0  0  0  0  0  0  0  0  0  0  0\n    5.9566   -1.1032    0.0000 C   0  0  0  0  0  0  0  0  0  0  0  0\n    5.2410   -1.5137    0.0000 C   0  0  0  0  0  0  0  0  0  0  0  0\n    5.2397   -2.3368    0.0000 C   0  0  0  0  0  0  0  0  0  0  0  0\n    5.9532   -2.7504    0.0000 C   0  0  0  0  0  0  0  0  0  0  0  0\n    6.6696   -2.3349    0.0000 C   0  0  0  0  0  0  0  0  0  0  0  0\n    6.6674   -1.5131    0.0000 C   0  0  0  0  0  0  0  0  0  0  0  0\n    7.3806   -1.0999    0.0000 O   0  0  0  0  0  0  0  0  0  0  0  0\n    7.3843   -2.7454    0.0000 O   0  0  0  0  0  0  0  0  0  0  0  0\n    3.0912   -0.2748    0.0000 C   0  0  0  0  0  0  0  0  0  0  0  0\n    3.8056   -0.6869    0.0000 H   0  0  0  0  0  0  0  0  0  0  0  0\n    7.3772    1.3789    0.0000 F   0  0  0  0  0  0  0  0  0  0  0  0\n  8 12  1  0\n  9 10  1  0\n 10 11  1  0\n 11 13  1  0\n  8  5  2  0\n  1  3  1  0\n 12 13  2  0\n  5  6  1  0\n 13 14  1  0\n  2 10  1  0\n 14 15  2  0\n  6  7  2  0\n 15 16  1  0\n  7  4  1  0\n 16 17  2  0\n 17 12  1  0\n  8  9  1  0\n 17 18  1  0\n  4  3  1  0\n 16 19  1  0\n  1  2  1  0\n  2 20  1  0\n  4  9  2  0\n 10 21  1  6\n  6 22  1  0\nM  END', 'standard_inchi': 'InChI=1S/C17H16FNO2/c1-19-5-4-10-6-11(18)8-12-15(10)13(19)7-9-2-3-14(20)17(21)16(9)12/h2-3,6,8,13,20-21H,4-5,7H2,1H3/t13-/m1/s1', 'standard_inchi_key': 'YBEUIAYJOLGULC-CYBMUJFWSA-N'}",9.366531544420413,CN1CCc2cc(F)cc3c2[C@H]1Cc1ccc(O)c(O)c1-3
CHEMBL19130,1.1,nM,"{'canonical_smiles': 'CN1CCc2cc(O)cc3c2[C@H]1Cc1ccc(O)c(O)c1-3', 'molfile': '\n     RDKit          2D\n\n 22 25  0  0  0  0  0  0  0  0999 V2000\n   -3.8215   -9.9755    0.0000 C   0  0  0  0  0  0  0  0  0  0  0  0\n   -3.8227  -10.8036    0.0000 C   0  0  0  0  0  0  0  0  0  0  0  0\n   -3.1090   -9.5624    0.0000 C   0  0  0  0  0  0  0  0  0  0  0  0\n   -3.1081  -11.2147    0.0000 C   0  0  0  0  0  0  0  0  0  0  0  0\n   -1.6754  -12.0388    0.0000 C   0  0  0  0  0  0  0  0  0  0  0  0\n   -2.3940  -12.4553    0.0000 C   0  0  0  0  0  0  0  0  0  0  0  0\n   -3.1057  -12.0379    0.0000 C   0  0  0  0  0  0  0  0  0  0  0  0\n   -3.8208  -12.4454    0.0000 C   0  0  0  0  0  0  0  0  0  0  0  0\n   -3.8257  -13.2701    0.0000 C   0  0  0  0  0  0  0  0  0  0  0  0\n   -3.1093  -13.6858    0.0000 C   0  0  0  0  0  0  0  0  0  0  0  0\n   -2.3970  -13.2760    0.0000 C   0  0  0  0  0  0  0  0  0  0  0  0\n   -2.3930   -9.9719    0.0000 C   0  0  0  0  0  0  0  0  0  0  0  0\n   -2.3896  -10.8011    0.0000 C   0  0  0  0  0  0  0  0  0  0  0  0\n   -1.6737  -11.2105    0.0000 C   0  0  0  0  0  0  0  0  0  0  0  0\n   -0.9567  -10.7952    0.0000 N   0  0  0  0  0  0  0  0  0  0  0  0\n   -0.9601   -9.9660    0.0000 C   0  0  0  0  0  0  0  0  0  0  0  0\n   -1.6805   -9.5520    0.0000 C   0  0  0  0  0  0  0  0  0  0  0  0\n   -4.5368   -9.5628    0.0000 O   0  0  0  0  0  0  0  0  0  0  0  0\n   -4.5335  -12.0283    0.0000 O   0  0  0  0  0  0  0  0  0  0  0  0\n   -4.5425  -13.6802    0.0000 O   0  0  0  0  0  0  0  0  0  0  0  0\n   -1.6807  -10.3843    0.0000 H   0  0  0  0  0  0  0  0  0  0  0  0\n   -0.2404  -11.2062    0.0000 C   0  0  0  0  0  0  0  0  0  0  0  0\n  9 10  1  0\n  4  7  1  0\n 10 11  2  0\n 11  6  1  0\n 12 13  1  0\n  2  4  1  0\n  6  5  1  0\n  5 14  1  0\n 12  3  2  0\n  6  7  2  0\n 12 17  1  0\n 13 14  1  0\n 14 15  1  0\n 15 16  1  0\n 16 17  1  0\n  3  1  1  0\n  1 18  1  0\n  7  8  1  0\n  8 19  1  0\n  1  2  2  0\n  9 20  1  0\n  8  9  2  0\n 14 21  1  1\n 13  4  2  0\n 15 22  1  0\nM  END', 'standard_inchi': 'InChI=1S/C17H17NO3/c1-18-5-4-10-6-11(19)8-12-15(10)13(18)7-9-2-3-14(20)17(21)16(9)12/h2-3,6,8,13,19-21H,4-5,7H2,1H3/t13-/m1/s1', 'standard_inchi_key': 'QNBCPLWFVGLFHO-CYBMUJFWSA-N'}",8.958607314841775,CN1CCc2cc(O)cc3c2[C@H]1Cc1ccc(O)c(O)c1-3
CHEMBL1256754,4.32,nM,"{'canonical_smiles': 'CCCN(CCc1ccccc1)C1CCc2c(O)cccc2C1.Cl', 'molfile': '\n     RDKit          2D\n\n 24 25  0  0  0  0  0  0  0  0999 V2000\n    9.0088   -8.8993    0.0000 Cl  0  0  0  0  0  0  0  0  0  0  0  0\n    1.2247   -9.1517    0.0000 C   0  0  0  0  0  0  0  0  0  0  0  0\n    1.2278   -9.9782    0.0000 C   0  0  0  0  0  0  0  0  0  0  0  0\n    1.9419  -10.3906    0.0000 C   0  0  0  0  0  0  0  0  0  0  0  0\n    1.9443   -8.7394    0.0000 C   0  0  0  0  0  0  0  0  0  0  0  0\n    2.6547   -9.1523    0.0000 C   0  0  0  0  0  0  0  0  0  0  0  0\n    2.6535   -9.9757    0.0000 C   0  0  0  0  0  0  0  0  0  0  0  0\n    3.3658  -10.3881    0.0000 C   0  0  0  0  0  0  0  0  0  0  0  0\n    4.0835   -9.9777    0.0000 C   0  0  0  0  0  0  0  0  0  0  0  0\n    4.0847   -9.1501    0.0000 C   0  0  0  0  0  0  0  0  0  0  0  0\n    3.3681   -8.7414    0.0000 C   0  0  0  0  0  0  0  0  0  0  0  0\n    4.8037   -8.7397    0.0000 N   0  0  0  0  0  0  0  0  0  0  0  0\n    5.5163   -9.1578    0.0000 C   0  0  0  0  0  0  0  0  0  0  0  0\n    4.8079   -7.9156    0.0000 C   0  0  0  0  0  0  0  0  0  0  0  0\n    5.5181   -7.5012    0.0000 C   0  0  0  0  0  0  0  0  0  0  0  0\n    5.5203   -6.6729    0.0000 C   0  0  0  0  0  0  0  0  0  0  0  0\n    5.5105   -9.9801    0.0000 C   0  0  0  0  0  0  0  0  0  0  0  0\n    6.2233  -10.3939    0.0000 C   0  0  0  0  0  0  0  0  0  0  0  0\n    6.2241  -11.2222    0.0000 C   0  0  0  0  0  0  0  0  0  0  0  0\n    6.9358  -11.6359    0.0000 C   0  0  0  0  0  0  0  0  0  0  0  0\n    7.6557  -11.2213    0.0000 C   0  0  0  0  0  0  0  0  0  0  0  0\n    7.6551  -10.3930    0.0000 C   0  0  0  0  0  0  0  0  0  0  0  0\n    6.9384   -9.9788    0.0000 C   0  0  0  0  0  0  0  0  0  0  0  0\n    1.9436  -11.2152    0.0000 O   0  0  0  0  0  0  0  0  0  0  0  0\n  6  7  1  0\n 12 13  1  0\n  2  3  2  0\n 12 14  1  0\n 14 15  1  0\n  3  4  1  0\n 15 16  1  0\n  4  7  2  0\n 13 17  1  0\n 17 18  1  0\n  6  5  2  0\n 18 19  2  0\n  6 11  1  0\n 19 20  1  0\n  7  8  1  0\n 20 21  2  0\n  8  9  1  0\n 21 22  1  0\n  9 10  1  0\n 22 23  2  0\n 23 18  1  0\n 10 11  1  0\n  5  2  1  0\n  4 24  1  0\n 10 12  1  0\nM  END', 'standard_inchi': 'InChI=1S/C21H27NO.ClH/c1-2-14-22(15-13-17-7-4-3-5-8-17)19-11-12-20-18(16-19)9-6-10-21(20)23;/h3-10,19,23H,2,11-16H2,1H3;1H', 'standard_inchi_key': 'XWLCIDLCEZAOEY-UHFFFAOYSA-N'}",8.364516253185087,CCCN(CCc1ccccc1)C1CCc2c(O)cccc2C1.Cl
CHEMBL276326,6.75,nM,"{'canonical_smiles': 'CN1CCc2cc(Br)cc3c2[C@H]1Cc1ccc(O)c(O)c1-3', 'molfile': '\n     RDKit          2D\n\n 22 25  0  0  0  0  0  0  0  0999 V2000\n    4.0990   -7.4834    0.0000 C   0  0  0  0  0  0  0  0  0  0  0  0\n    4.0990   -8.3124    0.0000 N   0  0  0  0  0  0  0  0  0  0  0  0\n    4.8129   -7.0667    0.0000 C   0  0  0  0  0  0  0  0  0  0  0  0\n    5.5314   -7.4834    0.0000 C   0  0  0  0  0  0  0  0  0  0  0  0\n    6.9605   -8.3109    0.0000 C   0  0  0  0  0  0  0  0  0  0  0  0\n    6.9582   -7.4807    0.0000 C   0  0  0  0  0  0  0  0  0  0  0  0\n    6.2432   -7.0712    0.0000 C   0  0  0  0  0  0  0  0  0  0  0  0\n    6.2441   -8.7237    0.0000 C   0  0  0  0  0  0  0  0  0  0  0  0\n    5.5268   -8.3120    0.0000 C   0  0  0  0  0  0  0  0  0  0  0  0\n    4.8155   -8.7250    0.0000 C   0  0  0  0  0  0  0  0  0  0  0  0\n    4.8153   -9.5515    0.0000 C   0  0  0  0  0  0  0  0  0  0  0  0\n    6.2502   -9.5485    0.0000 C   0  0  0  0  0  0  0  0  0  0  0  0\n    5.5345   -9.9590    0.0000 C   0  0  0  0  0  0  0  0  0  0  0  0\n    5.5331  -10.7821    0.0000 C   0  0  0  0  0  0  0  0  0  0  0  0\n    6.2466  -11.1958    0.0000 C   0  0  0  0  0  0  0  0  0  0  0  0\n    6.9631  -10.7802    0.0000 C   0  0  0  0  0  0  0  0  0  0  0  0\n    6.9610   -9.9585    0.0000 C   0  0  0  0  0  0  0  0  0  0  0  0\n    7.6742   -9.5452    0.0000 O   0  0  0  0  0  0  0  0  0  0  0  0\n    7.6780  -11.1908    0.0000 O   0  0  0  0  0  0  0  0  0  0  0  0\n    3.3845   -8.7200    0.0000 C   0  0  0  0  0  0  0  0  0  0  0  0\n    4.0990   -9.1322    0.0000 H   0  0  0  0  0  0  0  0  0  0  0  0\n    7.6708   -7.0662    0.0000 Br  0  0  0  0  0  0  0  0  0  0  0  0\n  8 12  1  0\n  9 10  1  0\n 10 11  1  0\n 11 13  1  0\n  8  5  2  0\n  1  3  1  0\n 12 13  2  0\n  5  6  1  0\n 13 14  1  0\n  2 10  1  0\n 14 15  2  0\n  6  7  2  0\n 15 16  1  0\n  7  4  1  0\n 16 17  2  0\n 17 12  1  0\n  8  9  1  0\n 17 18  1  0\n  4  3  1  0\n 16 19  1  0\n  1  2  1  0\n  2 20  1  0\n  4  9  2  0\n 10 21  1  6\n  6 22  1  0\nM  END', 'standard_inchi': 'InChI=1S/C17H16BrNO2/c1-19-5-4-10-6-11(18)8-12-15(10)13(19)7-9-2-3-14(20)17(21)16(9)12/h2-3,6,8,13,20-21H,4-5,7H2,1H3/t13-/m1/s1', 'standard_inchi_key': 'SETZXJXEHHDPBP-CYBMUJFWSA-N'}",8.170696227168975,CN1CCc2cc(Br)cc3c2[C@H]1Cc1ccc(O)c(O)c1-3
CHEMBL276042,19.9,nM,"{'canonical_smiles': 'CN1CCc2cc(N)cc3c2[C@H]1Cc1ccc(O)c(O)c1-3', 'molfile': '\n     RDKit          2D\n\n 22 25  0  0  0  0  0  0  0  0999 V2000\n   -4.5109  -16.2665    0.0000 C   0  0  0  0  0  0  0  0  0  0  0  0\n   -4.5109  -17.0954    0.0000 N   0  0  0  0  0  0  0  0  0  0  0  0\n   -3.7969  -15.8497    0.0000 C   0  0  0  0  0  0  0  0  0  0  0  0\n   -3.0785  -16.2665    0.0000 C   0  0  0  0  0  0  0  0  0  0  0  0\n   -1.6494  -17.0939    0.0000 C   0  0  0  0  0  0  0  0  0  0  0  0\n   -1.6518  -16.2637    0.0000 C   0  0  0  0  0  0  0  0  0  0  0  0\n   -2.3667  -15.8544    0.0000 C   0  0  0  0  0  0  0  0  0  0  0  0\n   -2.3658  -17.5067    0.0000 C   0  0  0  0  0  0  0  0  0  0  0  0\n   -3.0831  -17.0950    0.0000 C   0  0  0  0  0  0  0  0  0  0  0  0\n   -3.7943  -17.5079    0.0000 C   0  0  0  0  0  0  0  0  0  0  0  0\n   -3.7945  -18.3343    0.0000 C   0  0  0  0  0  0  0  0  0  0  0  0\n   -2.3599  -18.3314    0.0000 C   0  0  0  0  0  0  0  0  0  0  0  0\n   -3.0755  -18.7419    0.0000 C   0  0  0  0  0  0  0  0  0  0  0  0\n   -3.0768  -19.5650    0.0000 C   0  0  0  0  0  0  0  0  0  0  0  0\n   -2.3633  -19.9786    0.0000 C   0  0  0  0  0  0  0  0  0  0  0  0\n   -1.6469  -19.5631    0.0000 C   0  0  0  0  0  0  0  0  0  0  0  0\n   -1.6491  -18.7413    0.0000 C   0  0  0  0  0  0  0  0  0  0  0  0\n   -0.9358  -18.3281    0.0000 O   0  0  0  0  0  0  0  0  0  0  0  0\n   -0.9320  -19.9736    0.0000 O   0  0  0  0  0  0  0  0  0  0  0  0\n   -5.2253  -17.5030    0.0000 C   0  0  0  0  0  0  0  0  0  0  0  0\n   -4.5109  -17.9151    0.0000 H   0  0  0  0  0  0  0  0  0  0  0  0\n   -0.9393  -15.8493    0.0000 N   0  0  0  0  0  0  0  0  0  0  0  0\n  8 12  1  0\n  9 10  1  0\n 10 11  1  0\n 11 13  1  0\n  8  5  2  0\n  1  3  1  0\n 12 13  2  0\n  5  6  1  0\n 13 14  1  0\n  2 10  1  0\n 14 15  2  0\n  6  7  2  0\n 15 16  1  0\n  7  4  1  0\n 16 17  2  0\n 17 12  1  0\n  8  9  1  0\n 17 18  1  0\n  4  3  1  0\n 16 19  1  0\n  1  2  1  0\n  2 20  1  0\n  4  9  2  0\n 10 21  1  6\n  6 22  1  0\nM  END', 'standard_inchi': 'InChI=1S/C17H18N2O2/c1-19-5-4-10-6-11(18)8-12-15(10)13(19)7-9-2-3-14(20)17(21)16(9)12/h2-3,6,8,13,20-21H,4-5,7,18H2,1H3/t13-/m1/s1', 'standard_inchi_key': 'MJZQRNCUULBFRH-CYBMUJFWSA-N'}",7.701146923590294,CN1CCc2cc(N)cc3c2[C@H]1Cc1ccc(O)c(O)c1-3
CHEMBL225230,20.0,nM,"{'canonical_smiles': 'CCCN1CCc2cccc3c2[C@H]1Cc1ccc(O)c(O)c1-3', 'molfile': '\n     RDKit          2D\n\n 23 26  0  0  0  0  0  0  0  0999 V2000\n    0.1437   -1.5806    0.0000 C   0  0  0  0  0  0  0  0  0  0  0  0\n   -2.4140    0.0000    0.0000 C   0  0  0  0  0  0  0  0  0  0  0  0\n   -1.0921    0.6322    0.0000 C   0  0  0  0  0  0  0  0  0  0  0  0\n    0.1437    0.0000    0.0000 C   0  0  0  0  0  0  0  0  0  0  0  0\n   -2.4140   -1.5806    0.0000 C   0  0  0  0  0  0  0  0  0  0  0  0\n   -1.0921   -2.3278    0.0000 C   0  0  0  0  0  0  0  0  0  0  0  0\n    1.4657   -2.3278    0.0000 N   0  0  0  0  0  0  0  0  0  0  0  0\n   -3.7072    0.6322    0.0000 C   0  0  0  0  0  0  0  0  0  0  0  0\n    1.4657    0.6322    0.0000 C   0  0  0  0  0  0  0  0  0  0  0  0\n   -5.0292    0.0000    0.0000 C   0  0  0  0  0  0  0  0  0  0  0  0\n   -3.7072   -2.3278    0.0000 C   0  0  0  0  0  0  0  0  0  0  0  0\n    2.8164   -1.5806    0.0000 C   0  0  0  0  0  0  0  0  0  0  0  0\n    2.7876    0.0000    0.0000 C   0  0  0  0  0  0  0  0  0  0  0  0\n   -5.0292   -1.5806    0.0000 C   0  0  0  0  0  0  0  0  0  0  0  0\n   -3.7021    1.8322    0.0000 O   0  0  0  0  0  0  0  0  0  0  0  0\n   -1.0921    2.1266    0.0000 C   0  0  0  0  0  0  0  0  0  0  0  0\n   -6.0444    0.6398    0.0000 O   0  0  0  0  0  0  0  0  0  0  0  0\n    1.4550   -3.8287    0.0000 C   0  0  0  0  0  0  0  0  0  0  0  0\n    0.1437    2.8738    0.0000 C   0  0  0  0  0  0  0  0  0  0  0  0\n    1.4657    2.1266    0.0000 C   0  0  0  0  0  0  0  0  0  0  0  0\n    2.7488   -4.5892    0.0000 C   0  0  0  0  0  0  0  0  0  0  0  0\n    2.7402   -5.7892    0.0000 C   0  0  0  0  0  0  0  0  0  0  0  0\n    0.1584   -2.5805    0.0000 H   0  0  0  0  0  0  0  0  0  0  0  0\n  2  3  1  0\n  1  4  1  0\n  3  4  2  0\n  2  5  2  0\n  1  6  1  0\n  5  6  1  0\n  1  7  1  0\n  2  8  1  0\n  4  9  1  0\n  8 10  2  0\n  5 11  1  0\n  7 12  1  0\n  9 13  1  0\n 12 13  1  0\n 10 14  1  0\n 11 14  2  0\n  8 15  1  0\n  3 16  1  0\n 10 17  1  0\n  7 18  1  0\n 16 19  2  0\n  9 20  2  0\n 19 20  1  0\n 18 21  1  0\n 21 22  1  0\n  1 23  1  1\nM  END', 'standard_inchi': 'InChI=1S/C19H21NO2/c1-2-9-20-10-8-12-4-3-5-14-17(12)15(20)11-13-6-7-16(21)19(22)18(13)14/h3-7,15,21-22H,2,8-11H2,1H3/t15-/m1/s1', 'standard_inchi_key': 'BTGAJCKRXPNBFI-OAHLLOKOSA-N'}",7.698970004336019,CCCN1CCc2cccc3c2[C@H]1Cc1ccc(O)c(O)c1-3
CHEMBL390299,20.0,nM,"{'canonical_smiles': 'CN1C[C@H](C(=O)N[C@@H](Cc2ccc([N+](=O)[O-])cc2)C(=O)N[C@@H](Cc2ccc(F)cc2)C(=O)N2CCCC(C(N)=O)C2)C=C2c3cccc4[nH]cc(c34)C[C@H]21', 'molfile': '\n     RDKit          2D\n\n 55 61  0  0  1  0  0  0  0  0999 V2000\n   -4.9931   -4.9875    0.0000 C   0  0  0  0  0  0  0  0  0  0  0  0\n   -4.9943   -5.8148    0.0000 C   0  0  0  0  0  0  0  0  0  0  0  0\n   -4.2794   -6.2277    0.0000 C   0  0  0  0  0  0  0  0  0  0  0  0\n   -4.2812   -4.5747    0.0000 C   0  0  0  0  0  0  0  0  0  0  0  0\n   -3.5659   -4.9838    0.0000 C   0  0  0  0  0  0  0  0  0  0  0  0\n   -3.5624   -5.8169    0.0000 C   0  0  0  0  0  0  0  0  0  0  0  0\n   -2.8433   -6.2282    0.0000 C   0  0  0  0  0  0  0  0  0  0  0  0\n   -2.1229   -5.8110    0.0000 C   0  0  0  0  0  0  0  0  0  0  0  0\n   -4.0625   -6.9792    0.0000 N   0  0  0  0  0  0  0  0  0  0  0  0\n   -3.0625   -7.0208    0.0000 C   0  0  0  0  0  0  0  0  0  0  0  0\n   -2.8501   -4.5620    0.0000 C   0  0  0  0  0  0  0  0  0  0  0  0\n   -2.1244   -4.9774    0.0000 C   0  0  0  0  0  0  0  0  0  0  0  0\n   -1.4058   -4.5589    0.0000 N   0  0  0  0  0  0  0  0  0  0  0  0\n   -1.4067   -3.7233    0.0000 C   0  0  0  0  0  0  0  0  0  0  0  0\n   -2.1324   -3.3080    0.0000 C   0  0  0  0  0  0  0  0  0  0  0  0\n   -2.8573   -3.7282    0.0000 C   0  0  0  0  0  0  0  0  0  0  0  0\n   -0.6904   -4.9696    0.0000 C   0  0  0  0  0  0  0  0  0  0  0  0\n   -2.1347   -2.4830    0.0000 C   0  0  0  0  0  0  0  0  0  0  0  0\n   -1.4214   -2.0685    0.0000 N   0  0  0  0  0  0  0  0  0  0  0  0\n   -2.8503   -2.0725    0.0000 O   0  0  0  0  0  0  0  0  0  0  0  0\n   -1.4237   -1.2435    0.0000 C   0  0  0  0  0  0  0  0  0  0  0  0\n   -0.7104   -0.8290    0.0000 C   0  0  0  0  0  0  0  0  0  0  0  0\n   -2.1393   -0.8330    0.0000 C   0  0  0  0  0  0  0  0  0  0  0  0\n   -2.1416   -0.0080    0.0000 C   0  0  0  0  0  0  0  0  0  0  0  0\n    0.0052   -1.2395    0.0000 N   0  0  0  0  0  0  0  0  0  0  0  0\n   -0.7127   -0.0040    0.0000 O   0  0  0  0  0  0  0  0  0  0  0  0\n    0.7185   -0.8250    0.0000 C   0  0  0  0  0  0  0  0  0  0  0  0\n    1.3092   -1.2980    0.0000 C   0  0  0  0  0  0  0  0  0  0  0  0\n    0.7162    0.0000    0.0000 C   0  0  0  0  0  0  0  0  0  0  0  0\n    1.4296    0.4145    0.0000 C   0  0  0  0  0  0  0  0  0  0  0  0\n    0.9958   -2.0458    0.0000 O   0  0  0  0  0  0  0  0  0  0  0  0\n    2.1113   -1.1054    0.0000 N   0  0  0  0  0  0  0  0  0  0  0  0\n   -1.4125   -5.3875    0.0000 H   0  0  0  0  0  0  0  0  0  0  0  0\n   -1.4293    0.4027    0.0000 C   0  0  0  0  0  0  0  0  0  0  0  0\n   -1.4313    1.2269    0.0000 C   0  0  0  0  0  0  0  0  0  0  0  0\n   -2.1474    1.6382    0.0000 C   0  0  0  0  0  0  0  0  0  0  0  0\n   -2.8631    1.2193    0.0000 C   0  0  0  0  0  0  0  0  0  0  0  0\n   -2.8576    0.3964    0.0000 C   0  0  0  0  0  0  0  0  0  0  0  0\n   -2.1522    2.4683    0.0000 N   0  0  0  0  0  0  0  0  0  0  0  0\n   -2.8683    2.8779    0.0000 O   0  0  0  0  0  0  0  0  0  0  0  0\n   -1.4394    2.8838    0.0000 O   0  0  0  0  0  0  0  0  0  0  0  0\n    2.6752   -1.7071    0.0000 C   0  0  0  0  0  0  0  0  0  0  0  0\n    3.4744   -1.5172    0.0000 C   0  0  0  0  0  0  0  0  0  0  0  0\n    3.7128   -0.7271    0.0000 C   0  0  0  0  0  0  0  0  0  0  0  0\n    3.1456   -0.1266    0.0000 C   0  0  0  0  0  0  0  0  0  0  0  0\n    2.3400   -0.3163    0.0000 C   0  0  0  0  0  0  0  0  0  0  0  0\n    4.0400   -2.1177    0.0000 C   0  0  0  0  0  0  0  0  0  0  0  0\n    3.8028   -2.9079    0.0000 O   0  0  0  0  0  0  0  0  0  0  0  0\n    4.8429   -1.9281    0.0000 N   0  0  0  0  0  0  0  0  0  0  0  0\n    2.1426    0.0018    0.0000 C   0  0  0  0  0  0  0  0  0  0  0  0\n    2.8554    0.4156    0.0000 C   0  0  0  0  0  0  0  0  0  0  0  0\n    2.8536    1.2415    0.0000 C   0  0  0  0  0  0  0  0  0  0  0  0\n    2.1329    1.6518    0.0000 C   0  0  0  0  0  0  0  0  0  0  0  0\n    1.4231    1.2356    0.0000 C   0  0  0  0  0  0  0  0  0  0  0  0\n    3.5664    1.6569    0.0000 F   0  0  0  0  0  0  0  0  0  0  0  0\n 22 26  2  0\n 25 27  1  0\n  2  3  1  0\n 27 28  1  0\n  3  6  2  0\n 27 29  1  1\n  1  2  2  0\n 29 30  1  0\n  5 11  1  0\n 28 31  2  0\n 11 16  2  0\n 28 32  1  0\n 12 13  1  0\n 12 33  1  1\n 13 14  1  0\n 24 34  2  0\n 14 15  1  0\n 34 35  1  0\n 15 16  1  0\n 35 36  2  0\n  6  7  1  0\n 36 37  1  0\n 13 17  1  0\n 37 38  2  0\n 38 24  1  0\n  7  8  1  0\n 15 18  1  1\n  8 12  1  0\n 39 40  2  0\n 39 41  1  0\n 36 39  1  0\n 32 42  1  0\n 18 19  1  0\n  5  4  2  0\n 18 20  2  0\n  3  9  1  0\n 19 21  1  0\n 32 46  1  0\n 42 43  1  0\n 43 44  1  0\n 44 45  1  0\n 45 46  1  0\n  4  1  1  0\n 43 47  1  0\n 21 22  1  0\n 47 48  2  0\n  7 10  2  0\n 47 49  1  0\n 21 23  1  1\n 30 50  2  0\n  9 10  1  0\n 50 51  1  0\n 23 24  1  0\n 51 52  2  0\n 11 12  1  0\n 52 53  1  0\n 22 25  1  0\n 53 54  2  0\n 54 30  1  0\n  5  6  1  0\n 52 55  1  0\nM  CHG  2  39   1  41  -1\nM  END', 'standard_inchi': 'InChI=1S/C40H42FN7O6/c1-46-21-27(18-31-30-5-2-6-32-36(30)26(20-43-32)19-35(31)46)38(50)44-33(16-24-9-13-29(14-10-24)48(53)54)39(51)45-34(17-23-7-11-28(41)12-8-23)40(52)47-15-3-4-25(22-47)37(42)49/h2,5-14,18,20,25,27,33-35,43H,3-4,15-17,19,21-22H2,1H3,(H2,42,49)(H,44,50)(H,45,51)/t25?,27-,33+,34+,35-/m1/s1', 'standard_inchi_key': 'SEGYWWXDIPIQNQ-XRPSMJEVSA-N'}",7.698970004336019,CN1C[C@H](C(=O)N[C@@H](Cc2ccc([N+](=O)[O-])cc2)C(=O)N[C@@H](Cc2ccc(F)cc2)C(=O)N2CCCC(C(N)=O)C2)C=C2c3cccc4[nH]cc(c34)C[C@H]21
CHEMBL53,24.0,nM,"{'canonical_smiles': 'CN1CCc2cccc3c2[C@H]1Cc1ccc(O)c(O)c1-3', 'molfile': '\n     RDKit          2D\n\n 21 24  0  0  1  0  0  0  0  0999 V2000\n    2.8167   -1.9750    0.0000 C   0  0  0  0  0  0  0  0  0  0  0  0\n    1.5833   -1.2750    0.0000 C   0  0  0  0  0  0  0  0  0  0  0  0\n    2.1917   -0.9250    0.0000 C   0  0  0  0  0  0  0  0  0  0  0  0\n    2.8167   -1.2750    0.0000 C   0  0  0  0  0  0  0  0  0  0  0  0\n    1.5833   -1.9750    0.0000 C   0  0  0  0  0  0  0  0  0  0  0  0\n    2.1917   -2.3250    0.0000 C   0  0  0  0  0  0  0  0  0  0  0  0\n    3.4333   -2.3250    0.0000 N   0  0  0  0  0  0  0  0  0  0  0  0\n    0.9625   -0.9083    0.0000 C   0  0  0  0  0  0  0  0  0  0  0  0\n    3.4333   -0.9250    0.0000 C   0  0  0  0  0  0  0  0  0  0  0  0\n    0.3542   -1.2583    0.0000 C   0  0  0  0  0  0  0  0  0  0  0  0\n    0.9625   -2.3250    0.0000 C   0  0  0  0  0  0  0  0  0  0  0  0\n    4.0542   -1.9750    0.0000 C   0  0  0  0  0  0  0  0  0  0  0  0\n    4.0542   -1.2750    0.0000 C   0  0  0  0  0  0  0  0  0  0  0  0\n    0.3542   -1.9750    0.0000 C   0  0  0  0  0  0  0  0  0  0  0  0\n    0.9625   -0.2000    0.0000 O   0  0  0  0  0  0  0  0  0  0  0  0\n    2.1917   -0.2167    0.0000 C   0  0  0  0  0  0  0  0  0  0  0  0\n   -0.2583   -0.9083    0.0000 O   0  0  0  0  0  0  0  0  0  0  0  0\n    3.4333   -3.0167    0.0000 C   0  0  0  0  0  0  0  0  0  0  0  0\n    2.8167    0.1333    0.0000 C   0  0  0  0  0  0  0  0  0  0  0  0\n    3.4333   -0.2167    0.0000 C   0  0  0  0  0  0  0  0  0  0  0  0\n    2.8250   -2.7583    0.0000 H   0  0  0  0  0  0  0  0  0  0  0  0\n  2  5  2  0\n  3  4  2  0\n  4  1  1  0\n  5  6  1  0\n  6  1  1  0\n  7  1  1  0\n  8  2  1  0\n  9  4  1  0\n 10 14  1  0\n 11  5  1  0\n 12  7  1  0\n 13 12  1  0\n 14 11  2  0\n 15  8  1  0\n 16  3  1  0\n 17 10  1  0\n 18  7  1  0\n 19 20  1  0\n 20  9  2  0\n  1 21  1  1\n  2  3  1  0\n 13  9  1  0\n 19 16  2  0\n 10  8  2  0\nM  END\n', 'standard_inchi': 'InChI=1S/C17H17NO2/c1-18-8-7-10-3-2-4-12-15(10)13(18)9-11-5-6-14(19)17(20)16(11)12/h2-6,13,19-20H,7-9H2,1H3/t13-/m1/s1', 'standard_inchi_key': 'VMWNQDUVQKEIOC-CYBMUJFWSA-N'}",7.619788758288394,CN1CCc2cccc3c2[C@H]1Cc1ccc(O)c(O)c1-3
CHEMBL1423,29.0,nM,"{'canonical_smiles': 'O=c1[nH]c2ccccc2n1C1CCN(CCCC(c2ccc(F)cc2)c2ccc(F)cc2)CC1', 'molfile': '\n     RDKit          2D\n\n 34 38  0  0  0  0  0  0  0  0999 V2000\n    5.9042   -2.3792    0.0000 C   0  0  0  0  0  0  0  0  0  0  0  0\n    5.9750   -3.0792    0.0000 N   0  0  0  0  0  0  0  0  0  0  0  0\n    6.5667   -2.0917    0.0000 N   0  0  0  0  0  0  0  0  0  0  0  0\n    6.6750   -3.2292    0.0000 C   0  0  0  0  0  0  0  0  0  0  0  0\n    7.0292   -2.6167    0.0000 C   0  0  0  0  0  0  0  0  0  0  0  0\n    5.3542   -3.4292    0.0000 C   0  0  0  0  0  0  0  0  0  0  0  0\n    4.1167   -4.1417    0.0000 N   0  0  0  0  0  0  0  0  0  0  0  0\n    5.2917   -2.0167    0.0000 O   0  0  0  0  0  0  0  0  0  0  0  0\n    5.3542   -4.1417    0.0000 C   0  0  0  0  0  0  0  0  0  0  0  0\n    4.7417   -3.0792    0.0000 C   0  0  0  0  0  0  0  0  0  0  0  0\n    1.6625   -4.1292    0.0000 C   0  0  0  0  0  0  0  0  0  0  0  0\n    1.0417   -4.4792    0.0000 C   0  0  0  0  0  0  0  0  0  0  0  0\n    1.6625   -3.4167    0.0000 C   0  0  0  0  0  0  0  0  0  0  0  0\n    4.1167   -3.4292    0.0000 C   0  0  0  0  0  0  0  0  0  0  0  0\n    4.7292   -4.5042    0.0000 C   0  0  0  0  0  0  0  0  0  0  0  0\n    0.4250   -4.1250    0.0000 C   0  0  0  0  0  0  0  0  0  0  0  0\n    1.0417   -5.1917    0.0000 C   0  0  0  0  0  0  0  0  0  0  0  0\n    2.2875   -3.0667    0.0000 C   0  0  0  0  0  0  0  0  0  0  0  0\n    1.0500   -3.0667    0.0000 C   0  0  0  0  0  0  0  0  0  0  0  0\n   -0.1958   -5.1875    0.0000 C   0  0  0  0  0  0  0  0  0  0  0  0\n    1.6750   -2.0042    0.0000 C   0  0  0  0  0  0  0  0  0  0  0  0\n    2.2917   -2.3542    0.0000 C   0  0  0  0  0  0  0  0  0  0  0  0\n    1.0542   -2.3500    0.0000 C   0  0  0  0  0  0  0  0  0  0  0  0\n   -0.1875   -4.4750    0.0000 C   0  0  0  0  0  0  0  0  0  0  0  0\n    0.4167   -5.5417    0.0000 C   0  0  0  0  0  0  0  0  0  0  0  0\n   -0.8208   -5.5417    0.0000 F   0  0  0  0  0  0  0  0  0  0  0  0\n    1.6792   -1.2917    0.0000 F   0  0  0  0  0  0  0  0  0  0  0  0\n    3.5167   -4.4917    0.0000 C   0  0  0  0  0  0  0  0  0  0  0  0\n    7.0167   -3.8500    0.0000 C   0  0  0  0  0  0  0  0  0  0  0  0\n    7.7542   -2.6167    0.0000 C   0  0  0  0  0  0  0  0  0  0  0  0\n    2.8917   -4.1292    0.0000 C   0  0  0  0  0  0  0  0  0  0  0  0\n    2.2792   -4.4875    0.0000 C   0  0  0  0  0  0  0  0  0  0  0  0\n    7.7375   -3.8542    0.0000 C   0  0  0  0  0  0  0  0  0  0  0  0\n    8.1042   -3.2375    0.0000 C   0  0  0  0  0  0  0  0  0  0  0  0\n  2  1  1  0\n  3  1  1  0\n  4  2  1  0\n  5  3  1  0\n  6  2  1  0\n  7 14  1  0\n  8  1  2  0\n  9  6  1  0\n 10  6  1  0\n 11 32  1  0\n 12 11  1  0\n 13 11  1  0\n 14 10  1  0\n 15  9  1  0\n 16 12  2  0\n 17 12  1  0\n 18 13  2  0\n 19 13  1  0\n 20 25  1  0\n 21 23  1  0\n 22 18  1  0\n 23 19  2  0\n 24 16  1  0\n 25 17  2  0\n 26 20  1  0\n 27 21  1  0\n 28  7  1  0\n 29  4  1  0\n 30  5  1  0\n 31 28  1  0\n 32 31  1  0\n 33 29  2  0\n 34 30  2  0\n  5  4  2  0\n 34 33  1  0\n  7 15  1  0\n 21 22  2  0\n 20 24  2  0\nM  END\n', 'standard_inchi': 'InChI=1S/C28H29F2N3O/c29-22-11-7-20(8-12-22)25(21-9-13-23(30)14-10-21)4-3-17-32-18-15-24(16-19-32)33-27-6-2-1-5-26(27)31-28(33)34/h1-2,5-14,24-25H,3-4,15-19H2,(H,31,34)', 'standard_inchi_key': 'YVUQSNJEYSNKRX-UHFFFAOYSA-N'}",7.537602002101044,O=c1[nH]c2ccccc2n1C1CCN(CCCC(c2ccc(F)cc2)c2ccc(F)cc2)CC1
CHEMBL3423407,190.0,nM,"{'canonical_smiles': 'CCCC[C@H](NC(=O)[C@H]1CC[C@@H]2c3[nH]c4ccccc4c3CCN2C1)C(=O)N[C@@H](Cc1ccc(F)c(F)c1)C(=O)N[C@@H](CCCCN)C(N)=O', 'molfile': '\n     RDKit          2D\n\n 51 55  0  0  0  0  0  0  0  0999 V2000\n    2.0934   -2.2270    0.0000 C   0  0  0  0  0  0  0  0  0  0  0  0\n    3.5632   -2.4942    0.0000 C   0  0  0  0  0  0  0  0  0  0  0  0\n    4.5431   -1.4253    0.0000 C   0  0  0  0  0  0  0  0  0  0  0  0\n    4.0754    0.0000    0.0000 C   0  0  0  0  0  0  0  0  0  0  0  0\n    1.5812   -0.7794    0.0000 C   0  0  0  0  0  0  0  0  0  0  0  0\n    2.4942    0.2895    0.0000 N   0  0  0  0  0  0  0  0  0  0  0  0\n    2.0934    1.7370    0.0000 C   0  0  0  0  0  0  0  0  0  0  0  0\n    0.6236    2.0488    0.0000 C   0  0  0  0  0  0  0  0  0  0  0  0\n    0.0891   -0.4677    0.0000 C   0  0  0  0  0  0  0  0  0  0  0  0\n   -0.3340    0.9353    0.0000 C   0  0  0  0  0  0  0  0  0  0  0  0\n   -1.0690   -1.3585    0.0000 N   0  0  0  0  0  0  0  0  0  0  0  0\n   -2.2938   -0.4677    0.0000 C   0  0  0  0  0  0  0  0  0  0  0  0\n   -1.8484    0.9353    0.0000 C   0  0  0  0  0  0  0  0  0  0  0  0\n   -2.8728    2.0488    0.0000 C   0  0  0  0  0  0  0  0  0  0  0  0\n   -4.3426    1.7370    0.0000 C   0  0  0  0  0  0  0  0  0  0  0  0\n   -4.8103    0.2672    0.0000 C   0  0  0  0  0  0  0  0  0  0  0  0\n   -3.7636   -0.8240    0.0000 C   0  0  0  0  0  0  0  0  0  0  0  0\n    0.9230   -1.5323    0.0000 H   0  0  0  0  0  0  0  0  0  0  0  0\n    6.0080   -1.7520    0.0000 C   0  0  0  0  0  0  0  0  0  0  0  0\n    7.0242   -0.6475    0.0000 N   0  0  0  0  0  0  0  0  0  0  0  0\n    6.3668   -2.8970    0.0000 O   0  0  0  0  0  0  0  0  0  0  0  0\n    8.4890   -0.9745    0.0000 C   0  0  0  0  0  0  0  0  0  0  0  0\n    9.5052    0.1299    0.0000 C   0  0  0  0  0  0  0  0  0  0  0  0\n   10.9700   -0.1970    0.0000 N   0  0  0  0  0  0  0  0  0  0  0  0\n    9.1464    1.2750    0.0000 O   0  0  0  0  0  0  0  0  0  0  0  0\n   11.9863    0.9074    0.0000 C   0  0  0  0  0  0  0  0  0  0  0  0\n   11.5404    2.3405    0.0000 C   0  0  0  0  0  0  0  0  0  0  0  0\n   12.5579    3.4438    0.0000 N   0  0  0  0  0  0  0  0  0  0  0  0\n   10.3698    2.6043    0.0000 O   0  0  0  0  0  0  0  0  0  0  0  0\n   12.1120    4.8769    0.0000 C   0  0  0  0  0  0  0  0  0  0  0  0\n   10.6486    5.2098    0.0000 C   0  0  0  0  0  0  0  0  0  0  0  0\n    9.8332    4.3294    0.0000 N   0  0  0  0  0  0  0  0  0  0  0  0\n   10.2934    6.3561    0.0000 O   0  0  0  0  0  0  0  0  0  0  0  0\n    8.9408   -2.4057    0.0000 C   0  0  0  0  0  0  0  0  0  0  0  0\n   13.1295    5.9802    0.0000 C   0  0  0  0  0  0  0  0  0  0  0  0\n   10.4059   -2.7310    0.0000 C   0  0  0  0  0  0  0  0  0  0  0  0\n   10.8576   -4.1623    0.0000 C   0  0  0  0  0  0  0  0  0  0  0  0\n   12.0291   -4.4224    0.0000 C   0  0  0  0  0  0  0  0  0  0  0  0\n   13.4510    0.5805    0.0000 C   0  0  0  0  0  0  0  0  0  0  0  0\n   14.4673    1.6849    0.0000 C   0  0  0  0  0  0  0  0  0  0  0  0\n   12.6836    7.4132    0.0000 C   0  0  0  0  0  0  0  0  0  0  0  0\n   13.7011    8.5165    0.0000 C   0  0  0  0  0  0  0  0  0  0  0  0\n   13.2552    9.9496    0.0000 C   0  0  0  0  0  0  0  0  0  0  0  0\n   14.0687   10.8318    0.0000 N   0  0  0  0  0  0  0  0  0  0  0  0\n   15.9317    1.3603    0.0000 C   0  0  0  0  0  0  0  0  0  0  0  0\n   16.9452    2.4662    0.0000 C   0  0  0  0  0  0  0  0  0  0  0  0\n   16.4942    3.8967    0.0000 C   0  0  0  0  0  0  0  0  0  0  0  0\n   15.0297    4.2215    0.0000 C   0  0  0  0  0  0  0  0  0  0  0  0\n   14.0163    3.1156    0.0000 C   0  0  0  0  0  0  0  0  0  0  0  0\n   18.1167    2.2064    0.0000 F   0  0  0  0  0  0  0  0  0  0  0  0\n   17.3049    4.7814    0.0000 F   0  0  0  0  0  0  0  0  0  0  0  0\n  6  4  1  0\n  5  1  1  0\n  1  2  1  0\n  2  3  1  0\n  3  4  1  0\n  5  6  1  0\n  5  9  1  0\n  6  7  1  0\n  7  8  1  0\n  8 10  1  0\n  9 10  2  0\n 10 13  1  0\n 12 11  1  0\n 11  9  1  0\n 12 13  2  0\n 13 14  1  0\n 14 15  2  0\n 15 16  1  0\n 16 17  2  0\n 17 12  1  0\n  5 18  1  1\n  3 19  1  1\n 19 20  1  0\n 19 21  2  0\n 20 22  1  0\n 22 23  1  0\n 23 24  1  0\n 23 25  2  0\n 24 26  1  0\n 26 27  1  0\n 27 28  1  0\n 27 29  2  0\n 28 30  1  0\n 30 31  1  0\n 31 32  1  0\n 31 33  2  0\n 22 34  1  6\n 30 35  1  6\n 34 36  1  0\n 36 37  1  0\n 37 38  1  0\n 26 39  1  6\n 39 40  1  0\n 35 41  1  0\n 41 42  1  0\n 42 43  1  0\n 43 44  1  0\n 40 45  2  0\n 45 46  1  0\n 46 47  2  0\n 47 48  1  0\n 48 49  2  0\n 49 40  1  0\n 46 50  1  0\n 47 51  1  0\nM  END', 'standard_inchi': 'InChI=1S/C37H49F2N7O4/c1-2-3-9-30(44-35(48)23-13-15-32-33-25(16-18-46(32)21-23)24-8-4-5-10-28(24)42-33)36(49)45-31(20-22-12-14-26(38)27(39)19-22)37(50)43-29(34(41)47)11-6-7-17-40/h4-5,8,10,12,14,19,23,29-32,42H,2-3,6-7,9,11,13,15-18,20-21,40H2,1H3,(H2,41,47)(H,43,50)(H,44,48)(H,45,49)/t23-,29-,30-,31-,32+/m0/s1', 'standard_inchi_key': 'VGAFJYDHFQEKRB-CNRPLSBTSA-N'}",6.721246399047171,CCCC[C@H](NC(=O)[C@H]1CC[C@@H]2c3[nH]c4ccccc4c3CCN2C1)C(=O)N[C@@H](Cc1ccc(F)c(F)c1)C(=O)N[C@@H](CCCCN)C(N)=O
CHEMBL3423410,200.0,nM,"{'canonical_smiles': 'NCCCC[C@H](NC(=O)[C@H](Cc1ccc(F)c(F)c1)NC(=O)[C@H]1CCCN1C(=O)CCCCCNC(=O)[C@H]1CC[C@@H]2c3[nH]c4ccccc4c3CCN2C1)C(N)=O', 'molfile': '\n     RDKit          2D\n\n 58 63  0  0  0  0  0  0  0  0999 V2000\n   18.1103    4.7187    0.0000 N   0  0  0  0  0  0  0  0  0  0  0  0\n   15.7977    4.3387    0.0000 O   0  0  0  0  0  0  0  0  0  0  0  0\n   16.4518    8.3278    0.0000 N   0  0  0  0  0  0  0  0  0  0  0  0\n   15.6208    6.1365    0.0000 O   0  0  0  0  0  0  0  0  0  0  0  0\n   13.9766    6.8851    0.0000 N   0  0  0  0  0  0  0  0  0  0  0  0\n   12.7712    8.5781    0.0000 O   0  0  0  0  0  0  0  0  0  0  0  0\n   11.9467   14.3751    0.0000 N   0  0  0  0  0  0  0  0  0  0  0  0\n   15.9320    1.3580    0.0000 N   0  0  0  0  0  0  0  0  0  0  0  0\n   14.1084    2.8300    0.0000 O   0  0  0  0  0  0  0  0  0  0  0  0\n   16.4241   11.1828    0.0000 F   0  0  0  0  0  0  0  0  0  0  0  0\n   18.6157   12.7598    0.0000 F   0  0  0  0  0  0  0  0  0  0  0  0\n   16.8909    3.8437    0.0000 C   0  0  0  0  0  0  0  0  0  0  0  0\n   17.9632    6.2123    0.0000 C   0  0  0  0  0  0  0  0  0  0  0  0\n   16.5972    6.8341    0.0000 C   0  0  0  0  0  0  0  0  0  0  0  0\n   15.0858    8.9496    0.0000 C   0  0  0  0  0  0  0  0  0  0  0  0\n   13.8628    8.0797    0.0000 C   0  0  0  0  0  0  0  0  0  0  0  0\n   19.1827    7.0872    0.0000 C   0  0  0  0  0  0  0  0  0  0  0  0\n   14.9404   10.4434    0.0000 C   0  0  0  0  0  0  0  0  0  0  0  0\n   13.5744   11.0652    0.0000 C   0  0  0  0  0  0  0  0  0  0  0  0\n   13.4290   12.5589    0.0000 C   0  0  0  0  0  0  0  0  0  0  0  0\n   12.0630   13.1807    0.0000 C   0  0  0  0  0  0  0  0  0  0  0  0\n   17.0376    2.3528    0.0000 C   0  0  0  0  0  0  0  0  0  0  0  0\n   16.5040   -0.0149    0.0000 C   0  0  0  0  0  0  0  0  0  0  0  0\n   17.9976    0.1236    0.0000 C   0  0  0  0  0  0  0  0  0  0  0  0\n   18.3274    1.5869    0.0000 C   0  0  0  0  0  0  0  0  0  0  0  0\n   14.4673    1.6849    0.0000 C   0  0  0  0  0  0  0  0  0  0  0  0\n   13.4510    0.5805    0.0000 C   0  0  0  0  0  0  0  0  0  0  0  0\n   11.9863    0.9074    0.0000 C   0  0  0  0  0  0  0  0  0  0  0  0\n   10.9700   -0.1970    0.0000 C   0  0  0  0  0  0  0  0  0  0  0  0\n    9.5052    0.1299    0.0000 C   0  0  0  0  0  0  0  0  0  0  0  0\n    8.4890   -0.9745    0.0000 C   0  0  0  0  0  0  0  0  0  0  0  0\n   19.0356    8.5808    0.0000 C   0  0  0  0  0  0  0  0  0  0  0  0\n   20.2531    9.4570    0.0000 C   0  0  0  0  0  0  0  0  0  0  0  0\n   20.1032   10.9495    0.0000 C   0  0  0  0  0  0  0  0  0  0  0  0\n   18.7357   11.5659    0.0000 C   0  0  0  0  0  0  0  0  0  0  0  0\n   17.5181   10.6897    0.0000 C   0  0  0  0  0  0  0  0  0  0  0  0\n   17.6681    9.1973    0.0000 C   0  0  0  0  0  0  0  0  0  0  0  0\n    7.0242   -0.6475    0.0000 N   0  0  0  0  0  0  0  0  0  0  0  0\n    2.0934   -2.2270    0.0000 C   0  0  0  0  0  0  0  0  0  0  0  0\n    3.5632   -2.4942    0.0000 C   0  0  0  0  0  0  0  0  0  0  0  0\n    4.5431   -1.4253    0.0000 C   0  0  0  0  0  0  0  0  0  0  0  0\n    4.0754    0.0000    0.0000 C   0  0  0  0  0  0  0  0  0  0  0  0\n    1.5812   -0.7794    0.0000 C   0  0  0  0  0  0  0  0  0  0  0  0\n    2.4942    0.2895    0.0000 N   0  0  0  0  0  0  0  0  0  0  0  0\n    2.0934    1.7370    0.0000 C   0  0  0  0  0  0  0  0  0  0  0  0\n    0.6236    2.0488    0.0000 C   0  0  0  0  0  0  0  0  0  0  0  0\n    0.0891   -0.4677    0.0000 C   0  0  0  0  0  0  0  0  0  0  0  0\n   -0.3340    0.9353    0.0000 C   0  0  0  0  0  0  0  0  0  0  0  0\n   -1.0690   -1.3585    0.0000 N   0  0  0  0  0  0  0  0  0  0  0  0\n   -2.2938   -0.4677    0.0000 C   0  0  0  0  0  0  0  0  0  0  0  0\n   -1.8484    0.9353    0.0000 C   0  0  0  0  0  0  0  0  0  0  0  0\n   -2.8728    2.0488    0.0000 C   0  0  0  0  0  0  0  0  0  0  0  0\n   -4.3426    1.7370    0.0000 C   0  0  0  0  0  0  0  0  0  0  0  0\n   -4.8103    0.2672    0.0000 C   0  0  0  0  0  0  0  0  0  0  0  0\n   -3.7636   -0.8240    0.0000 C   0  0  0  0  0  0  0  0  0  0  0  0\n    0.9230   -1.5323    0.0000 H   0  0  0  0  0  0  0  0  0  0  0  0\n    6.0080   -1.7520    0.0000 C   0  0  0  0  0  0  0  0  0  0  0  0\n    6.3668   -2.8970    0.0000 O   0  0  0  0  0  0  0  0  0  0  0  0\n 22 12  1  1\n 12  1  1  0\n 12  2  2  0\n  1 13  1  0\n 13 14  1  0\n 14  3  1  0\n 14  4  2  0\n  3 15  1  0\n 15 16  1  0\n 16  5  1  0\n 16  6  2  0\n 13 17  1  6\n 15 18  1  6\n 18 19  1  0\n 19 20  1  0\n 20 21  1  0\n 21  7  1  0\n 22  8  1  0\n  8 23  1  0\n 23 24  1  0\n 24 25  1  0\n 25 22  1  0\n  8 26  1  0\n 26  9  2  0\n 26 27  1  0\n 27 28  1  0\n 28 29  1  0\n 29 30  1  0\n 30 31  1  0\n 17 32  1  0\n 32 33  2  0\n 33 34  1  0\n 34 35  2  0\n 35 36  1  0\n 36 37  2  0\n 37 32  1  0\n 36 10  1  0\n 35 11  1  0\n 31 38  1  0\n 44 42  1  0\n 43 39  1  0\n 39 40  1  0\n 40 41  1  0\n 41 42  1  0\n 43 44  1  0\n 43 47  1  0\n 44 45  1  0\n 45 46  1  0\n 46 48  1  0\n 47 48  2  0\n 48 51  1  0\n 50 49  1  0\n 49 47  1  0\n 50 51  2  0\n 51 52  1  0\n 52 53  2  0\n 53 54  1  0\n 54 55  2  0\n 55 50  1  0\n 43 56  1  1\n 41 57  1  1\n 57 38  1  0\n 57 58  2  0\nM  END', 'standard_inchi': 'InChI=1S/C42H56F2N8O5/c43-30-16-14-26(23-31(30)44)24-34(41(56)49-33(39(46)54)11-5-6-19-45)50-42(57)36-12-8-21-52(36)37(53)13-2-1-7-20-47-40(55)27-15-17-35-38-29(18-22-51(35)25-27)28-9-3-4-10-32(28)48-38/h3-4,9-10,14,16,23,27,33-36,48H,1-2,5-8,11-13,15,17-22,24-25,45H2,(H2,46,54)(H,47,55)(H,49,56)(H,50,57)/t27-,33-,34-,35+,36+/m0/s1', 'standard_inchi_key': 'TXVUROLPUDSHNS-XHUJMWDFSA-N'}",6.698970004336019,NCCCC[C@H](NC(=O)[C@H](Cc1ccc(F)c(F)c1)NC(=O)[C@H]1CCCN1C(=O)CCCCCNC(=O)[C@H]1CC[C@@H]2c3[nH]c4ccccc4c3CCN2C1)C(N)=O
CHEMBL3423403,280.0,nM,"{'canonical_smiles': 'NCCCC[C@H](NC(=O)[C@H](Cc1ccc(F)c(F)c1)NC(=O)[C@@H]1CCCN1C(=O)CCCCCNC(=O)[C@H]1CC[C@@H]2c3[nH]c4ccccc4c3CCN2C1)C(N)=O', 'molfile': '\n     RDKit          2D\n\n 58 63  0  0  0  0  0  0  0  0999 V2000\n   16.8909    3.8437    0.0000 C   0  0  0  0  0  0  0  0  0  0  0  0\n   18.1103    4.7187    0.0000 N   0  0  0  0  0  0  0  0  0  0  0  0\n   15.7977    4.3387    0.0000 O   0  0  0  0  0  0  0  0  0  0  0  0\n   17.9632    6.2123    0.0000 C   0  0  0  0  0  0  0  0  0  0  0  0\n   16.5972    6.8341    0.0000 C   0  0  0  0  0  0  0  0  0  0  0  0\n   16.4518    8.3278    0.0000 N   0  0  0  0  0  0  0  0  0  0  0  0\n   15.6208    6.1365    0.0000 O   0  0  0  0  0  0  0  0  0  0  0  0\n   15.0858    8.9496    0.0000 C   0  0  0  0  0  0  0  0  0  0  0  0\n   13.8628    8.0797    0.0000 C   0  0  0  0  0  0  0  0  0  0  0  0\n   13.9766    6.8851    0.0000 N   0  0  0  0  0  0  0  0  0  0  0  0\n   12.7712    8.5781    0.0000 O   0  0  0  0  0  0  0  0  0  0  0  0\n   19.1827    7.0872    0.0000 C   0  0  0  0  0  0  0  0  0  0  0  0\n   14.9404   10.4434    0.0000 C   0  0  0  0  0  0  0  0  0  0  0  0\n   13.5744   11.0652    0.0000 C   0  0  0  0  0  0  0  0  0  0  0  0\n   13.4290   12.5589    0.0000 C   0  0  0  0  0  0  0  0  0  0  0  0\n   12.0630   13.1807    0.0000 C   0  0  0  0  0  0  0  0  0  0  0  0\n   11.9467   14.3751    0.0000 N   0  0  0  0  0  0  0  0  0  0  0  0\n   17.0376    2.3528    0.0000 C   0  0  0  0  0  0  0  0  0  0  0  0\n   15.9320    1.3580    0.0000 N   0  0  0  0  0  0  0  0  0  0  0  0\n   16.5040   -0.0149    0.0000 C   0  0  0  0  0  0  0  0  0  0  0  0\n   17.9976    0.1236    0.0000 C   0  0  0  0  0  0  0  0  0  0  0  0\n   18.3274    1.5869    0.0000 C   0  0  0  0  0  0  0  0  0  0  0  0\n   14.4673    1.6849    0.0000 C   0  0  0  0  0  0  0  0  0  0  0  0\n   14.1084    2.8300    0.0000 O   0  0  0  0  0  0  0  0  0  0  0  0\n   13.4510    0.5805    0.0000 C   0  0  0  0  0  0  0  0  0  0  0  0\n   11.9863    0.9074    0.0000 C   0  0  0  0  0  0  0  0  0  0  0  0\n   10.9700   -0.1970    0.0000 C   0  0  0  0  0  0  0  0  0  0  0  0\n    9.5052    0.1299    0.0000 C   0  0  0  0  0  0  0  0  0  0  0  0\n    8.4890   -0.9745    0.0000 C   0  0  0  0  0  0  0  0  0  0  0  0\n    7.0242   -0.6475    0.0000 N   0  0  0  0  0  0  0  0  0  0  0  0\n    2.0934   -2.2270    0.0000 C   0  0  0  0  0  0  0  0  0  0  0  0\n    3.5632   -2.4942    0.0000 C   0  0  0  0  0  0  0  0  0  0  0  0\n    4.5431   -1.4253    0.0000 C   0  0  0  0  0  0  0  0  0  0  0  0\n    4.0754    0.0000    0.0000 C   0  0  0  0  0  0  0  0  0  0  0  0\n    1.5812   -0.7794    0.0000 C   0  0  0  0  0  0  0  0  0  0  0  0\n    2.4942    0.2895    0.0000 N   0  0  0  0  0  0  0  0  0  0  0  0\n    2.0934    1.7370    0.0000 C   0  0  0  0  0  0  0  0  0  0  0  0\n    0.6236    2.0488    0.0000 C   0  0  0  0  0  0  0  0  0  0  0  0\n    0.0891   -0.4677    0.0000 C   0  0  0  0  0  0  0  0  0  0  0  0\n   -0.3340    0.9353    0.0000 C   0  0  0  0  0  0  0  0  0  0  0  0\n   -1.0690   -1.3585    0.0000 N   0  0  0  0  0  0  0  0  0  0  0  0\n   -2.2938   -0.4677    0.0000 C   0  0  0  0  0  0  0  0  0  0  0  0\n   -1.8484    0.9353    0.0000 C   0  0  0  0  0  0  0  0  0  0  0  0\n   -2.8728    2.0488    0.0000 C   0  0  0  0  0  0  0  0  0  0  0  0\n   -4.3426    1.7370    0.0000 C   0  0  0  0  0  0  0  0  0  0  0  0\n   -4.8103    0.2672    0.0000 C   0  0  0  0  0  0  0  0  0  0  0  0\n   -3.7636   -0.8240    0.0000 C   0  0  0  0  0  0  0  0  0  0  0  0\n    0.9230   -1.5323    0.0000 H   0  0  0  0  0  0  0  0  0  0  0  0\n    6.0080   -1.7520    0.0000 C   0  0  0  0  0  0  0  0  0  0  0  0\n    6.3668   -2.8970    0.0000 O   0  0  0  0  0  0  0  0  0  0  0  0\n   19.0356    8.5808    0.0000 C   0  0  0  0  0  0  0  0  0  0  0  0\n   20.2531    9.4570    0.0000 C   0  0  0  0  0  0  0  0  0  0  0  0\n   20.1032   10.9495    0.0000 C   0  0  0  0  0  0  0  0  0  0  0  0\n   18.7357   11.5659    0.0000 C   0  0  0  0  0  0  0  0  0  0  0  0\n   17.5181   10.6897    0.0000 C   0  0  0  0  0  0  0  0  0  0  0  0\n   17.6681    9.1973    0.0000 C   0  0  0  0  0  0  0  0  0  0  0  0\n   16.4241   11.1828    0.0000 F   0  0  0  0  0  0  0  0  0  0  0  0\n   18.6157   12.7598    0.0000 F   0  0  0  0  0  0  0  0  0  0  0  0\n 18  1  1  6\n  1  2  1  0\n  1  3  2  0\n  2  4  1  0\n  4  5  1  0\n  5  6  1  0\n  5  7  2  0\n  6  8  1  0\n  8  9  1  0\n  9 10  1  0\n  9 11  2  0\n  4 12  1  6\n  8 13  1  6\n 13 14  1  0\n 14 15  1  0\n 15 16  1  0\n 16 17  1  0\n 18 19  1  0\n 19 20  1  0\n 20 21  1  0\n 21 22  1  0\n 22 18  1  0\n 19 23  1  0\n 23 24  2  0\n 23 25  1  0\n 25 26  1  0\n 26 27  1  0\n 27 28  1  0\n 28 29  1  0\n 29 30  1  0\n 36 34  1  0\n 35 31  1  0\n 31 32  1  0\n 32 33  1  0\n 33 34  1  0\n 35 36  1  0\n 35 39  1  0\n 36 37  1  0\n 37 38  1  0\n 38 40  1  0\n 39 40  2  0\n 40 43  1  0\n 42 41  1  0\n 41 39  1  0\n 42 43  2  0\n 43 44  1  0\n 44 45  2  0\n 45 46  1  0\n 46 47  2  0\n 47 42  1  0\n 35 48  1  1\n 33 49  1  1\n 49 30  1  0\n 49 50  2  0\n 12 51  1  0\n 51 52  2  0\n 52 53  1  0\n 53 54  2  0\n 54 55  1  0\n 55 56  2  0\n 56 51  1  0\n 55 57  1  0\n 54 58  1  0\nM  END', 'standard_inchi': 'InChI=1S/C42H56F2N8O5/c43-30-16-14-26(23-31(30)44)24-34(41(56)49-33(39(46)54)11-5-6-19-45)50-42(57)36-12-8-21-52(36)37(53)13-2-1-7-20-47-40(55)27-15-17-35-38-29(18-22-51(35)25-27)28-9-3-4-10-32(28)48-38/h3-4,9-10,14,16,23,27,33-36,48H,1-2,5-8,11-13,15,17-22,24-25,45H2,(H2,46,54)(H,47,55)(H,49,56)(H,50,57)/t27-,33-,34-,35+,36-/m0/s1', 'standard_inchi_key': 'TXVUROLPUDSHNS-IRUKTGRDSA-N'}",6.552841968657781,NCCCC[C@H](NC(=O)[C@H](Cc1ccc(F)c(F)c1)NC(=O)[C@@H]1CCCN1C(=O)CCCCCNC(=O)[C@H]1CC[C@@H]2c3[nH]c4ccccc4c3CCN2C1)C(N)=O
CHEMBL390297,300.0,nM,"{'canonical_smiles': 'CN1C[C@H](C(=O)N[C@@H](Cc2ccc([N+](=O)[O-])cc2)C(=O)N[C@@H](CCC2CCCCC2)C(=O)N2CCCC(C(N)=O)C2)C=C2c3cccc4[nH]cc(c34)C[C@H]21', 'molfile': '\n     RDKit          2D\n\n 55 61  0  0  1  0  0  0  0  0999 V2000\n    6.4736  -25.3708    0.0000 C   0  0  0  0  0  0  0  0  0  0  0  0\n    6.4724  -26.1982    0.0000 C   0  0  0  0  0  0  0  0  0  0  0  0\n    7.1872  -26.6110    0.0000 C   0  0  0  0  0  0  0  0  0  0  0  0\n    7.1854  -24.9580    0.0000 C   0  0  0  0  0  0  0  0  0  0  0  0\n    7.9008  -25.3672    0.0000 C   0  0  0  0  0  0  0  0  0  0  0  0\n    7.9042  -26.2002    0.0000 C   0  0  0  0  0  0  0  0  0  0  0  0\n    8.6234  -26.6115    0.0000 C   0  0  0  0  0  0  0  0  0  0  0  0\n    9.3438  -26.1943    0.0000 C   0  0  0  0  0  0  0  0  0  0  0  0\n    7.4042  -27.3625    0.0000 N   0  0  0  0  0  0  0  0  0  0  0  0\n    8.4042  -27.4042    0.0000 C   0  0  0  0  0  0  0  0  0  0  0  0\n    8.6166  -24.9454    0.0000 C   0  0  0  0  0  0  0  0  0  0  0  0\n    9.3423  -25.3607    0.0000 C   0  0  0  0  0  0  0  0  0  0  0  0\n   10.0608  -24.9422    0.0000 N   0  0  0  0  0  0  0  0  0  0  0  0\n   10.0600  -24.1067    0.0000 C   0  0  0  0  0  0  0  0  0  0  0  0\n    9.3342  -23.6913    0.0000 C   0  0  0  0  0  0  0  0  0  0  0  0\n    8.6094  -24.1116    0.0000 C   0  0  0  0  0  0  0  0  0  0  0  0\n   10.7763  -25.3530    0.0000 C   0  0  0  0  0  0  0  0  0  0  0  0\n    9.3319  -22.8663    0.0000 C   0  0  0  0  0  0  0  0  0  0  0  0\n   10.0453  -22.4518    0.0000 N   0  0  0  0  0  0  0  0  0  0  0  0\n    8.6163  -22.4558    0.0000 O   0  0  0  0  0  0  0  0  0  0  0  0\n   10.0430  -21.6269    0.0000 C   0  0  0  0  0  0  0  0  0  0  0  0\n   10.7563  -21.2124    0.0000 C   0  0  0  0  0  0  0  0  0  0  0  0\n    9.3273  -21.2163    0.0000 C   0  0  0  0  0  0  0  0  0  0  0  0\n    9.3250  -20.3914    0.0000 C   0  0  0  0  0  0  0  0  0  0  0  0\n   11.4719  -21.6229    0.0000 N   0  0  0  0  0  0  0  0  0  0  0  0\n   10.7540  -20.3874    0.0000 O   0  0  0  0  0  0  0  0  0  0  0  0\n   12.1852  -21.2084    0.0000 C   0  0  0  0  0  0  0  0  0  0  0  0\n   12.7758  -21.6814    0.0000 C   0  0  0  0  0  0  0  0  0  0  0  0\n   12.1829  -20.3834    0.0000 C   0  0  0  0  0  0  0  0  0  0  0  0\n   12.8962  -19.9689    0.0000 C   0  0  0  0  0  0  0  0  0  0  0  0\n   12.4625  -22.4292    0.0000 O   0  0  0  0  0  0  0  0  0  0  0  0\n   13.5780  -21.4887    0.0000 N   0  0  0  0  0  0  0  0  0  0  0  0\n   10.0542  -25.7708    0.0000 H   0  0  0  0  0  0  0  0  0  0  0  0\n   10.0374  -19.9807    0.0000 C   0  0  0  0  0  0  0  0  0  0  0  0\n   10.0354  -19.1564    0.0000 C   0  0  0  0  0  0  0  0  0  0  0  0\n    9.3192  -18.7451    0.0000 C   0  0  0  0  0  0  0  0  0  0  0  0\n    8.6036  -19.1641    0.0000 C   0  0  0  0  0  0  0  0  0  0  0  0\n    8.6090  -19.9869    0.0000 C   0  0  0  0  0  0  0  0  0  0  0  0\n    9.3145  -17.9150    0.0000 N   0  0  0  0  0  0  0  0  0  0  0  0\n    8.5983  -17.5054    0.0000 O   0  0  0  0  0  0  0  0  0  0  0  0\n   10.0273  -17.4996    0.0000 O   0  0  0  0  0  0  0  0  0  0  0  0\n   12.8939  -19.1439    0.0000 C   0  0  0  0  0  0  0  0  0  0  0  0\n   13.6082  -18.7340    0.0000 C   0  0  0  0  0  0  0  0  0  0  0  0\n   13.6079  -17.9126    0.0000 C   0  0  0  0  0  0  0  0  0  0  0  0\n   12.8941  -17.4982    0.0000 C   0  0  0  0  0  0  0  0  0  0  0  0\n   12.1789  -17.9115    0.0000 C   0  0  0  0  0  0  0  0  0  0  0  0\n   12.1776  -18.7391    0.0000 C   0  0  0  0  0  0  0  0  0  0  0  0\n   14.1419  -22.0905    0.0000 C   0  0  0  0  0  0  0  0  0  0  0  0\n   14.9410  -21.9006    0.0000 C   0  0  0  0  0  0  0  0  0  0  0  0\n   15.1794  -21.1104    0.0000 C   0  0  0  0  0  0  0  0  0  0  0  0\n   14.6123  -20.5099    0.0000 C   0  0  0  0  0  0  0  0  0  0  0  0\n   13.8067  -20.6997    0.0000 C   0  0  0  0  0  0  0  0  0  0  0  0\n   15.5067  -22.5011    0.0000 C   0  0  0  0  0  0  0  0  0  0  0  0\n   15.2695  -23.2912    0.0000 O   0  0  0  0  0  0  0  0  0  0  0  0\n   16.3096  -22.3115    0.0000 N   0  0  0  0  0  0  0  0  0  0  0  0\n 22 26  2  0\n 25 27  1  0\n  2  3  1  0\n 27 28  1  0\n  3  6  2  0\n 27 29  1  1\n  1  2  2  0\n 29 30  1  0\n  5 11  1  0\n 28 31  2  0\n 11 16  2  0\n 28 32  1  0\n 12 13  1  0\n 12 33  1  1\n 13 14  1  0\n 24 34  2  0\n 14 15  1  0\n 34 35  1  0\n 15 16  1  0\n 35 36  2  0\n  6  7  1  0\n 36 37  1  0\n 13 17  1  0\n 37 38  2  0\n 38 24  1  0\n  7  8  1  0\n 15 18  1  1\n  8 12  1  0\n 39 40  2  0\n 39 41  1  0\n 36 39  1  0\n 18 19  1  0\n 30 42  1  0\n 42 43  1  0\n  5  4  2  0\n 18 20  2  0\n  3  9  1  0\n 19 21  1  0\n  4  1  1  0\n 42 47  1  0\n 43 44  1  0\n 44 45  1  0\n 45 46  1  0\n 46 47  1  0\n 32 48  1  0\n 21 22  1  0\n  7 10  2  0\n 21 23  1  1\n  9 10  1  0\n 23 24  1  0\n 32 52  1  0\n 48 49  1  0\n 49 50  1  0\n 50 51  1  0\n 51 52  1  0\n 11 12  1  0\n 49 53  1  0\n 22 25  1  0\n 53 54  2  0\n  5  6  1  0\n 53 55  1  0\nM  CHG  2  39   1  41  -1\nM  END', 'standard_inchi': 'InChI=1S/C41H51N7O6/c1-46-23-29(20-32-31-10-5-11-33-37(31)28(22-43-33)21-36(32)46)39(50)45-35(19-26-12-15-30(16-13-26)48(53)54)40(51)44-34(17-14-25-7-3-2-4-8-25)41(52)47-18-6-9-27(24-47)38(42)49/h5,10-13,15-16,20,22,25,27,29,34-36,43H,2-4,6-9,14,17-19,21,23-24H2,1H3,(H2,42,49)(H,44,51)(H,45,50)/t27?,29-,34+,35+,36-/m1/s1', 'standard_inchi_key': 'LZHXZGVGDIQVLP-XHXGFGLKSA-N'}",6.522878745280337,CN1C[C@H](C(=O)N[C@@H](Cc2ccc([N+](=O)[O-])cc2)C(=O)N[C@@H](CCC2CCCCC2)C(=O)N2CCCC(C(N)=O)C2)C=C2c3cccc4[nH]cc(c34)C[C@H]21
CHEMBL3423411,400.0,nM,"{'canonical_smiles': 'NCCCC[C@H](NC(=O)[C@H](Cc1ccc(F)c(F)c1)NC(=O)[C@H]1CCCN1C(=O)CCCCCNC(=O)[C@@H]1CC[C@H]2c3[nH]c4ccccc4c3CCN2C1)C(N)=O', 'molfile': '\n     RDKit          2D\n\n 58 63  0  0  0  0  0  0  0  0999 V2000\n   18.1103    4.7187    0.0000 N   0  0  0  0  0  0  0  0  0  0  0  0\n   15.7977    4.3387    0.0000 O   0  0  0  0  0  0  0  0  0  0  0  0\n   16.4518    8.3278    0.0000 N   0  0  0  0  0  0  0  0  0  0  0  0\n   15.6208    6.1365    0.0000 O   0  0  0  0  0  0  0  0  0  0  0  0\n   13.9766    6.8851    0.0000 N   0  0  0  0  0  0  0  0  0  0  0  0\n   12.7712    8.5781    0.0000 O   0  0  0  0  0  0  0  0  0  0  0  0\n   11.9467   14.3751    0.0000 N   0  0  0  0  0  0  0  0  0  0  0  0\n   15.9320    1.3580    0.0000 N   0  0  0  0  0  0  0  0  0  0  0  0\n   14.1084    2.8300    0.0000 O   0  0  0  0  0  0  0  0  0  0  0  0\n   16.4241   11.1828    0.0000 F   0  0  0  0  0  0  0  0  0  0  0  0\n   18.6157   12.7598    0.0000 F   0  0  0  0  0  0  0  0  0  0  0  0\n   16.8909    3.8437    0.0000 C   0  0  0  0  0  0  0  0  0  0  0  0\n   17.9632    6.2123    0.0000 C   0  0  0  0  0  0  0  0  0  0  0  0\n   16.5972    6.8341    0.0000 C   0  0  0  0  0  0  0  0  0  0  0  0\n   15.0858    8.9496    0.0000 C   0  0  0  0  0  0  0  0  0  0  0  0\n   13.8628    8.0797    0.0000 C   0  0  0  0  0  0  0  0  0  0  0  0\n   19.1827    7.0872    0.0000 C   0  0  0  0  0  0  0  0  0  0  0  0\n   14.9404   10.4434    0.0000 C   0  0  0  0  0  0  0  0  0  0  0  0\n   13.5744   11.0652    0.0000 C   0  0  0  0  0  0  0  0  0  0  0  0\n   13.4290   12.5589    0.0000 C   0  0  0  0  0  0  0  0  0  0  0  0\n   12.0630   13.1807    0.0000 C   0  0  0  0  0  0  0  0  0  0  0  0\n   17.0376    2.3528    0.0000 C   0  0  0  0  0  0  0  0  0  0  0  0\n   16.5040   -0.0149    0.0000 C   0  0  0  0  0  0  0  0  0  0  0  0\n   17.9976    0.1236    0.0000 C   0  0  0  0  0  0  0  0  0  0  0  0\n   18.3274    1.5869    0.0000 C   0  0  0  0  0  0  0  0  0  0  0  0\n   14.4673    1.6849    0.0000 C   0  0  0  0  0  0  0  0  0  0  0  0\n   13.4510    0.5805    0.0000 C   0  0  0  0  0  0  0  0  0  0  0  0\n   11.9863    0.9074    0.0000 C   0  0  0  0  0  0  0  0  0  0  0  0\n   10.9700   -0.1970    0.0000 C   0  0  0  0  0  0  0  0  0  0  0  0\n    9.5052    0.1299    0.0000 C   0  0  0  0  0  0  0  0  0  0  0  0\n    8.4890   -0.9745    0.0000 C   0  0  0  0  0  0  0  0  0  0  0  0\n   19.0356    8.5808    0.0000 C   0  0  0  0  0  0  0  0  0  0  0  0\n   20.2531    9.4570    0.0000 C   0  0  0  0  0  0  0  0  0  0  0  0\n   20.1032   10.9495    0.0000 C   0  0  0  0  0  0  0  0  0  0  0  0\n   18.7357   11.5659    0.0000 C   0  0  0  0  0  0  0  0  0  0  0  0\n   17.5181   10.6897    0.0000 C   0  0  0  0  0  0  0  0  0  0  0  0\n   17.6681    9.1973    0.0000 C   0  0  0  0  0  0  0  0  0  0  0  0\n    7.0242   -0.6475    0.0000 N   0  0  0  0  0  0  0  0  0  0  0  0\n    2.0934   -2.2270    0.0000 C   0  0  0  0  0  0  0  0  0  0  0  0\n    3.5632   -2.4942    0.0000 C   0  0  0  0  0  0  0  0  0  0  0  0\n    4.5431   -1.4253    0.0000 C   0  0  0  0  0  0  0  0  0  0  0  0\n    4.0754    0.0000    0.0000 C   0  0  0  0  0  0  0  0  0  0  0  0\n    1.5812   -0.7794    0.0000 C   0  0  0  0  0  0  0  0  0  0  0  0\n    2.4942    0.2895    0.0000 N   0  0  0  0  0  0  0  0  0  0  0  0\n    2.0934    1.7370    0.0000 C   0  0  0  0  0  0  0  0  0  0  0  0\n    0.6236    2.0488    0.0000 C   0  0  0  0  0  0  0  0  0  0  0  0\n    0.0891   -0.4677    0.0000 C   0  0  0  0  0  0  0  0  0  0  0  0\n   -0.3340    0.9353    0.0000 C   0  0  0  0  0  0  0  0  0  0  0  0\n   -1.0690   -1.3585    0.0000 N   0  0  0  0  0  0  0  0  0  0  0  0\n   -2.2938   -0.4677    0.0000 C   0  0  0  0  0  0  0  0  0  0  0  0\n   -1.8484    0.9353    0.0000 C   0  0  0  0  0  0  0  0  0  0  0  0\n   -2.8728    2.0488    0.0000 C   0  0  0  0  0  0  0  0  0  0  0  0\n   -4.3426    1.7370    0.0000 C   0  0  0  0  0  0  0  0  0  0  0  0\n   -4.8103    0.2672    0.0000 C   0  0  0  0  0  0  0  0  0  0  0  0\n   -3.7636   -0.8240    0.0000 C   0  0  0  0  0  0  0  0  0  0  0  0\n    0.9230   -1.5323    0.0000 H   0  0  0  0  0  0  0  0  0  0  0  0\n    6.0080   -1.7520    0.0000 C   0  0  0  0  0  0  0  0  0  0  0  0\n    6.3668   -2.8970    0.0000 O   0  0  0  0  0  0  0  0  0  0  0  0\n 22 12  1  1\n 12  1  1  0\n 12  2  2  0\n  1 13  1  0\n 13 14  1  0\n 14  3  1  0\n 14  4  2  0\n  3 15  1  0\n 15 16  1  0\n 16  5  1  0\n 16  6  2  0\n 13 17  1  6\n 15 18  1  6\n 18 19  1  0\n 19 20  1  0\n 20 21  1  0\n 21  7  1  0\n 22  8  1  0\n  8 23  1  0\n 23 24  1  0\n 24 25  1  0\n 25 22  1  0\n  8 26  1  0\n 26  9  2  0\n 26 27  1  0\n 27 28  1  0\n 28 29  1  0\n 29 30  1  0\n 30 31  1  0\n 17 32  1  0\n 32 33  2  0\n 33 34  1  0\n 34 35  2  0\n 35 36  1  0\n 36 37  2  0\n 37 32  1  0\n 36 10  1  0\n 35 11  1  0\n 31 38  1  0\n 44 42  1  0\n 43 39  1  0\n 39 40  1  0\n 40 41  1  0\n 41 42  1  0\n 43 44  1  0\n 43 47  1  0\n 44 45  1  0\n 45 46  1  0\n 46 48  1  0\n 47 48  2  0\n 48 51  1  0\n 50 49  1  0\n 49 47  1  0\n 50 51  2  0\n 51 52  1  0\n 52 53  2  0\n 53 54  1  0\n 54 55  2  0\n 55 50  1  0\n 43 56  1  6\n 41 57  1  6\n 57 38  1  0\n 57 58  2  0\nM  END', 'standard_inchi': 'InChI=1S/C42H56F2N8O5/c43-30-16-14-26(23-31(30)44)24-34(41(56)49-33(39(46)54)11-5-6-19-45)50-42(57)36-12-8-21-52(36)37(53)13-2-1-7-20-47-40(55)27-15-17-35-38-29(18-22-51(35)25-27)28-9-3-4-10-32(28)48-38/h3-4,9-10,14,16,23,27,33-36,48H,1-2,5-8,11-13,15,17-22,24-25,45H2,(H2,46,54)(H,47,55)(H,49,56)(H,50,57)/t27-,33+,34+,35+,36-/m1/s1', 'standard_inchi_key': 'TXVUROLPUDSHNS-GMIKAHHASA-N'}",6.3979400086720375,NCCCC[C@H](NC(=O)[C@H](Cc1ccc(F)c(F)c1)NC(=O)[C@H]1CCCN1C(=O)CCCCCNC(=O)[C@@H]1CC[C@H]2c3[nH]c4ccccc4c3CCN2C1)C(N)=O
CHEMBL3423408,500.0,nM,"{'canonical_smiles': 'CCCC[C@H](NC(=O)CCCCCNC(=O)[C@H]1CC[C@@H]2c3[nH]c4ccccc4c3CCN2C1)C(=O)N[C@@H](Cc1ccc(F)cc1)C(=O)N1C[C@@H](N)C[C@H]1C(N)=O', 'molfile': '\n     RDKit          2D\n\n 57 62  0  0  0  0  0  0  0  0999 V2000\n   20.3772  -13.0240    0.0000 C   0  0  0  0  0  0  0  0  0  0  0  0\n   -4.3426    1.7370    0.0000 C   0  0  0  0  0  0  0  0  0  0  0  0\n    0.9230   -1.5323    0.0000 H   0  0  0  0  0  0  0  0  0  0  0  0\n   18.4735  -11.2570    0.0000 C   0  0  0  0  0  0  0  0  0  0  0  0\n    0.6236    2.0488    0.0000 C   0  0  0  0  0  0  0  0  0  0  0  0\n   16.8811  -14.8936    0.0000 N   0  0  0  0  0  0  0  0  0  0  0  0\n   13.4996  -12.7917    0.0000 C   0  0  0  0  0  0  0  0  0  0  0  0\n    0.0891   -0.4677    0.0000 C   0  0  0  0  0  0  0  0  0  0  0  0\n   19.9369  -11.5900    0.0000 C   0  0  0  0  0  0  0  0  0  0  0  0\n    6.8220   -0.8775    0.0000 O   0  0  0  0  0  0  0  0  0  0  0  0\n    7.9143   -3.5245    0.0000 C   0  0  0  0  0  0  0  0  0  0  0  0\n   -0.3340    0.9353    0.0000 C   0  0  0  0  0  0  0  0  0  0  0  0\n   12.4776  -13.8908    0.0000 C   0  0  0  0  0  0  0  0  0  0  0  0\n   -3.7636   -0.8240    0.0000 C   0  0  0  0  0  0  0  0  0  0  0  0\n    1.5812   -0.7794    0.0000 C   0  0  0  0  0  0  0  0  0  0  0  0\n    9.8220   -5.2911    0.0000 C   0  0  0  0  0  0  0  0  0  0  0  0\n   17.8986  -13.7903    0.0000 C   0  0  0  0  0  0  0  0  0  0  0  0\n   13.0596  -11.3568    0.0000 C   0  0  0  0  0  0  0  0  0  0  0  0\n   15.5450  -10.5907    0.0000 C   0  0  0  0  0  0  0  0  0  0  0  0\n    3.5632   -2.4942    0.0000 C   0  0  0  0  0  0  0  0  0  0  0  0\n    2.4942    0.2895    0.0000 N   0  0  0  0  0  0  0  0  0  0  0  0\n   24.0304  -12.5301    0.0000 F   0  0  0  0  0  0  0  0  0  0  0  0\n   22.4207  -10.8276    0.0000 C   0  0  0  0  0  0  0  0  0  0  0  0\n   12.8293  -15.0381    0.0000 C   0  0  0  0  0  0  0  0  0  0  0  0\n    4.5431   -1.4253    0.0000 C   0  0  0  0  0  0  0  0  0  0  0  0\n   22.8609  -12.2615    0.0000 C   0  0  0  0  0  0  0  0  0  0  0  0\n   -1.8484    0.9353    0.0000 C   0  0  0  0  0  0  0  0  0  0  0  0\n   15.9893  -12.0242    0.0000 N   0  0  0  0  0  0  0  0  0  0  0  0\n   14.0816  -10.2577    0.0000 C   0  0  0  0  0  0  0  0  0  0  0  0\n   17.4527  -12.3572    0.0000 C   0  0  0  0  0  0  0  0  0  0  0  0\n   16.3604   -9.7102    0.0000 O   0  0  0  0  0  0  0  0  0  0  0  0\n   21.8391  -13.3597    0.0000 C   0  0  0  0  0  0  0  0  0  0  0  0\n   11.7297   -7.0576    0.0000 C   0  0  0  0  0  0  0  0  0  0  0  0\n    4.0754    0.0000    0.0000 C   0  0  0  0  0  0  0  0  0  0  0  0\n   11.3586   -9.3716    0.0000 O   0  0  0  0  0  0  0  0  0  0  0  0\n   10.2663   -6.7246    0.0000 C   0  0  0  0  0  0  0  0  0  0  0  0\n   19.0692  -14.0541    0.0000 O   0  0  0  0  0  0  0  0  0  0  0  0\n   20.9587  -10.4918    0.0000 C   0  0  0  0  0  0  0  0  0  0  0  0\n    2.0934    1.7370    0.0000 C   0  0  0  0  0  0  0  0  0  0  0  0\n   13.6374   -8.8241    0.0000 N   0  0  0  0  0  0  0  0  0  0  0  0\n   -2.8728    2.0488    0.0000 C   0  0  0  0  0  0  0  0  0  0  0  0\n    8.3586   -4.9581    0.0000 C   0  0  0  0  0  0  0  0  0  0  0  0\n   -4.8103    0.2672    0.0000 C   0  0  0  0  0  0  0  0  0  0  0  0\n   12.1739   -8.4912    0.0000 C   0  0  0  0  0  0  0  0  0  0  0  0\n   -2.2938   -0.4677    0.0000 C   0  0  0  0  0  0  0  0  0  0  0  0\n    2.0934   -2.2270    0.0000 C   0  0  0  0  0  0  0  0  0  0  0  0\n    6.0066   -1.7580    0.0000 C   0  0  0  0  0  0  0  0  0  0  0  0\n    6.4509   -3.1915    0.0000 N   0  0  0  0  0  0  0  0  0  0  0  0\n   -1.0690   -1.3585    0.0000 N   0  0  0  0  0  0  0  0  0  0  0  0\n   14.7773  -16.0616    0.0000 C   0  0  0  0  0  0  0  0  0  0  0  0\n   15.8779  -17.0808    0.0000 C   0  0  0  0  0  0  0  0  0  0  0  0\n   17.1873  -16.3490    0.0000 C   0  0  0  0  0  0  0  0  0  0  0  0\n   18.5534  -16.9641    0.0000 C   0  0  0  0  0  0  0  0  0  0  0  0\n   18.6734  -18.1581    0.0000 N   0  0  0  0  0  0  0  0  0  0  0  0\n   19.5276  -16.2634    0.0000 O   0  0  0  0  0  0  0  0  0  0  0  0\n   13.6002  -16.2947    0.0000 N   0  0  0  0  0  0  0  0  0  0  0  0\n   15.4065  -14.6999    0.0000 C   0  0  0  0  0  0  0  0  0  0  0  0\n 15 21  1  0\n 49  8  1  0\n 29 18  1  6\n 15  3  1  1\n 47 10  2  0\n 27 41  1  0\n 15  8  1  0\n  7 13  1  0\n 44 40  1  0\n 39  5  1  0\n  1 32  1  0\n 42 16  1  0\n 28 30  1  0\n 33 44  1  0\n 44 35  2  0\n 25 34  1  0\n 46 20  1  0\n 23 38  2  0\n 11 42  1  0\n 18  7  1  0\n 38  9  1  0\n  2 43  1  0\n 25 47  1  1\n 26 23  1  0\n 36 33  1  0\n  9  1  2  0\n  4  9  1  0\n 45 27  2  0\n 21 39  1  0\n 30 17  1  0\n 41  2  2  0\n 26 22  1  0\n 20 25  1  0\n 17  6  1  0\n 45 49  1  0\n 13 24  1  0\n  8 12  2  0\n 12 27  1  0\n 16 36  1  0\n 14 45  1  0\n 48 11  1  0\n 15 46  1  0\n 32 26  2  0\n  5 12  1  0\n 21 34  1  0\n 47 48  1  0\n 43 14  2  0\n 30  4  1  1\n 19 28  1  0\n 17 37  2  0\n 19 31  2  0\n 40 29  1  0\n 29 19  1  0\n 50 51  1  0\n 51 52  1  0\n 52  6  1  0\n 52 53  1  6\n 53 54  1  0\n 53 55  2  0\n 50 56  1  6\n  6 57  1  0\n 50 57  1  0\nM  END', 'standard_inchi': 'InChI=1S/C42H57FN8O5/c1-2-3-10-33(41(55)49-34(22-26-13-16-28(43)17-14-26)42(56)51-25-29(44)23-36(51)39(45)53)47-37(52)12-5-4-8-20-46-40(54)27-15-18-35-38-31(19-21-50(35)24-27)30-9-6-7-11-32(30)48-38/h6-7,9,11,13-14,16-17,27,29,33-36,48H,2-5,8,10,12,15,18-25,44H2,1H3,(H2,45,53)(H,46,54)(H,47,52)(H,49,55)/t27-,29-,33-,34-,35+,36-/m0/s1', 'standard_inchi_key': 'IBCSETAMVUUPMW-PVURQLNPSA-N'}",6.301029995663981,CCCC[C@H](NC(=O)CCCCCNC(=O)[C@H]1CC[C@@H]2c3[nH]c4ccccc4c3CCN2C1)C(=O)N[C@@H](Cc1ccc(F)cc1)C(=O)N1C[C@@H](N)C[C@H]1C(N)=O
CHEMBL3423405,600.0,nM,"{'canonical_smiles': 'CCCC[C@H](NC(=O)CCCCCNC(=O)[C@H]1CC[C@@H]2c3[nH]c4ccccc4c3CCN2C1)C(=O)N[C@@H](Cc1c[nH]c2ccccc12)C(=O)N1C[C@@H](N)C[C@H]1C(N)=O', 'molfile': '\n     RDKit          2D\n\n 59 65  0  0  0  0  0  0  0  0999 V2000\n   23.9113    2.1569    0.0000 C   0  0  0  0  0  0  0  0  0  0  0  0\n   25.2051    1.3978    0.0000 C   0  0  0  0  0  0  0  0  0  0  0  0\n   24.8830   -0.0672    0.0000 C   0  0  0  0  0  0  0  0  0  0  0  0\n   23.3901   -0.2135    0.0000 C   0  0  0  0  0  0  0  0  0  0  0  0\n   22.8110    1.1564    0.0000 N   0  0  0  0  0  0  0  0  0  0  0  0\n   22.6194   -1.4982    0.0000 C   0  0  0  0  0  0  0  0  0  0  0  0\n   23.2022   -2.5472    0.0000 N   0  0  0  0  0  0  0  0  0  0  0  0\n   21.4195   -1.4788    0.0000 O   0  0  0  0  0  0  0  0  0  0  0  0\n   26.3047    1.8782    0.0000 N   0  0  0  0  0  0  0  0  0  0  0  0\n   15.9320    1.3580    0.0000 N   0  0  0  0  0  0  0  0  0  0  0  0\n   -2.8728    2.0488    0.0000 C   0  0  0  0  0  0  0  0  0  0  0  0\n   11.9863    0.9074    0.0000 C   0  0  0  0  0  0  0  0  0  0  0  0\n   13.4510    0.5805    0.0000 C   0  0  0  0  0  0  0  0  0  0  0  0\n   14.4673    1.6849    0.0000 C   0  0  0  0  0  0  0  0  0  0  0  0\n    6.3668   -2.8970    0.0000 O   0  0  0  0  0  0  0  0  0  0  0  0\n    9.5052    0.1299    0.0000 C   0  0  0  0  0  0  0  0  0  0  0  0\n   15.0314    4.2189    0.0000 C   0  0  0  0  0  0  0  0  0  0  0  0\n    0.6236    2.0488    0.0000 C   0  0  0  0  0  0  0  0  0  0  0  0\n   16.9483    2.4624    0.0000 C   0  0  0  0  0  0  0  0  0  0  0  0\n   20.8941    2.9129    0.0000 C   0  0  0  0  0  0  0  0  0  0  0  0\n    4.5431   -1.4253    0.0000 C   0  0  0  0  0  0  0  0  0  0  0  0\n   20.0648    7.3830    0.0000 N   0  0  0  0  0  0  0  0  0  0  0  0\n    1.5812   -0.7794    0.0000 C   0  0  0  0  0  0  0  0  0  0  0  0\n   23.6021    9.3655    0.0000 C   0  0  0  0  0  0  0  0  0  0  0  0\n   -1.8484    0.9353    0.0000 C   0  0  0  0  0  0  0  0  0  0  0  0\n   19.4293    3.2399    0.0000 N   0  0  0  0  0  0  0  0  0  0  0  0\n   10.9700   -0.1970    0.0000 C   0  0  0  0  0  0  0  0  0  0  0  0\n    7.0242   -0.6475    0.0000 N   0  0  0  0  0  0  0  0  0  0  0  0\n    4.0754    0.0000    0.0000 C   0  0  0  0  0  0  0  0  0  0  0  0\n   18.7719    0.9903    0.0000 O   0  0  0  0  0  0  0  0  0  0  0  0\n   22.3583    6.6295    0.0000 C   0  0  0  0  0  0  0  0  0  0  0  0\n   -2.2938   -0.4677    0.0000 C   0  0  0  0  0  0  0  0  0  0  0  0\n   21.4629    5.4499    0.0000 C   0  0  0  0  0  0  0  0  0  0  0  0\n    8.4890   -0.9745    0.0000 C   0  0  0  0  0  0  0  0  0  0  0  0\n    2.4942    0.2895    0.0000 N   0  0  0  0  0  0  0  0  0  0  0  0\n   -4.8103    0.2672    0.0000 C   0  0  0  0  0  0  0  0  0  0  0  0\n   14.5797    5.6502    0.0000 C   0  0  0  0  0  0  0  0  0  0  0  0\n   -4.3426    1.7370    0.0000 C   0  0  0  0  0  0  0  0  0  0  0  0\n    2.0934    1.7370    0.0000 C   0  0  0  0  0  0  0  0  0  0  0  0\n   -0.3340    0.9353    0.0000 C   0  0  0  0  0  0  0  0  0  0  0  0\n   -1.0690   -1.3585    0.0000 N   0  0  0  0  0  0  0  0  0  0  0  0\n   21.9103    4.0173    0.0000 C   0  0  0  0  0  0  0  0  0  0  0  0\n   20.0462    5.9099    0.0000 C   0  0  0  0  0  0  0  0  0  0  0  0\n   21.3458    1.4817    0.0000 C   0  0  0  0  0  0  0  0  0  0  0  0\n   22.0893    9.2207    0.0000 C   0  0  0  0  0  0  0  0  0  0  0  0\n    0.9230   -1.5323    0.0000 H   0  0  0  0  0  0  0  0  0  0  0  0\n   14.1084    2.8300    0.0000 O   0  0  0  0  0  0  0  0  0  0  0  0\n   23.8563    6.7636    0.0000 C   0  0  0  0  0  0  0  0  0  0  0  0\n   13.4082    5.9103    0.0000 C   0  0  0  0  0  0  0  0  0  0  0  0\n    2.0934   -2.2270    0.0000 C   0  0  0  0  0  0  0  0  0  0  0  0\n   -3.7636   -0.8240    0.0000 C   0  0  0  0  0  0  0  0  0  0  0  0\n    0.0891   -0.4677    0.0000 C   0  0  0  0  0  0  0  0  0  0  0  0\n   20.5351    0.5970    0.0000 O   0  0  0  0  0  0  0  0  0  0  0  0\n   21.4854    7.8432    0.0000 C   0  0  0  0  0  0  0  0  0  0  0  0\n   16.4965    3.8936    0.0000 C   0  0  0  0  0  0  0  0  0  0  0  0\n   18.4131    2.1354    0.0000 C   0  0  0  0  0  0  0  0  0  0  0  0\n   24.4749    8.1517    0.0000 C   0  0  0  0  0  0  0  0  0  0  0  0\n    6.0080   -1.7520    0.0000 C   0  0  0  0  0  0  0  0  0  0  0  0\n    3.5632   -2.4942    0.0000 C   0  0  0  0  0  0  0  0  0  0  0  0\n  1  2  1  0\n  2  3  1  0\n  3  4  1  0\n  4  5  1  0\n  5  1  1  0\n  4  6  1  1\n  6  7  1  0\n  6  8  2  0\n  2  9  1  1\n 23 35  1  0\n 41 52  1  0\n 40 25  1  0\n 56 26  1  0\n 42 33  1  0\n 18 40  1  0\n 11 38  2  0\n 58 15  2  0\n 19 55  1  1\n 16 27  1  0\n 24 57  1  0\n 27 12  1  0\n 13 14  1  0\n 14 47  2  0\n 26 20  1  0\n 31 54  2  0\n 43 22  1  0\n 32 25  2  0\n 34 16  1  0\n 25 11  1  0\n 10 19  1  0\n 20 44  1  0\n 19 56  1  0\n 57 48  2  0\n 22 54  1  0\n 28 34  1  0\n 21 58  1  1\n 37 49  1  0\n 33 43  2  0\n 38 36  1  0\n 52 40  2  0\n 23 46  1  1\n 31 33  1  0\n 23 52  1  0\n 56 30  2  0\n 48 31  1  0\n 35 39  1  0\n 50 59  1  0\n 45 24  2  0\n 23 50  1  0\n 59 21  1  0\n 44  5  1  0\n 51 32  1  0\n 12 13  1  0\n 14 10  1  0\n 21 29  1  0\n 44 53  2  0\n 58 28  1  0\n 17 37  1  0\n 39 18  1  0\n 35 29  1  0\n 20 42  1  1\n 32 41  1  0\n 54 45  1  0\n 55 17  1  0\n 36 51  2  0\nM  END', 'standard_inchi': 'InChI=1S/C44H59N9O5/c1-2-3-13-35(43(57)51-36(22-28-24-48-33-14-8-6-11-30(28)33)44(58)53-26-29(45)23-38(53)41(46)55)49-39(54)16-5-4-10-20-47-42(56)27-17-18-37-40-32(19-21-52(37)25-27)31-12-7-9-15-34(31)50-40/h6-9,11-12,14-15,24,27,29,35-38,48,50H,2-5,10,13,16-23,25-26,45H2,1H3,(H2,46,55)(H,47,56)(H,49,54)(H,51,57)/t27-,29-,35-,36-,37+,38-/m0/s1', 'standard_inchi_key': 'MWJBXTLFRLDENI-MYLNZVDJSA-N'}",6.221848749616356,CCCC[C@H](NC(=O)CCCCCNC(=O)[C@H]1CC[C@@H]2c3[nH]c4ccccc4c3CCN2C1)C(=O)N[C@@H](Cc1c[nH]c2ccccc12)C(=O)N1C[C@@H](N)C[C@H]1C(N)=O
CHEMBL3423406,900.0,nM,"{'canonical_smiles': 'CCCC[C@H](NC(=O)[C@H]1CC[C@@H]2c3[nH]c4ccccc4c3CCN2C1)C(=O)N[C@@H](Cc1c[nH]c2ccccc12)C(=O)N[C@@H](CCCCN)C(N)=O', 'molfile': '\n     RDKit          2D\n\n 52 57  0  0  0  0  0  0  0  0999 V2000\n    2.0934   -2.2270    0.0000 C   0  0  0  0  0  0  0  0  0  0  0  0\n    3.5632   -2.4942    0.0000 C   0  0  0  0  0  0  0  0  0  0  0  0\n    4.5431   -1.4253    0.0000 C   0  0  0  0  0  0  0  0  0  0  0  0\n    4.0754    0.0000    0.0000 C   0  0  0  0  0  0  0  0  0  0  0  0\n    1.5812   -0.7794    0.0000 C   0  0  0  0  0  0  0  0  0  0  0  0\n    2.4942    0.2895    0.0000 N   0  0  0  0  0  0  0  0  0  0  0  0\n    2.0934    1.7370    0.0000 C   0  0  0  0  0  0  0  0  0  0  0  0\n    0.6236    2.0488    0.0000 C   0  0  0  0  0  0  0  0  0  0  0  0\n    0.0891   -0.4677    0.0000 C   0  0  0  0  0  0  0  0  0  0  0  0\n   -0.3340    0.9353    0.0000 C   0  0  0  0  0  0  0  0  0  0  0  0\n   -1.0690   -1.3585    0.0000 N   0  0  0  0  0  0  0  0  0  0  0  0\n   -2.2938   -0.4677    0.0000 C   0  0  0  0  0  0  0  0  0  0  0  0\n   -1.8484    0.9353    0.0000 C   0  0  0  0  0  0  0  0  0  0  0  0\n   -2.8728    2.0488    0.0000 C   0  0  0  0  0  0  0  0  0  0  0  0\n   -4.3426    1.7370    0.0000 C   0  0  0  0  0  0  0  0  0  0  0  0\n   -4.8103    0.2672    0.0000 C   0  0  0  0  0  0  0  0  0  0  0  0\n   -3.7636   -0.8240    0.0000 C   0  0  0  0  0  0  0  0  0  0  0  0\n    0.9230   -1.5323    0.0000 H   0  0  0  0  0  0  0  0  0  0  0  0\n    6.0080   -1.7520    0.0000 C   0  0  0  0  0  0  0  0  0  0  0  0\n    7.0242   -0.6475    0.0000 N   0  0  0  0  0  0  0  0  0  0  0  0\n    6.3668   -2.8970    0.0000 O   0  0  0  0  0  0  0  0  0  0  0  0\n    8.4890   -0.9745    0.0000 C   0  0  0  0  0  0  0  0  0  0  0  0\n    9.5052    0.1299    0.0000 C   0  0  0  0  0  0  0  0  0  0  0  0\n   10.9700   -0.1970    0.0000 N   0  0  0  0  0  0  0  0  0  0  0  0\n    9.1464    1.2750    0.0000 O   0  0  0  0  0  0  0  0  0  0  0  0\n   11.9863    0.9074    0.0000 C   0  0  0  0  0  0  0  0  0  0  0  0\n   11.5404    2.3405    0.0000 C   0  0  0  0  0  0  0  0  0  0  0  0\n   12.5579    3.4438    0.0000 N   0  0  0  0  0  0  0  0  0  0  0  0\n   10.3698    2.6043    0.0000 O   0  0  0  0  0  0  0  0  0  0  0  0\n   12.1120    4.8769    0.0000 C   0  0  0  0  0  0  0  0  0  0  0  0\n   10.6486    5.2098    0.0000 C   0  0  0  0  0  0  0  0  0  0  0  0\n    9.8332    4.3294    0.0000 N   0  0  0  0  0  0  0  0  0  0  0  0\n   10.2934    6.3561    0.0000 O   0  0  0  0  0  0  0  0  0  0  0  0\n    8.9408   -2.4057    0.0000 C   0  0  0  0  0  0  0  0  0  0  0  0\n   13.1295    5.9802    0.0000 C   0  0  0  0  0  0  0  0  0  0  0  0\n   10.4059   -2.7310    0.0000 C   0  0  0  0  0  0  0  0  0  0  0  0\n   10.8576   -4.1623    0.0000 C   0  0  0  0  0  0  0  0  0  0  0  0\n   12.0291   -4.4224    0.0000 C   0  0  0  0  0  0  0  0  0  0  0  0\n   13.4510    0.5805    0.0000 C   0  0  0  0  0  0  0  0  0  0  0  0\n   14.4673    1.6849    0.0000 C   0  0  0  0  0  0  0  0  0  0  0  0\n   12.6836    7.4132    0.0000 C   0  0  0  0  0  0  0  0  0  0  0  0\n   13.7011    8.5165    0.0000 C   0  0  0  0  0  0  0  0  0  0  0  0\n   13.2552    9.9496    0.0000 C   0  0  0  0  0  0  0  0  0  0  0  0\n   14.0687   10.8318    0.0000 N   0  0  0  0  0  0  0  0  0  0  0  0\n   15.4519    3.8614    0.0000 N   0  0  0  0  0  0  0  0  0  0  0  0\n   14.1489    3.1130    0.0000 C   0  0  0  0  0  0  0  0  0  0  0  0\n   16.5568    2.8568    0.0000 C   0  0  0  0  0  0  0  0  0  0  0  0\n   15.9366    1.4964    0.0000 C   0  0  0  0  0  0  0  0  0  0  0  0\n   16.7968    0.2627    0.0000 C   0  0  0  0  0  0  0  0  0  0  0  0\n   18.3089    0.4149    0.0000 C   0  0  0  0  0  0  0  0  0  0  0  0\n   18.9290    1.7752    0.0000 C   0  0  0  0  0  0  0  0  0  0  0  0\n   18.0523    3.0165    0.0000 C   0  0  0  0  0  0  0  0  0  0  0  0\n  6  4  1  0\n  5  1  1  0\n  1  2  1  0\n  2  3  1  0\n  3  4  1  0\n  5  6  1  0\n  5  9  1  0\n  6  7  1  0\n  7  8  1  0\n  8 10  1  0\n  9 10  2  0\n 10 13  1  0\n 12 11  1  0\n 11  9  1  0\n 12 13  2  0\n 13 14  1  0\n 14 15  2  0\n 15 16  1  0\n 16 17  2  0\n 17 12  1  0\n  5 18  1  1\n  3 19  1  1\n 19 20  1  0\n 19 21  2  0\n 20 22  1  0\n 22 23  1  0\n 23 24  1  0\n 23 25  2  0\n 24 26  1  0\n 26 27  1  0\n 27 28  1  0\n 27 29  2  0\n 28 30  1  0\n 30 31  1  0\n 31 32  1  0\n 31 33  2  0\n 22 34  1  6\n 30 35  1  6\n 34 36  1  0\n 36 37  1  0\n 37 38  1  0\n 26 39  1  6\n 39 40  1  0\n 35 41  1  0\n 41 42  1  0\n 42 43  1  0\n 43 44  1  0\n 40 48  1  0\n 47 45  1  0\n 45 46  1  0\n 46 40  2  0\n 47 48  2  0\n 48 49  1  0\n 49 50  2  0\n 50 51  1  0\n 51 52  2  0\n 52 47  1  0\nM  END', 'standard_inchi': 'InChI=1S/C39H52N8O4/c1-2-3-12-32(45-37(49)24-16-17-34-35-28(18-20-47(34)23-24)27-11-5-7-14-30(27)43-35)38(50)46-33(21-25-22-42-29-13-6-4-10-26(25)29)39(51)44-31(36(41)48)15-8-9-19-40/h4-7,10-11,13-14,22,24,31-34,42-43H,2-3,8-9,12,15-21,23,40H2,1H3,(H2,41,48)(H,44,51)(H,45,49)(H,46,50)/t24-,31-,32-,33-,34+/m0/s1', 'standard_inchi_key': 'BUSZPEZABSAFAL-YWNCIPKLSA-N'}",6.045757490560675,CCCC[C@H](NC(=O)[C@H]1CC[C@@H]2c3[nH]c4ccccc4c3CCN2C1)C(=O)N[C@@H](Cc1c[nH]c2ccccc12)C(=O)N[C@@H](CCCCN)C(N)=O
CHEMBL3423409,2000.0,nM,"{'canonical_smiles': 'CCCC[C@H](NC(=O)CCCCCNC(=O)[C@H]1CC[C@@H]2c3[nH]c4ccccc4c3CCN2C1)C(=O)N[C@@H](Cc1ccc(F)cc1)C(=O)N[C@@H](CCCCN)C(N)=O', 'molfile': '\n     RDKit          2D\n\n 58 62  0  0  0  0  0  0  0  0999 V2000\n   22.8110    1.1564    0.0000 N   0  0  0  0  0  0  0  0  0  0  0  0\n   23.2627   -0.2749    0.0000 C   0  0  0  0  0  0  0  0  0  0  0  0\n   22.2510   -1.3835    0.0000 C   0  0  0  0  0  0  0  0  0  0  0  0\n   21.0790   -1.1258    0.0000 N   0  0  0  0  0  0  0  0  0  0  0  0\n   22.6135   -2.5274    0.0000 O   0  0  0  0  0  0  0  0  0  0  0  0\n   24.7278   -0.6002    0.0000 C   0  0  0  0  0  0  0  0  0  0  0  0\n   25.1796   -2.0314    0.0000 C   0  0  0  0  0  0  0  0  0  0  0  0\n   26.6447   -2.3567    0.0000 C   0  0  0  0  0  0  0  0  0  0  0  0\n   27.0965   -3.7880    0.0000 C   0  0  0  0  0  0  0  0  0  0  0  0\n   28.2679   -4.0481    0.0000 N   0  0  0  0  0  0  0  0  0  0  0  0\n    7.0242   -0.6475    0.0000 N   0  0  0  0  0  0  0  0  0  0  0  0\n    2.0934   -2.2270    0.0000 C   0  0  0  0  0  0  0  0  0  0  0  0\n    3.5632   -2.4942    0.0000 C   0  0  0  0  0  0  0  0  0  0  0  0\n    4.5431   -1.4253    0.0000 C   0  0  0  0  0  0  0  0  0  0  0  0\n    4.0754    0.0000    0.0000 C   0  0  0  0  0  0  0  0  0  0  0  0\n    1.5812   -0.7794    0.0000 C   0  0  0  0  0  0  0  0  0  0  0  0\n    2.4942    0.2895    0.0000 N   0  0  0  0  0  0  0  0  0  0  0  0\n    2.0934    1.7370    0.0000 C   0  0  0  0  0  0  0  0  0  0  0  0\n    0.6236    2.0488    0.0000 C   0  0  0  0  0  0  0  0  0  0  0  0\n    0.0891   -0.4677    0.0000 C   0  0  0  0  0  0  0  0  0  0  0  0\n   -0.3340    0.9353    0.0000 C   0  0  0  0  0  0  0  0  0  0  0  0\n   -1.0690   -1.3585    0.0000 N   0  0  0  0  0  0  0  0  0  0  0  0\n   -2.2938   -0.4677    0.0000 C   0  0  0  0  0  0  0  0  0  0  0  0\n   -1.8484    0.9353    0.0000 C   0  0  0  0  0  0  0  0  0  0  0  0\n   -2.8728    2.0488    0.0000 C   0  0  0  0  0  0  0  0  0  0  0  0\n   -4.3426    1.7370    0.0000 C   0  0  0  0  0  0  0  0  0  0  0  0\n   -4.8103    0.2672    0.0000 C   0  0  0  0  0  0  0  0  0  0  0  0\n   -3.7636   -0.8240    0.0000 C   0  0  0  0  0  0  0  0  0  0  0  0\n    0.9230   -1.5323    0.0000 H   0  0  0  0  0  0  0  0  0  0  0  0\n    6.0080   -1.7520    0.0000 C   0  0  0  0  0  0  0  0  0  0  0  0\n    6.3668   -2.8970    0.0000 O   0  0  0  0  0  0  0  0  0  0  0  0\n    8.4890   -0.9745    0.0000 C   0  0  0  0  0  0  0  0  0  0  0  0\n    9.5052    0.1299    0.0000 C   0  0  0  0  0  0  0  0  0  0  0  0\n   10.9700   -0.1970    0.0000 C   0  0  0  0  0  0  0  0  0  0  0  0\n   11.9863    0.9074    0.0000 C   0  0  0  0  0  0  0  0  0  0  0  0\n   13.4510    0.5805    0.0000 C   0  0  0  0  0  0  0  0  0  0  0  0\n   14.4673    1.6849    0.0000 C   0  0  0  0  0  0  0  0  0  0  0  0\n   15.9320    1.3580    0.0000 N   0  0  0  0  0  0  0  0  0  0  0  0\n   14.1084    2.8300    0.0000 O   0  0  0  0  0  0  0  0  0  0  0  0\n   16.9483    2.4624    0.0000 C   0  0  0  0  0  0  0  0  0  0  0  0\n   16.4965    3.8936    0.0000 C   0  0  0  0  0  0  0  0  0  0  0  0\n   18.4131    2.1354    0.0000 C   0  0  0  0  0  0  0  0  0  0  0  0\n   19.4293    3.2399    0.0000 N   0  0  0  0  0  0  0  0  0  0  0  0\n   18.7719    0.9903    0.0000 O   0  0  0  0  0  0  0  0  0  0  0  0\n   20.8941    2.9129    0.0000 C   0  0  0  0  0  0  0  0  0  0  0  0\n   21.3458    1.4817    0.0000 C   0  0  0  0  0  0  0  0  0  0  0  0\n   20.5351    0.5970    0.0000 O   0  0  0  0  0  0  0  0  0  0  0  0\n   21.9103    4.0173    0.0000 C   0  0  0  0  0  0  0  0  0  0  0  0\n   15.0314    4.2189    0.0000 C   0  0  0  0  0  0  0  0  0  0  0  0\n   14.5797    5.6502    0.0000 C   0  0  0  0  0  0  0  0  0  0  0  0\n   13.4082    5.9103    0.0000 C   0  0  0  0  0  0  0  0  0  0  0  0\n   23.3751    3.6904    0.0000 C   0  0  0  0  0  0  0  0  0  0  0  0\n   24.3924    4.7927    0.0000 C   0  0  0  0  0  0  0  0  0  0  0  0\n   25.8557    4.4630    0.0000 C   0  0  0  0  0  0  0  0  0  0  0  0\n   26.3018    3.0309    0.0000 C   0  0  0  0  0  0  0  0  0  0  0  0\n   25.2846    1.9285    0.0000 C   0  0  0  0  0  0  0  0  0  0  0  0\n   23.8213    2.2582    0.0000 C   0  0  0  0  0  0  0  0  0  0  0  0\n   27.4724    2.7671    0.0000 F   0  0  0  0  0  0  0  0  0  0  0  0\n  1  2  1  0\n  2  3  1  0\n  3  4  1  0\n  3  5  2  0\n  2  6  1  1\n  6  7  1  0\n  7  8  1  0\n  8  9  1  0\n  9 10  1  0\n 17 15  1  0\n 16 12  1  0\n 12 13  1  0\n 13 14  1  0\n 14 15  1  0\n 16 17  1  0\n 16 20  1  0\n 17 18  1  0\n 18 19  1  0\n 19 21  1  0\n 20 21  2  0\n 21 24  1  0\n 23 22  1  0\n 22 20  1  0\n 23 24  2  0\n 24 25  1  0\n 25 26  2  0\n 26 27  1  0\n 27 28  2  0\n 28 23  1  0\n 16 29  1  1\n 14 30  1  1\n 30 11  1  0\n 30 31  2  0\n 11 32  1  0\n 32 33  1  0\n 33 34  1  0\n 34 35  1  0\n 35 36  1  0\n 36 37  1  0\n 37 38  1  0\n 37 39  2  0\n 38 40  1  0\n 40 41  1  1\n 40 42  1  0\n 42 43  1  0\n 42 44  2  0\n 43 45  1  0\n 45 46  1  0\n 46  1  1  0\n 46 47  2  0\n 45 48  1  1\n 41 49  1  0\n 49 50  1  0\n 50 51  1  0\n 48 52  1  0\n 52 53  2  0\n 53 54  1  0\n 54 55  2  0\n 55 56  1  0\n 56 57  2  0\n 57 52  1  0\n 55 58  1  0\nM  END', 'standard_inchi': 'InChI=1S/C43H61FN8O5/c1-2-3-12-35(42(56)51-36(26-28-16-19-30(44)20-17-28)43(57)50-34(40(46)54)14-8-9-23-45)48-38(53)15-5-4-10-24-47-41(55)29-18-21-37-39-32(22-25-52(37)27-29)31-11-6-7-13-33(31)49-39/h6-7,11,13,16-17,19-20,29,34-37,49H,2-5,8-10,12,14-15,18,21-27,45H2,1H3,(H2,46,54)(H,47,55)(H,48,53)(H,50,57)(H,51,56)/t29-,34-,35-,36-,37+/m0/s1', 'standard_inchi_key': 'KEGYOUUWACRVPZ-LWFXZEMVSA-N'}",5.698970004336019,CCCC[C@H](NC(=O)CCCCCNC(=O)[C@H]1CC[C@@H]2c3[nH]c4ccccc4c3CCN2C1)C(=O)N[C@@H](Cc1ccc(F)cc1)C(=O)N[C@@H](CCCCN)C(N)=O
CHEMBL225368,2000.0,nM,"{'canonical_smiles': 'CC(C)[C@H](NC(=O)[C@H](Cc1ccc([N+](=O)[O-])cc1)NC(=O)[C@@H]1C=C2c3cccc4[nH]cc(c34)C[C@H]2N(C)C1)C(=O)N1c2ccccc2C[C@H]1C(N)=O', 'molfile': '\n     RDKit          2D\n\n 53 59  0  0  1  0  0  0  0  0999 V2000\n   -4.9139  -16.3458    0.0000 C   0  0  0  0  0  0  0  0  0  0  0  0\n   -4.9151  -17.1732    0.0000 C   0  0  0  0  0  0  0  0  0  0  0  0\n   -4.2003  -17.5860    0.0000 C   0  0  0  0  0  0  0  0  0  0  0  0\n   -4.2021  -15.9330    0.0000 C   0  0  0  0  0  0  0  0  0  0  0  0\n   -3.4867  -16.3422    0.0000 C   0  0  0  0  0  0  0  0  0  0  0  0\n   -3.4833  -17.1752    0.0000 C   0  0  0  0  0  0  0  0  0  0  0  0\n   -2.7641  -17.5865    0.0000 C   0  0  0  0  0  0  0  0  0  0  0  0\n   -2.0437  -17.1693    0.0000 C   0  0  0  0  0  0  0  0  0  0  0  0\n   -3.9833  -18.3375    0.0000 N   0  0  0  0  0  0  0  0  0  0  0  0\n   -2.9833  -18.3792    0.0000 C   0  0  0  0  0  0  0  0  0  0  0  0\n   -2.7709  -15.9204    0.0000 C   0  0  0  0  0  0  0  0  0  0  0  0\n   -2.0452  -16.3357    0.0000 C   0  0  0  0  0  0  0  0  0  0  0  0\n   -1.3267  -15.9172    0.0000 N   0  0  0  0  0  0  0  0  0  0  0  0\n   -1.3275  -15.0817    0.0000 C   0  0  0  0  0  0  0  0  0  0  0  0\n   -2.0533  -14.6663    0.0000 C   0  0  0  0  0  0  0  0  0  0  0  0\n   -2.7781  -15.0866    0.0000 C   0  0  0  0  0  0  0  0  0  0  0  0\n   -0.6112  -16.3280    0.0000 C   0  0  0  0  0  0  0  0  0  0  0  0\n   -2.0556  -13.8413    0.0000 C   0  0  0  0  0  0  0  0  0  0  0  0\n   -1.3422  -13.4268    0.0000 N   0  0  0  0  0  0  0  0  0  0  0  0\n   -2.7712  -13.4308    0.0000 O   0  0  0  0  0  0  0  0  0  0  0  0\n   -1.3445  -12.6019    0.0000 C   0  0  0  0  0  0  0  0  0  0  0  0\n   -0.6312  -12.1874    0.0000 C   0  0  0  0  0  0  0  0  0  0  0  0\n   -2.0602  -12.1913    0.0000 C   0  0  0  0  0  0  0  0  0  0  0  0\n   -2.0625  -11.3664    0.0000 C   0  0  0  0  0  0  0  0  0  0  0  0\n    0.0844  -12.5979    0.0000 N   0  0  0  0  0  0  0  0  0  0  0  0\n   -0.6335  -11.3624    0.0000 O   0  0  0  0  0  0  0  0  0  0  0  0\n    0.7977  -12.1834    0.0000 C   0  0  0  0  0  0  0  0  0  0  0  0\n    1.3883  -12.6564    0.0000 C   0  0  0  0  0  0  0  0  0  0  0  0\n    0.7954  -11.3584    0.0000 C   0  0  0  0  0  0  0  0  0  0  0  0\n    1.0750  -13.4042    0.0000 O   0  0  0  0  0  0  0  0  0  0  0  0\n    2.1905  -12.4637    0.0000 N   0  0  0  0  0  0  0  0  0  0  0  0\n   -1.3333  -16.7458    0.0000 H   0  0  0  0  0  0  0  0  0  0  0  0\n    1.5087  -10.9439    0.0000 C   0  0  0  0  0  0  0  0  0  0  0  0\n    2.8132  -12.9997    0.0000 C   0  0  0  0  0  0  0  0  0  0  0  0\n    3.5166  -12.5686    0.0000 C   0  0  0  0  0  0  0  0  0  0  0  0\n    2.5015  -11.7018    0.0000 C   0  0  0  0  0  0  0  0  0  0  0  0\n    3.3223  -11.7678    0.0000 C   0  0  0  0  0  0  0  0  0  0  0  0\n    3.7879  -11.0909    0.0000 C   0  0  0  0  0  0  0  0  0  0  0  0\n    3.4339  -10.3477    0.0000 C   0  0  0  0  0  0  0  0  0  0  0  0\n    2.6096  -10.2855    0.0000 C   0  0  0  0  0  0  0  0  0  0  0  0\n    2.1477  -10.9633    0.0000 C   0  0  0  0  0  0  0  0  0  0  0  0\n    2.7469  -13.8221    0.0000 C   0  0  0  0  0  0  0  0  0  0  0  0\n    2.0016  -14.1758    0.0000 O   0  0  0  0  0  0  0  0  0  0  0  0\n    3.4259  -14.2906    0.0000 N   0  0  0  0  0  0  0  0  0  0  0  0\n    0.0798  -10.9479    0.0000 C   0  0  0  0  0  0  0  0  0  0  0  0\n   -1.3501  -10.9557    0.0000 C   0  0  0  0  0  0  0  0  0  0  0  0\n   -1.3521  -10.1314    0.0000 C   0  0  0  0  0  0  0  0  0  0  0  0\n   -2.0683   -9.7201    0.0000 C   0  0  0  0  0  0  0  0  0  0  0  0\n   -2.7839  -10.1391    0.0000 C   0  0  0  0  0  0  0  0  0  0  0  0\n   -2.7785  -10.9619    0.0000 C   0  0  0  0  0  0  0  0  0  0  0  0\n   -2.0730   -8.8900    0.0000 N   0  0  0  0  0  0  0  0  0  0  0  0\n   -2.7892   -8.4804    0.0000 O   0  0  0  0  0  0  0  0  0  0  0  0\n   -1.3602   -8.4746    0.0000 O   0  0  0  0  0  0  0  0  0  0  0  0\n 22 25  1  0\n  5  6  1  0\n 22 26  2  0\n 25 27  1  0\n  2  3  1  0\n 27 28  1  0\n  3  6  2  0\n 27 29  1  1\n  1  2  2  0\n 28 30  2  0\n  5 11  1  0\n 28 31  1  0\n 11 16  2  0\n 12 32  1  1\n 12 13  1  0\n 29 33  1  0\n 31 34  1  0\n 13 14  1  0\n 14 15  1  0\n 34 35  1  0\n 35 37  1  0\n 36 31  1  0\n 15 16  1  0\n  6  7  1  0\n 36 37  2  0\n 13 17  1  0\n 37 38  1  0\n  7  8  1  0\n 38 39  2  0\n 15 18  1  1\n 39 40  1  0\n  8 12  1  0\n 40 41  2  0\n 41 36  1  0\n 18 19  1  0\n 34 42  1  1\n  5  4  2  0\n 42 43  2  0\n 18 20  2  0\n 42 44  1  0\n  3  9  1  0\n 29 45  1  0\n 19 21  1  0\n 24 46  2  0\n  4  1  1  0\n 46 47  1  0\n 21 22  1  0\n 47 48  2  0\n  7 10  2  0\n 48 49  1  0\n 21 23  1  1\n 49 50  2  0\n 50 24  1  0\n  9 10  1  0\n 23 24  1  0\n 11 12  1  0\n 51 52  2  0\n 51 53  1  0\n 48 51  1  0\nM  CHG  2  51   1  53  -1\nM  END', 'standard_inchi': 'InChI=1S/C39H41N7O6/c1-21(2)35(39(50)45-31-10-5-4-7-23(31)17-33(45)36(40)47)43-38(49)30(15-22-11-13-26(14-12-22)46(51)52)42-37(48)25-16-28-27-8-6-9-29-34(27)24(19-41-29)18-32(28)44(3)20-25/h4-14,16,19,21,25,30,32-33,35,41H,15,17-18,20H2,1-3H3,(H2,40,47)(H,42,48)(H,43,49)/t25-,30+,32-,33+,35+/m1/s1', 'standard_inchi_key': 'OSBIAWPZBNFCQQ-ODNYIURZSA-N'}",5.698970004336019,CC(C)[C@H](NC(=O)[C@H](Cc1ccc([N+](=O)[O-])cc1)NC(=O)[C@@H]1C=C2c3cccc4[nH]cc(c34)C[C@H]2N(C)C1)C(=O)N1c2ccccc2C[C@H]1C(N)=O
CHEMBL3423404,4700.0,nM,"{'canonical_smiles': 'CCCC[C@H](NC(=O)[C@H]1CC[C@@H]2c3[nH]c4ccccc4c3CCN2C1)C(=O)N[C@@H](Cc1ccc(O)cc1)C(=O)N[C@@H](CCCCN)C(N)=O', 'molfile': '\n     RDKit          2D\n\n 50 54  0  0  0  0  0  0  0  0999 V2000\n    2.0934   -2.2270    0.0000 C   0  0  0  0  0  0  0  0  0  0  0  0\n    3.5632   -2.4942    0.0000 C   0  0  0  0  0  0  0  0  0  0  0  0\n    4.5431   -1.4253    0.0000 C   0  0  0  0  0  0  0  0  0  0  0  0\n    4.0754    0.0000    0.0000 C   0  0  0  0  0  0  0  0  0  0  0  0\n    1.5812   -0.7794    0.0000 C   0  0  0  0  0  0  0  0  0  0  0  0\n    2.4942    0.2895    0.0000 N   0  0  0  0  0  0  0  0  0  0  0  0\n    2.0934    1.7370    0.0000 C   0  0  0  0  0  0  0  0  0  0  0  0\n    0.6236    2.0488    0.0000 C   0  0  0  0  0  0  0  0  0  0  0  0\n    0.0891   -0.4677    0.0000 C   0  0  0  0  0  0  0  0  0  0  0  0\n   -0.3340    0.9353    0.0000 C   0  0  0  0  0  0  0  0  0  0  0  0\n   -1.0690   -1.3585    0.0000 N   0  0  0  0  0  0  0  0  0  0  0  0\n   -2.2938   -0.4677    0.0000 C   0  0  0  0  0  0  0  0  0  0  0  0\n   -1.8484    0.9353    0.0000 C   0  0  0  0  0  0  0  0  0  0  0  0\n   -2.8728    2.0488    0.0000 C   0  0  0  0  0  0  0  0  0  0  0  0\n   -4.3426    1.7370    0.0000 C   0  0  0  0  0  0  0  0  0  0  0  0\n   -4.8103    0.2672    0.0000 C   0  0  0  0  0  0  0  0  0  0  0  0\n   -3.7636   -0.8240    0.0000 C   0  0  0  0  0  0  0  0  0  0  0  0\n    0.9230   -1.5323    0.0000 H   0  0  0  0  0  0  0  0  0  0  0  0\n    6.0080   -1.7520    0.0000 C   0  0  0  0  0  0  0  0  0  0  0  0\n    7.0242   -0.6475    0.0000 N   0  0  0  0  0  0  0  0  0  0  0  0\n    6.3668   -2.8970    0.0000 O   0  0  0  0  0  0  0  0  0  0  0  0\n    8.4890   -0.9745    0.0000 C   0  0  0  0  0  0  0  0  0  0  0  0\n    9.5052    0.1299    0.0000 C   0  0  0  0  0  0  0  0  0  0  0  0\n   10.9700   -0.1970    0.0000 N   0  0  0  0  0  0  0  0  0  0  0  0\n    9.1464    1.2750    0.0000 O   0  0  0  0  0  0  0  0  0  0  0  0\n   11.9863    0.9074    0.0000 C   0  0  0  0  0  0  0  0  0  0  0  0\n   11.5404    2.3405    0.0000 C   0  0  0  0  0  0  0  0  0  0  0  0\n   12.5579    3.4438    0.0000 N   0  0  0  0  0  0  0  0  0  0  0  0\n   10.3698    2.6043    0.0000 O   0  0  0  0  0  0  0  0  0  0  0  0\n   12.1120    4.8769    0.0000 C   0  0  0  0  0  0  0  0  0  0  0  0\n   10.6486    5.2098    0.0000 C   0  0  0  0  0  0  0  0  0  0  0  0\n    9.8332    4.3294    0.0000 N   0  0  0  0  0  0  0  0  0  0  0  0\n   10.2934    6.3561    0.0000 O   0  0  0  0  0  0  0  0  0  0  0  0\n    8.9408   -2.4057    0.0000 C   0  0  0  0  0  0  0  0  0  0  0  0\n   13.1295    5.9802    0.0000 C   0  0  0  0  0  0  0  0  0  0  0  0\n   10.4059   -2.7310    0.0000 C   0  0  0  0  0  0  0  0  0  0  0  0\n   10.8576   -4.1623    0.0000 C   0  0  0  0  0  0  0  0  0  0  0  0\n   12.0291   -4.4224    0.0000 C   0  0  0  0  0  0  0  0  0  0  0  0\n   13.4510    0.5805    0.0000 C   0  0  0  0  0  0  0  0  0  0  0  0\n   14.4673    1.6849    0.0000 C   0  0  0  0  0  0  0  0  0  0  0  0\n   15.9317    1.3603    0.0000 C   0  0  0  0  0  0  0  0  0  0  0  0\n   16.9452    2.4662    0.0000 C   0  0  0  0  0  0  0  0  0  0  0  0\n   16.4942    3.8967    0.0000 C   0  0  0  0  0  0  0  0  0  0  0  0\n   15.0297    4.2215    0.0000 C   0  0  0  0  0  0  0  0  0  0  0  0\n   14.0163    3.1156    0.0000 C   0  0  0  0  0  0  0  0  0  0  0  0\n   17.3049    4.7814    0.0000 O   0  0  0  0  0  0  0  0  0  0  0  0\n   12.6836    7.4132    0.0000 C   0  0  0  0  0  0  0  0  0  0  0  0\n   13.7011    8.5165    0.0000 C   0  0  0  0  0  0  0  0  0  0  0  0\n   13.2552    9.9496    0.0000 C   0  0  0  0  0  0  0  0  0  0  0  0\n   14.0687   10.8318    0.0000 N   0  0  0  0  0  0  0  0  0  0  0  0\n  6  4  1  0\n  5  1  1  0\n  1  2  1  0\n  2  3  1  0\n  3  4  1  0\n  5  6  1  0\n  5  9  1  0\n  6  7  1  0\n  7  8  1  0\n  8 10  1  0\n  9 10  2  0\n 10 13  1  0\n 12 11  1  0\n 11  9  1  0\n 12 13  2  0\n 13 14  1  0\n 14 15  2  0\n 15 16  1  0\n 16 17  2  0\n 17 12  1  0\n  5 18  1  1\n  3 19  1  1\n 19 20  1  0\n 19 21  2  0\n 20 22  1  0\n 22 23  1  0\n 23 24  1  0\n 23 25  2  0\n 24 26  1  0\n 26 27  1  0\n 27 28  1  0\n 27 29  2  0\n 28 30  1  0\n 30 31  1  0\n 31 32  1  0\n 31 33  2  0\n 22 34  1  6\n 30 35  1  6\n 34 36  1  0\n 36 37  1  0\n 37 38  1  0\n 26 39  1  6\n 39 40  1  0\n 40 41  2  0\n 41 42  1  0\n 42 43  2  0\n 43 44  1  0\n 44 45  2  0\n 45 40  1  0\n 43 46  1  0\n 35 47  1  0\n 47 48  1  0\n 48 49  1  0\n 49 50  1  0\nM  END', 'standard_inchi': 'InChI=1S/C37H51N7O5/c1-2-3-9-30(42-35(47)24-14-17-32-33-27(18-20-44(32)22-24)26-8-4-5-10-28(26)40-33)36(48)43-31(21-23-12-15-25(45)16-13-23)37(49)41-29(34(39)46)11-6-7-19-38/h4-5,8,10,12-13,15-16,24,29-32,40,45H,2-3,6-7,9,11,14,17-22,38H2,1H3,(H2,39,46)(H,41,49)(H,42,47)(H,43,48)/t24-,29-,30-,31-,32+/m0/s1', 'standard_inchi_key': 'KMGVERQIRHTKMX-MAKWBINYSA-N'}",5.327902142064282,CCCC[C@H](NC(=O)[C@H]1CC[C@@H]2c3[nH]c4ccccc4c3CCN2C1)C(=O)N[C@@H](Cc1ccc(O)cc1)C(=O)N[C@@H](CCCCN)C(N)=O
CHEMBL3423400,5000.0,nM,"{'canonical_smiles': 'CCCC[C@H](NC(=O)[C@H]1CC[C@H]2c3[nH]c4ccccc4c3CCN2C1)C(=O)N[C@@H](Cc1ccc(F)cc1)C(=O)N1C[C@@H](N)C[C@H]1C(N)=O', 'molfile': '\n     RDKit          2D\n\n 49 54  0  0  0  0  0  0  0  0999 V2000\n   -4.3426    1.7370    0.0000 C   0  0  0  0  0  0  0  0  0  0  0  0\n    0.0891   -0.4677    0.0000 C   0  0  0  0  0  0  0  0  0  0  0  0\n    2.4942    0.2895    0.0000 N   0  0  0  0  0  0  0  0  0  0  0  0\n    2.0934    1.7370    0.0000 C   0  0  0  0  0  0  0  0  0  0  0  0\n   -4.8103    0.2672    0.0000 C   0  0  0  0  0  0  0  0  0  0  0  0\n    0.9230   -1.5323    0.0000 H   0  0  0  0  0  0  0  0  0  0  0  0\n   13.6361   -8.8261    0.0000 C   0  0  0  0  0  0  0  0  0  0  0  0\n    9.5034    0.1151    0.0000 C   0  0  0  0  0  0  0  0  0  0  0  0\n    7.2164   -6.1133    0.0000 C   0  0  0  0  0  0  0  0  0  0  0  0\n    7.7812   -7.4891    0.0000 N   0  0  0  0  0  0  0  0  0  0  0  0\n    4.5431   -1.4253    0.0000 C   0  0  0  0  0  0  0  0  0  0  0  0\n    8.3586   -4.9581    0.0000 C   0  0  0  0  0  0  0  0  0  0  0  0\n    7.9143   -3.5245    0.0000 C   0  0  0  0  0  0  0  0  0  0  0  0\n    9.5971   -8.9707    0.0000 O   0  0  0  0  0  0  0  0  0  0  0  0\n   12.1739   -8.4912    0.0000 C   0  0  0  0  0  0  0  0  0  0  0  0\n    4.9348   -5.3384    0.0000 N   0  0  0  0  0  0  0  0  0  0  0  0\n    6.6705   -8.4781    0.0000 C   0  0  0  0  0  0  0  0  0  0  0  0\n    6.4509   -3.1915    0.0000 N   0  0  0  0  0  0  0  0  0  0  0  0\n    9.8220   -5.2911    0.0000 N   0  0  0  0  0  0  0  0  0  0  0  0\n   11.5940  -11.0238    0.0000 C   0  0  0  0  0  0  0  0  0  0  0  0\n    5.8308  -10.6643    0.0000 O   0  0  0  0  0  0  0  0  0  0  0  0\n    1.5812   -0.7794    0.0000 C   0  0  0  0  0  0  0  0  0  0  0  0\n   -2.2938   -0.4677    0.0000 C   0  0  0  0  0  0  0  0  0  0  0  0\n    6.8220   -0.8775    0.0000 O   0  0  0  0  0  0  0  0  0  0  0  0\n   -1.0690   -1.3585    0.0000 N   0  0  0  0  0  0  0  0  0  0  0  0\n   10.2663   -6.7246    0.0000 C   0  0  0  0  0  0  0  0  0  0  0  0\n   13.4090  -12.5056    0.0000 F   0  0  0  0  0  0  0  0  0  0  0  0\n    3.5632   -2.4942    0.0000 C   0  0  0  0  0  0  0  0  0  0  0  0\n   13.0561  -11.3586    0.0000 C   0  0  0  0  0  0  0  0  0  0  0  0\n    9.1469    1.2610    0.0000 C   0  0  0  0  0  0  0  0  0  0  0  0\n    9.2443   -7.8237    0.0000 C   0  0  0  0  0  0  0  0  0  0  0  0\n    4.0754    0.0000    0.0000 C   0  0  0  0  0  0  0  0  0  0  0  0\n    0.6236    2.0488    0.0000 C   0  0  0  0  0  0  0  0  0  0  0  0\n   -0.3340    0.9353    0.0000 C   0  0  0  0  0  0  0  0  0  0  0  0\n   14.0772  -10.2598    0.0000 C   0  0  0  0  0  0  0  0  0  0  0  0\n    5.7221   -6.2440    0.0000 C   0  0  0  0  0  0  0  0  0  0  0  0\n    6.0066   -1.7580    0.0000 C   0  0  0  0  0  0  0  0  0  0  0  0\n   11.1529   -9.5901    0.0000 C   0  0  0  0  0  0  0  0  0  0  0  0\n    8.4859   -0.9881    0.0000 C   0  0  0  0  0  0  0  0  0  0  0  0\n    7.9000  -10.4705    0.0000 N   0  0  0  0  0  0  0  0  0  0  0  0\n   -2.8728    2.0488    0.0000 C   0  0  0  0  0  0  0  0  0  0  0  0\n   -3.7636   -0.8240    0.0000 C   0  0  0  0  0  0  0  0  0  0  0  0\n    7.6791   -5.6918    0.0000 O   0  0  0  0  0  0  0  0  0  0  0  0\n    5.3847   -7.7056    0.0000 C   0  0  0  0  0  0  0  0  0  0  0  0\n   -1.8484    0.9353    0.0000 C   0  0  0  0  0  0  0  0  0  0  0  0\n    8.9318   -2.4212    0.0000 C   0  0  0  0  0  0  0  0  0  0  0  0\n    6.8094   -9.9699    0.0000 C   0  0  0  0  0  0  0  0  0  0  0  0\n    2.0934   -2.2270    0.0000 C   0  0  0  0  0  0  0  0  0  0  0  0\n   11.7297   -7.0576    0.0000 C   0  0  0  0  0  0  0  0  0  0  0  0\n 12 43  2  0\n 17 47  1  6\n 26 49  1  1\n 39  8  1  0\n 26 31  1  0\n  1  5  1  0\n 18 13  1  0\n 47 21  2  0\n 13 46  1  1\n 35 29  2  0\n 22 48  1  0\n 41  1  2  0\n 37 24  2  0\n 36 44  1  0\n 22  2  1  0\n 29 20  1  0\n 45 41  1  0\n  9 36  1  0\n 33 34  1  0\n  3  4  1  0\n 31 14  2  0\n  4 33  1  0\n  7 35  1  0\n 23 45  2  0\n 11 32  1  0\n 29 27  1  0\n  2 34  2  0\n  3 32  1  0\n 31 10  1  0\n 49 15  1  0\n 34 45  1  0\n 12 19  1  0\n 46 39  1  0\n 10  9  1  0\n 15  7  2  0\n 47 40  1  0\n 17 44  1  0\n 23 25  1  0\n 25  2  1  0\n 22  3  1  0\n 28 11  1  0\n  5 42  2  0\n 13 12  1  0\n 19 26  1  0\n 38 15  1  0\n 20 38  2  0\n 36 16  1  6\n 48 28  1  0\n 11 37  1  1\n 42 23  1  0\n 10 17  1  0\n  8 30  1  0\n 22  6  1  6\n 37 18  1  0\nM  END', 'standard_inchi': 'InChI=1S/C36H46FN7O4/c1-2-3-7-28(41-34(46)22-11-14-30-32-26(15-16-43(30)19-22)25-6-4-5-8-27(25)40-32)35(47)42-29(17-21-9-12-23(37)13-10-21)36(48)44-20-24(38)18-31(44)33(39)45/h4-6,8-10,12-13,22,24,28-31,40H,2-3,7,11,14-20,38H2,1H3,(H2,39,45)(H,41,46)(H,42,47)/t22-,24-,28-,29-,30-,31-/m0/s1', 'standard_inchi_key': 'HNQHMECPKRTTRV-IEJKQUADSA-N'}",5.301029995663981,CCCC[C@H](NC(=O)[C@H]1CC[C@H]2c3[nH]c4ccccc4c3CCN2C1)C(=O)N[C@@H](Cc1ccc(F)cc1)C(=O)N1C[C@@H](N)C[C@H]1C(N)=O
CHEMBL3423401,6300.0,nM,"{'canonical_smiles': 'CCCC[C@H](NC(=O)CCCCCNC(=O)[C@H]1CC[C@H]2c3[nH]c4ccccc4c3CCN2C1)C(=O)N[C@@H](Cc1ccc(O)cc1)C(=O)N[C@@H](CCCCN)C(N)=O', 'molfile': '\n     RDKit          2D\n\n 58 62  0  0  0  0  0  0  0  0999 V2000\n    2.0934   -2.2270    0.0000 C   0  0  0  0  0  0  0  0  0  0  0  0\n    3.5632   -2.4942    0.0000 C   0  0  0  0  0  0  0  0  0  0  0  0\n    4.5431   -1.4253    0.0000 C   0  0  0  0  0  0  0  0  0  0  0  0\n    4.0754    0.0000    0.0000 C   0  0  0  0  0  0  0  0  0  0  0  0\n    1.5812   -0.7794    0.0000 C   0  0  0  0  0  0  0  0  0  0  0  0\n    2.4942    0.2895    0.0000 N   0  0  0  0  0  0  0  0  0  0  0  0\n    2.0934    1.7370    0.0000 C   0  0  0  0  0  0  0  0  0  0  0  0\n    0.6236    2.0488    0.0000 C   0  0  0  0  0  0  0  0  0  0  0  0\n    0.0891   -0.4677    0.0000 C   0  0  0  0  0  0  0  0  0  0  0  0\n   -0.3340    0.9353    0.0000 C   0  0  0  0  0  0  0  0  0  0  0  0\n   -1.0690   -1.3585    0.0000 N   0  0  0  0  0  0  0  0  0  0  0  0\n   -2.2938   -0.4677    0.0000 C   0  0  0  0  0  0  0  0  0  0  0  0\n   -1.8484    0.9353    0.0000 C   0  0  0  0  0  0  0  0  0  0  0  0\n   -2.8728    2.0488    0.0000 C   0  0  0  0  0  0  0  0  0  0  0  0\n   -4.3426    1.7370    0.0000 C   0  0  0  0  0  0  0  0  0  0  0  0\n   -4.8103    0.2672    0.0000 C   0  0  0  0  0  0  0  0  0  0  0  0\n   -3.7636   -0.8240    0.0000 C   0  0  0  0  0  0  0  0  0  0  0  0\n    0.9230   -1.5323    0.0000 H   0  0  0  0  0  0  0  0  0  0  0  0\n    6.0080   -1.7520    0.0000 C   0  0  0  0  0  0  0  0  0  0  0  0\n    7.0242   -0.6475    0.0000 N   0  0  0  0  0  0  0  0  0  0  0  0\n    6.3668   -2.8970    0.0000 O   0  0  0  0  0  0  0  0  0  0  0  0\n    8.4890   -0.9745    0.0000 C   0  0  0  0  0  0  0  0  0  0  0  0\n    9.5052    0.1299    0.0000 C   0  0  0  0  0  0  0  0  0  0  0  0\n   10.9700   -0.1970    0.0000 C   0  0  0  0  0  0  0  0  0  0  0  0\n   11.9863    0.9074    0.0000 C   0  0  0  0  0  0  0  0  0  0  0  0\n   13.4510    0.5805    0.0000 C   0  0  0  0  0  0  0  0  0  0  0  0\n   14.4673    1.6849    0.0000 C   0  0  0  0  0  0  0  0  0  0  0  0\n   15.9320    1.3580    0.0000 N   0  0  0  0  0  0  0  0  0  0  0  0\n   14.1084    2.8300    0.0000 O   0  0  0  0  0  0  0  0  0  0  0  0\n   16.9483    2.4624    0.0000 C   0  0  0  0  0  0  0  0  0  0  0  0\n   18.4131    2.1354    0.0000 C   0  0  0  0  0  0  0  0  0  0  0  0\n   19.4293    3.2399    0.0000 N   0  0  0  0  0  0  0  0  0  0  0  0\n   18.7719    0.9903    0.0000 O   0  0  0  0  0  0  0  0  0  0  0  0\n   20.8941    2.9129    0.0000 C   0  0  0  0  0  0  0  0  0  0  0  0\n   21.3458    1.4817    0.0000 C   0  0  0  0  0  0  0  0  0  0  0  0\n   22.8110    1.1564    0.0000 N   0  0  0  0  0  0  0  0  0  0  0  0\n   20.5351    0.5970    0.0000 O   0  0  0  0  0  0  0  0  0  0  0  0\n   23.2627   -0.2749    0.0000 C   0  0  0  0  0  0  0  0  0  0  0  0\n   22.2510   -1.3835    0.0000 C   0  0  0  0  0  0  0  0  0  0  0  0\n   21.0790   -1.1258    0.0000 N   0  0  0  0  0  0  0  0  0  0  0  0\n   22.6135   -2.5274    0.0000 O   0  0  0  0  0  0  0  0  0  0  0  0\n   21.9103    4.0173    0.0000 C   0  0  0  0  0  0  0  0  0  0  0  0\n   16.5024    3.8955    0.0000 C   0  0  0  0  0  0  0  0  0  0  0  0\n   24.7278   -0.6002    0.0000 C   0  0  0  0  0  0  0  0  0  0  0  0\n   17.5199    4.9988    0.0000 C   0  0  0  0  0  0  0  0  0  0  0  0\n   17.0740    6.4318    0.0000 C   0  0  0  0  0  0  0  0  0  0  0  0\n   17.8875    7.3140    0.0000 C   0  0  0  0  0  0  0  0  0  0  0  0\n   23.3751    3.6904    0.0000 C   0  0  0  0  0  0  0  0  0  0  0  0\n   24.3924    4.7927    0.0000 C   0  0  0  0  0  0  0  0  0  0  0  0\n   25.8557    4.4630    0.0000 C   0  0  0  0  0  0  0  0  0  0  0  0\n   26.3018    3.0309    0.0000 C   0  0  0  0  0  0  0  0  0  0  0  0\n   25.2846    1.9285    0.0000 C   0  0  0  0  0  0  0  0  0  0  0  0\n   23.8213    2.2582    0.0000 C   0  0  0  0  0  0  0  0  0  0  0  0\n   27.4724    2.7671    0.0000 O   0  0  0  0  0  0  0  0  0  0  0  0\n   25.1796   -2.0314    0.0000 C   0  0  0  0  0  0  0  0  0  0  0  0\n   26.6447   -2.3567    0.0000 C   0  0  0  0  0  0  0  0  0  0  0  0\n   27.0965   -3.7880    0.0000 C   0  0  0  0  0  0  0  0  0  0  0  0\n   28.2679   -4.0481    0.0000 N   0  0  0  0  0  0  0  0  0  0  0  0\n  6  4  1  0\n  5  1  1  0\n  1  2  1  0\n  2  3  1  0\n  3  4  1  0\n  5  6  1  0\n  5  9  1  0\n  6  7  1  0\n  7  8  1  0\n  8 10  1  0\n  9 10  2  0\n 10 13  1  0\n 12 11  1  0\n 11  9  1  0\n 12 13  2  0\n 13 14  1  0\n 14 15  2  0\n 15 16  1  0\n 16 17  2  0\n 17 12  1  0\n  5 18  1  6\n  3 19  1  1\n 19 20  1  0\n 19 21  2  0\n 20 22  1  0\n 22 23  1  0\n 23 24  1  0\n 24 25  1  0\n 25 26  1  0\n 26 27  1  0\n 27 28  1  0\n 27 29  2  0\n 28 30  1  0\n 30 31  1  0\n 31 32  1  0\n 31 33  2  0\n 32 34  1  0\n 34 35  1  0\n 35 36  1  0\n 35 37  2  0\n 36 38  1  0\n 38 39  1  0\n 39 40  1  0\n 39 41  2  0\n 34 42  1  1\n 30 43  1  1\n 38 44  1  1\n 43 45  1  0\n 45 46  1  0\n 46 47  1  0\n 42 48  1  0\n 48 49  2  0\n 49 50  1  0\n 50 51  2  0\n 51 52  1  0\n 52 53  2  0\n 53 48  1  0\n 51 54  1  0\n 44 55  1  0\n 55 56  1  0\n 56 57  1  0\n 57 58  1  0\nM  END', 'standard_inchi': 'InChI=1S/C43H62N8O6/c1-2-3-12-35(42(56)50-36(26-28-16-19-30(52)20-17-28)43(57)49-34(40(45)54)14-8-9-23-44)47-38(53)15-5-4-10-24-46-41(55)29-18-21-37-39-32(22-25-51(37)27-29)31-11-6-7-13-33(31)48-39/h6-7,11,13,16-17,19-20,29,34-37,48,52H,2-5,8-10,12,14-15,18,21-27,44H2,1H3,(H2,45,54)(H,46,55)(H,47,53)(H,49,57)(H,50,56)/t29-,34-,35-,36-,37-/m0/s1', 'standard_inchi_key': 'PJNRWLKSWTWXBR-FETRQNOVSA-N'}",5.200659450546418,CCCC[C@H](NC(=O)CCCCCNC(=O)[C@H]1CC[C@H]2c3[nH]c4ccccc4c3CCN2C1)C(=O)N[C@@H](Cc1ccc(O)cc1)C(=O)N[C@@H](CCCCN)C(N)=O
CHEMBL3423402,7000.0,nM,"{'canonical_smiles': 'NCCCC[C@H](NC(=O)[C@H](Cc1c[nH]c2ccccc12)NC(=O)[C@@H]1CCCN1C(=O)CCCCCNC(=O)[C@H]1CC[C@@H]2c3[nH]c4ccccc4c3CCN2C1)C(N)=O', 'molfile': '\n     RDKit          2D\n\n 59 65  0  0  0  0  0  0  0  0999 V2000\n   16.8909    3.8437    0.0000 C   0  0  0  0  0  0  0  0  0  0  0  0\n   18.1103    4.7187    0.0000 N   0  0  0  0  0  0  0  0  0  0  0  0\n   15.7977    4.3387    0.0000 O   0  0  0  0  0  0  0  0  0  0  0  0\n   17.9632    6.2123    0.0000 C   0  0  0  0  0  0  0  0  0  0  0  0\n   16.5972    6.8341    0.0000 C   0  0  0  0  0  0  0  0  0  0  0  0\n   16.4518    8.3278    0.0000 N   0  0  0  0  0  0  0  0  0  0  0  0\n   15.6208    6.1365    0.0000 O   0  0  0  0  0  0  0  0  0  0  0  0\n   15.0858    8.9496    0.0000 C   0  0  0  0  0  0  0  0  0  0  0  0\n   13.8628    8.0797    0.0000 C   0  0  0  0  0  0  0  0  0  0  0  0\n   13.9766    6.8851    0.0000 N   0  0  0  0  0  0  0  0  0  0  0  0\n   12.7712    8.5781    0.0000 O   0  0  0  0  0  0  0  0  0  0  0  0\n   19.1827    7.0872    0.0000 C   0  0  0  0  0  0  0  0  0  0  0  0\n   14.9404   10.4434    0.0000 C   0  0  0  0  0  0  0  0  0  0  0  0\n   19.0356    8.5808    0.0000 C   0  0  0  0  0  0  0  0  0  0  0  0\n   13.5744   11.0652    0.0000 C   0  0  0  0  0  0  0  0  0  0  0  0\n   13.4290   12.5589    0.0000 C   0  0  0  0  0  0  0  0  0  0  0  0\n   12.0630   13.1807    0.0000 C   0  0  0  0  0  0  0  0  0  0  0  0\n   11.9467   14.3751    0.0000 N   0  0  0  0  0  0  0  0  0  0  0  0\n   17.7420    9.3190    0.0000 C   0  0  0  0  0  0  0  0  0  0  0  0\n   18.0595   10.7576    0.0000 N   0  0  0  0  0  0  0  0  0  0  0  0\n   20.1521    9.5538    0.0000 C   0  0  0  0  0  0  0  0  0  0  0  0\n   19.5440   10.9196    0.0000 C   0  0  0  0  0  0  0  0  0  0  0  0\n   20.4151   12.1456    0.0000 C   0  0  0  0  0  0  0  0  0  0  0  0\n   21.9258   11.9800    0.0000 C   0  0  0  0  0  0  0  0  0  0  0  0\n   22.5338   10.6142    0.0000 C   0  0  0  0  0  0  0  0  0  0  0  0\n   21.6461    9.3808    0.0000 C   0  0  0  0  0  0  0  0  0  0  0  0\n   17.0376    2.3528    0.0000 C   0  0  0  0  0  0  0  0  0  0  0  0\n   15.9320    1.3580    0.0000 N   0  0  0  0  0  0  0  0  0  0  0  0\n   16.5040   -0.0149    0.0000 C   0  0  0  0  0  0  0  0  0  0  0  0\n   17.9976    0.1236    0.0000 C   0  0  0  0  0  0  0  0  0  0  0  0\n   18.3274    1.5869    0.0000 C   0  0  0  0  0  0  0  0  0  0  0  0\n   14.4673    1.6849    0.0000 C   0  0  0  0  0  0  0  0  0  0  0  0\n   14.1084    2.8300    0.0000 O   0  0  0  0  0  0  0  0  0  0  0  0\n   13.4510    0.5805    0.0000 C   0  0  0  0  0  0  0  0  0  0  0  0\n   11.9863    0.9074    0.0000 C   0  0  0  0  0  0  0  0  0  0  0  0\n   10.9700   -0.1970    0.0000 C   0  0  0  0  0  0  0  0  0  0  0  0\n    9.5052    0.1299    0.0000 C   0  0  0  0  0  0  0  0  0  0  0  0\n    8.4890   -0.9745    0.0000 C   0  0  0  0  0  0  0  0  0  0  0  0\n    7.0242   -0.6475    0.0000 N   0  0  0  0  0  0  0  0  0  0  0  0\n    2.0934   -2.2270    0.0000 C   0  0  0  0  0  0  0  0  0  0  0  0\n    3.5632   -2.4942    0.0000 C   0  0  0  0  0  0  0  0  0  0  0  0\n    4.5431   -1.4253    0.0000 C   0  0  0  0  0  0  0  0  0  0  0  0\n    4.0754    0.0000    0.0000 C   0  0  0  0  0  0  0  0  0  0  0  0\n    1.5812   -0.7794    0.0000 C   0  0  0  0  0  0  0  0  0  0  0  0\n    2.4942    0.2895    0.0000 N   0  0  0  0  0  0  0  0  0  0  0  0\n    2.0934    1.7370    0.0000 C   0  0  0  0  0  0  0  0  0  0  0  0\n    0.6236    2.0488    0.0000 C   0  0  0  0  0  0  0  0  0  0  0  0\n    0.0891   -0.4677    0.0000 C   0  0  0  0  0  0  0  0  0  0  0  0\n   -0.3340    0.9353    0.0000 C   0  0  0  0  0  0  0  0  0  0  0  0\n   -1.0690   -1.3585    0.0000 N   0  0  0  0  0  0  0  0  0  0  0  0\n   -2.2938   -0.4677    0.0000 C   0  0  0  0  0  0  0  0  0  0  0  0\n   -1.8484    0.9353    0.0000 C   0  0  0  0  0  0  0  0  0  0  0  0\n   -2.8728    2.0488    0.0000 C   0  0  0  0  0  0  0  0  0  0  0  0\n   -4.3426    1.7370    0.0000 C   0  0  0  0  0  0  0  0  0  0  0  0\n   -4.8103    0.2672    0.0000 C   0  0  0  0  0  0  0  0  0  0  0  0\n   -3.7636   -0.8240    0.0000 C   0  0  0  0  0  0  0  0  0  0  0  0\n    0.9230   -1.5323    0.0000 H   0  0  0  0  0  0  0  0  0  0  0  0\n    6.0080   -1.7520    0.0000 C   0  0  0  0  0  0  0  0  0  0  0  0\n    6.3668   -2.8970    0.0000 O   0  0  0  0  0  0  0  0  0  0  0  0\n 27  1  1  6\n  1  2  1  0\n  1  3  2  0\n  2  4  1  0\n  4  5  1  0\n  5  6  1  0\n  5  7  2  0\n  6  8  1  0\n  8  9  1  0\n  9 10  1  0\n  9 11  2  0\n  4 12  1  6\n  8 13  1  6\n 12 14  1  0\n 13 15  1  0\n 15 16  1  0\n 16 17  1  0\n 17 18  1  0\n 14 19  2  0\n 19 20  1  0\n 20 22  1  0\n 21 14  1  0\n 21 22  2  0\n 22 23  1  0\n 23 24  2  0\n 24 25  1  0\n 25 26  2  0\n 26 21  1  0\n 27 28  1  0\n 28 29  1  0\n 29 30  1  0\n 30 31  1  0\n 31 27  1  0\n 28 32  1  0\n 32 33  2  0\n 32 34  1  0\n 34 35  1  0\n 35 36  1  0\n 36 37  1  0\n 37 38  1  0\n 38 39  1  0\n 45 43  1  0\n 44 40  1  0\n 40 41  1  0\n 41 42  1  0\n 42 43  1  0\n 44 45  1  0\n 44 48  1  0\n 45 46  1  0\n 46 47  1  0\n 47 49  1  0\n 48 49  2  0\n 49 52  1  0\n 51 50  1  0\n 50 48  1  0\n 51 52  2  0\n 52 53  1  0\n 53 54  2  0\n 54 55  1  0\n 55 56  2  0\n 56 51  1  0\n 44 57  1  1\n 42 58  1  1\n 58 39  1  0\n 58 59  2  0\nM  END', 'standard_inchi': 'InChI=1S/C44H59N9O5/c45-21-8-7-15-35(41(46)55)50-43(57)36(25-29-26-48-33-13-5-3-11-30(29)33)51-44(58)38-16-10-23-53(38)39(54)17-2-1-9-22-47-42(56)28-18-19-37-40-32(20-24-52(37)27-28)31-12-4-6-14-34(31)49-40/h3-6,11-14,26,28,35-38,48-49H,1-2,7-10,15-25,27,45H2,(H2,46,55)(H,47,56)(H,50,57)(H,51,58)/t28-,35-,36-,37+,38-/m0/s1', 'standard_inchi_key': 'OURUSCSRIFGGEV-QGYMOPKUSA-N'}",5.154901959985743,NCCCC[C@H](NC(=O)[C@H](Cc1c[nH]c2ccccc12)NC(=O)[C@@H]1CCCN1C(=O)CCCCCNC(=O)[C@H]1CC[C@@H]2c3[nH]c4ccccc4c3CCN2C1)C(N)=O
CHEMBL24077,9500.0,nM,"{'canonical_smiles': 'Oc1cc2c(cc1O)[C@@H](c1ccccc1)CNCC2', 'molfile': '\n     RDKit          2D\n\n 20 22  0  0  1  0  0  0  0  0999 V2000\n    7.2875   -2.4417    0.0000 C   0  0  0  0  0  0  0  0  0  0  0  0\n    6.7542   -2.7417    0.0000 C   0  0  0  0  0  0  0  0  0  0  0  0\n    7.2875   -1.8292    0.0000 C   0  0  0  0  0  0  0  0  0  0  0  0\n    7.6542   -2.8042    0.0000 C   0  0  0  0  0  0  0  0  0  0  0  0\n    8.5292   -2.1417    0.0000 N   0  0  0  0  0  0  0  0  0  0  0  0\n    6.2375   -2.4417    0.0000 C   0  0  0  0  0  0  0  0  0  0  0  0\n    6.7542   -1.5292    0.0000 C   0  0  0  0  0  0  0  0  0  0  0  0\n    6.2375   -1.8292    0.0000 C   0  0  0  0  0  0  0  0  0  0  0  0\n    7.3417   -3.3292    0.0000 C   0  0  0  0  0  0  0  0  0  0  0  0\n    8.2417   -2.7042    0.0000 C   0  0  0  0  0  0  0  0  0  0  0  0\n    5.7042   -2.7417    0.0000 O   0  0  0  0  0  0  0  0  0  0  0  0\n    5.7125   -1.5292    0.0000 O   0  0  0  0  0  0  0  0  0  0  0  0\n    8.2542   -1.5667    0.0000 C   0  0  0  0  0  0  0  0  0  0  0  0\n    7.6667   -1.4625    0.0000 C   0  0  0  0  0  0  0  0  0  0  0  0\n    6.7375   -3.3167    0.0000 C   0  0  0  0  0  0  0  0  0  0  0  0\n    7.6417   -3.8500    0.0000 C   0  0  0  0  0  0  0  0  0  0  0  0\n    7.3375   -4.3750    0.0000 C   0  0  0  0  0  0  0  0  0  0  0  0\n    6.4292   -3.8417    0.0000 C   0  0  0  0  0  0  0  0  0  0  0  0\n    6.7250   -4.3667    0.0000 C   0  0  0  0  0  0  0  0  0  0  0  0\n    7.9500   -3.3292    0.0000 H   0  0  0  0  0  0  0  0  0  0  0  0\n  2  1  2  0\n  3  1  1  0\n  4  1  1  0\n  5 10  1  0\n  6  2  1  0\n  7  3  2  0\n  8  7  1  0\n  4  9  1  6\n 10  4  1  0\n 11  6  1  0\n 12  8  1  0\n 13 14  1  0\n 14  3  1  0\n 15  9  2  0\n 16  9  1  0\n 17 16  2  0\n 18 15  1  0\n 19 17  1  0\n  4 20  1  1\n  5 13  1  0\n  8  6  2  0\n 18 19  2  0\nM  END', 'standard_inchi': 'InChI=1S/C16H17NO2/c18-15-8-12-6-7-17-10-14(13(12)9-16(15)19)11-4-2-1-3-5-11/h1-5,8-9,14,17-19H,6-7,10H2/t14-/m1/s1', 'standard_inchi_key': 'JUDKOGFHZYMDMF-CQSZACIVSA-N'}",5.022276394711152,Oc1cc2c(cc1O)[C@@H](c1ccccc1)CNCC2
CHEMBL388509,16000.0,nM,"{'canonical_smiles': 'CC(C)[C@H](NC(=O)[C@@H]1C=C2c3cccc4[nH]cc(c34)C[C@H]2N(C)C1)C(=O)N[C@@H](Cc1ccc(F)cc1)C(=O)N1CCC[C@H]1C(N)=O', 'molfile': '\n     RDKit          2D\n\n 47 52  0  0  1  0  0  0  0  0999 V2000\n    6.2194   -3.6958    0.0000 C   0  0  0  0  0  0  0  0  0  0  0  0\n    6.2182   -4.5232    0.0000 C   0  0  0  0  0  0  0  0  0  0  0  0\n    6.9331   -4.9360    0.0000 C   0  0  0  0  0  0  0  0  0  0  0  0\n    6.9313   -3.2830    0.0000 C   0  0  0  0  0  0  0  0  0  0  0  0\n    7.6466   -3.6922    0.0000 C   0  0  0  0  0  0  0  0  0  0  0  0\n    7.6501   -4.5252    0.0000 C   0  0  0  0  0  0  0  0  0  0  0  0\n    8.3692   -4.9365    0.0000 C   0  0  0  0  0  0  0  0  0  0  0  0\n    9.0896   -4.5193    0.0000 C   0  0  0  0  0  0  0  0  0  0  0  0\n    7.1500   -5.6875    0.0000 N   0  0  0  0  0  0  0  0  0  0  0  0\n    8.1500   -5.7292    0.0000 C   0  0  0  0  0  0  0  0  0  0  0  0\n    8.3624   -3.2704    0.0000 C   0  0  0  0  0  0  0  0  0  0  0  0\n    9.0881   -3.6857    0.0000 C   0  0  0  0  0  0  0  0  0  0  0  0\n    9.8067   -3.2672    0.0000 N   0  0  0  0  0  0  0  0  0  0  0  0\n    9.8058   -2.4317    0.0000 C   0  0  0  0  0  0  0  0  0  0  0  0\n    9.0801   -2.0163    0.0000 C   0  0  0  0  0  0  0  0  0  0  0  0\n    8.3552   -2.4366    0.0000 C   0  0  0  0  0  0  0  0  0  0  0  0\n   10.5221   -3.6780    0.0000 C   0  0  0  0  0  0  0  0  0  0  0  0\n    9.0778   -1.1913    0.0000 C   0  0  0  0  0  0  0  0  0  0  0  0\n    9.7911   -0.7768    0.0000 N   0  0  0  0  0  0  0  0  0  0  0  0\n    8.3622   -0.7808    0.0000 O   0  0  0  0  0  0  0  0  0  0  0  0\n    9.7888    0.0481    0.0000 C   0  0  0  0  0  0  0  0  0  0  0  0\n   10.5021    0.4626    0.0000 C   0  0  0  0  0  0  0  0  0  0  0  0\n    9.0732    0.4587    0.0000 C   0  0  0  0  0  0  0  0  0  0  0  0\n    9.0709    1.2836    0.0000 C   0  0  0  0  0  0  0  0  0  0  0  0\n   11.2177    0.0521    0.0000 N   0  0  0  0  0  0  0  0  0  0  0  0\n   10.4998    1.2876    0.0000 O   0  0  0  0  0  0  0  0  0  0  0  0\n   11.9310    0.4666    0.0000 C   0  0  0  0  0  0  0  0  0  0  0  0\n   12.5217   -0.0064    0.0000 C   0  0  0  0  0  0  0  0  0  0  0  0\n   11.9287    1.2916    0.0000 C   0  0  0  0  0  0  0  0  0  0  0  0\n   12.6421    1.7061    0.0000 C   0  0  0  0  0  0  0  0  0  0  0  0\n   13.3551    1.2934    0.0000 C   0  0  0  0  0  0  0  0  0  0  0  0\n   14.0679    1.7072    0.0000 C   0  0  0  0  0  0  0  0  0  0  0  0\n   14.0661    2.5331    0.0000 C   0  0  0  0  0  0  0  0  0  0  0  0\n   13.3454    2.9434    0.0000 C   0  0  0  0  0  0  0  0  0  0  0  0\n   12.6356    2.5273    0.0000 C   0  0  0  0  0  0  0  0  0  0  0  0\n   14.7789    2.9486    0.0000 F   0  0  0  0  0  0  0  0  0  0  0  0\n   12.2083   -0.7542    0.0000 O   0  0  0  0  0  0  0  0  0  0  0  0\n   13.3238    0.1863    0.0000 N   0  0  0  0  0  0  0  0  0  0  0  0\n   13.9466   -0.3497    0.0000 C   0  0  0  0  0  0  0  0  0  0  0  0\n   14.6500    0.0814    0.0000 C   0  0  0  0  0  0  0  0  0  0  0  0\n   14.4573    0.8836    0.0000 C   0  0  0  0  0  0  0  0  0  0  0  0\n   13.6348    0.9482    0.0000 C   0  0  0  0  0  0  0  0  0  0  0  0\n   13.8803   -1.1721    0.0000 C   0  0  0  0  0  0  0  0  0  0  0  0\n   13.1350   -1.5258    0.0000 O   0  0  0  0  0  0  0  0  0  0  0  0\n   14.5593   -1.6406    0.0000 N   0  0  0  0  0  0  0  0  0  0  0  0\n    9.8000   -4.0958    0.0000 H   0  0  0  0  0  0  0  0  0  0  0  0\n    8.3599    0.0442    0.0000 C   0  0  0  0  0  0  0  0  0  0  0  0\n 21 22  1  0\n  7 10  2  0\n 21 23  1  1\n  9 10  1  0\n 23 24  1  0\n 11 12  1  0\n 22 25  1  0\n  5  6  1  0\n 22 26  2  0\n 25 27  1  0\n  2  3  1  0\n 27 28  1  0\n  3  6  2  0\n 27 29  1  1\n  1  2  2  0\n 29 30  1  0\n  5 11  1  0\n 30 31  2  0\n 11 16  2  0\n 31 32  1  0\n 12 13  1  0\n 32 33  2  0\n 13 14  1  0\n 33 34  1  0\n 14 15  1  0\n 34 35  2  0\n 35 30  1  0\n 15 16  1  0\n 33 36  1  0\n  6  7  1  0\n 28 37  2  0\n 13 17  1  0\n 28 38  1  0\n 38 39  1  0\n  7  8  1  0\n 15 18  1  1\n  8 12  1  0\n 18 19  1  0\n 39 40  1  0\n 40 41  1  0\n 41 42  1  0\n 42 38  1  0\n  5  4  2  0\n 39 43  1  1\n 18 20  2  0\n 43 44  2  0\n  3  9  1  0\n 43 45  1  0\n 19 21  1  0\n 12 46  1  1\n  4  1  1  0\n 23 47  1  0\nM  END', 'standard_inchi': 'InChI=1S/C35H41FN6O4/c1-19(2)31(34(45)39-27(14-20-9-11-23(36)12-10-20)35(46)42-13-5-8-28(42)32(37)43)40-33(44)22-15-25-24-6-4-7-26-30(24)21(17-38-26)16-29(25)41(3)18-22/h4,6-7,9-12,15,17,19,22,27-29,31,38H,5,8,13-14,16,18H2,1-3H3,(H2,37,43)(H,39,45)(H,40,44)/t22-,27+,28+,29-,31+/m1/s1', 'standard_inchi_key': 'VJRBXIHTQMRKQY-JXSIFGCMSA-N'}",4.795880017344075,CC(C)[C@H](NC(=O)[C@@H]1C=C2c3cccc4[nH]cc(c34)C[C@H]2N(C)C1)C(=O)N[C@@H](Cc1ccc(F)cc1)C(=O)N1CCC[C@H]1C(N)=O
